image_id,annotation_id,label_overlap,label,area_pixels,perimeter_pixels,major_axis_pixels,mean_width_pixels,orientation_degrees,aspect_ratio,solidity,rectangularity,thickness_pixels,mean_intensity,intensity_stddev,circularity,convexity,perimeter_to_major_axis,orientation_sin_2x,orientation_cos_2x,skeleton_length_pixels,skeleton_endpoint_count,skeleton_branchpoint_count
1,9,0.9721518987341772,alpha,343.0,116.08326029777527,45.343048095703125,7.564555414890688,-41.30861282348633,2.7628294809773193,0.6369545032497679,0.46092130080525245,7.564555414890688,176.73417721518987,28.50623243457763,0.31986357714271507,0.9021928959859993,2.560111531381053,-0.9917098392216719,0.12849745052305764,54.0,8.0,19.0
1,7,0.9758308157099698,alpha,1244.5,173.15432798862457,68.03767395019531,18.2913366631404,12.804267883300781,2.68826604140257,0.8718038528896672,0.7227169353169954,18.2913366631404,220.7809667673716,34.00797934138535,0.5216005762999585,0.9406821477713211,2.5449771859540107,0.43222009651953464,0.9017681454590444,61.0,10.0,18.0
1,6,0.9619520264681555,alpha,1104.5,269.546244263649,125.39462280273438,8.80819269050758,-50.9881477355957,10.695470389623996,0.8522376543209876,0.7512903025804392,8.80819269050758,208.11414392059552,36.779047062756625,0.1910332720182514,0.9639062596889993,2.1495837559772237,-0.9782335346747819,-0.2075069917802345,142.0,2.0,116.0
1,5,0.9860197368421053,alpha,1122.5,206.1248904466629,88.68466186523438,12.657205613590277,-82.76307678222656,4.91019998246972,0.828719084533038,0.700790976419453,12.657205613590277,219.1875,34.347192700154885,0.3319979010600476,0.9304243253519088,2.324245096180118,-0.24993805168739242,-0.9682618294235864,96.0,6.0,44.0
2,19,1.0,alpha,932.5,145.15432798862457,54.38960266113281,17.144820965319738,6.7098388671875,2.4056849986738107,0.890639923591213,0.7583257935931186,17.144820965319738,192.40881763527054,32.19559465260543,0.5561586875064705,0.9362424351857743,2.6687881669772313,0.23208198118768247,0.9726962290499538,56.0,8.0,28.0
2,28,0.9499192245557351,v_track,1745.0,286.6173119544983,129.00994873046875,13.526088624728498,-51.7098388671875,8.0906741964543,0.9004127966976264,0.8482692791676086,13.526088624728498,223.45072697899838,34.610360907273254,0.26693188787787875,0.955431224754185,2.2216682881822343,-0.9726962290499538,-0.23208198118768242,115.0,9.0,59.0
2,18,0.9836867862969005,alpha,1730.0,245.82337474822998,100.23976135253906,17.258620498064257,-85.42607879638672,3.8796297253236096,0.8012968967114404,0.6679690394202383,17.258620498064257,226.5785753126699,31.78773738234148,0.3597572991218624,0.915053506632921,2.45235395048158,-0.1589825099838707,-0.9872813993584749,118.0,15.0,63.0
2,27,0.9826746074715755,v_track,1716.5,298.3502861261368,131.5731964111328,13.045970203812436,70.76932716369629,6.770620938360992,0.7699035658219332,0.6713321666759499,13.045970203812436,222.2772062804548,32.530574268750414,0.2423264133594377,0.935411147512767,2.2675612834841217,0.6219865121085021,-0.783027955283271,152.0,8.0,101.0
2,23,0.9130434782608695,electron_positron,24.0,46.14213538169861,18.292728424072266,1.3119967368245224,-86.18592834472656,4.230770257255312,0.38095238095238093,0.30344061547804485,1.3119967368245224,169.02173913043478,11.542905086891748,0.14165298398758233,0.918357170703466,2.5224304604543297,-0.13274325284525632,-0.9911504572082184,17.0,4.0,5.0
3,34,0.9914853358561968,alpha,977.5,181.4385987520218,64.73966217041016,15.098935756368144,-82.09283447265625,2.717089571695837,0.782,0.6336943924629281,15.098935756368144,218.99716177861873,35.69084366021884,0.3731360963428398,0.8371606090850948,2.802587975736301,-0.27252091242046733,-0.9621498595819239,72.0,13.0,23.0
3,34,1.0,alpha,185.5,77.69848430156708,27.109745025634766,6.842557900289827,66.03750991821289,2.0227275379454053,0.7134615384615385,0.5105407771933866,6.842557900289827,196.12217194570138,38.038662241815175,0.3861256782330874,0.8694324414943646,2.8660721164325222,0.7422680671358486,-0.6701030640956743,30.0,6.0,5.0
3,44,0.5276483694551347,v_track,4649.5,667.0264731645584,174.38351440429688,26.662497403398095,75.51823139190674,1.6748369278129829,0.425252663831344,0.25607544033892105,26.662497403398095,215.2118695564108,35.439548430532966,0.13131972805974135,0.6717353141868262,3.825054652919202,0.4842529179488342,-0.874928060733018,338.0,35.0,164.0
4,47,0.9713375796178344,alpha,1768.0,274.73506212234497,100.45142364501953,17.600546969327688,42.4552001953125,3.0794032729963243,0.7097551184263348,0.5395561354650892,17.600546969327688,227.0700636942675,30.93789367711417,0.29434993760554506,0.8214056011079608,2.7350041657270885,0.996057185187943,0.08871349297300844,136.0,12.0,65.0
4,46,0.962298682284041,alpha,2592.5,335.4041088819504,141.49429321289062,18.322293720350654,58.84069633483887,5.660828123900685,0.8255054927559305,0.7330285429284062,18.322293720350654,218.21888726207908,35.70557937860426,0.28959554179646513,0.9094359533317072,2.3704426607319444,0.8855445407823775,-0.4645544815094652,152.0,14.0,82.0
4,59,0.9832785906240669,v_track,3212.0,298.5096664428711,123.22760009765625,26.065589181762302,10.619651794433594,3.90272384071012,0.9166666666666666,0.8255195771174832,26.065589181762302,230.3762317109585,30.973234903629262,0.4529691264439096,0.945197501504041,2.422425383650303,0.36226403766359266,0.9320755157258832,157.0,14.0,95.0
4,58,0.9579439252336449,v_track,599.5,98.32590091228485,31.62277603149414,18.95785491453814,-18.434947967529297,1.2195121448888033,0.9569034317637669,0.7310975572256482,18.95785491453814,202.5467289719626,27.92722792175834,0.7792255475397645,0.945042860569295,3.109338054772893,-0.5999999761129289,0.8000000179153027,28.0,8.0,9.0
4,57,0.9717125382262997,v_track,1205.0,261.1614682674408,119.40257263183594,10.091909859559546,-53.591224670410156,9.250974619620898,0.8444288717589348,0.7818927173550277,10.091909859559546,224.467125382263,29.436340715746567,0.22201315460015353,0.9549363775756587,2.187234851904758,-0.9553688976443021,-0.29541541837539725,107.0,9.0,57.0
5,72,0.979933110367893,proton,238.5,139.29646337032318,55.6185417175293,4.288138319254637,-48.179832458496094,4.958041575776032,0.4622093023255814,0.38226043713120383,4.288138319254637,158.1304347826087,20.22316240859174,0.1544607243231337,0.8578684322506485,2.504496865052129,-0.9938461448036537,-0.1107693119005213,63.0,17.0,27.0
5,60,0.999047921294827,alpha,3014.5,312.83556735515594,131.3799591064453,22.944899819595946,21.09233856201172,4.304366842053067,0.8544501133786848,0.751737682439673,22.944899819595946,203.77562678514755,39.124853522618245,0.38707302360283796,0.9232331631736589,2.3811513527850434,0.6715224484961438,0.740984211144707,144.0,9.0,79.0
6,88,0.9866164784608951,v_track,2284.0,267.50461411476135,114.06993865966797,20.022803788949176,-38.99099349975586,3.9665379672208387,0.8538317757009346,0.6962501459392944,20.022803788949176,231.63948138854036,31.784610967193004,0.40109145406289054,0.9471453759340834,2.3450929952094706,-0.9780821878359979,0.20821919661248267,112.0,8.0,50.0
6,87,0.9849183074989527,v_track,2250.0,306.7939372062683,129.4574737548828,17.380224831670915,-5.609274387359619,4.77515548645828,0.7574482410368625,0.6410852425405181,17.380224831670915,227.33263510682866,32.65275972932456,0.30039924462698564,0.9240206117152386,2.3698433802837653,-0.19455191270253452,0.9808922230621392,142.0,13.0,71.0
6,75,0.9612590799031477,alpha,343.5,149.01219260692596,66.90618896484375,5.134054193110507,8.820381164550781,7.86973938049613,0.6856287425149701,0.6038853668134256,5.134054193110507,199.08474576271186,34.17056043910148,0.19439853835834103,0.9492659265005376,2.2271809964430243,0.3030479491417108,0.9529753095022993,97.0,3.0,81.0
6,73,1.0,alpha,1035.5,132.46803629398346,45.10670852661133,22.956673936629457,-78.69007110595703,1.3939393546440073,0.9151568714096332,0.7094335254614998,22.956673936629457,246.77676120768527,11.285917746155675,0.7415454431778968,0.9372896972006672,2.9367701750135926,-0.38461526926327705,-0.9230769711402927,40.0,8.0,9.0
6,74,0.9586935638808838,alpha,919.0,272.6518018245697,120.61154174804688,7.61950296531121,12.608604431152344,8.794943162314944,0.6847988077496274,0.5556109683515212,7.61950296531121,213.15658021133524,31.833130558857807,0.15534906054586234,0.9122105924616366,2.2605780331879797,0.4260510383445044,0.9046991282882777,138.0,8.0,78.0
7,97,0.9896584142901912,v_track,3059.0,313.36247873306274,113.26822662353516,27.006691030548836,-36.416378021240234,2.638598886499832,0.8210978392162126,0.6291245745207477,27.006691030548836,218.4948292071451,36.601360121357224,0.3914671763188693,0.8384964776375877,2.766552351654383,-0.9554472625268682,0.2951618683534744,148.0,20.0,59.0
7,96,0.992619926199262,v_track,2840.0,318.9360725879669,124.31591033935547,22.84502435969311,-5.262395858764648,3.4476744069181433,0.782045986506953,0.6335649684367168,22.84502435969311,215.0040254948004,39.537760038569644,0.3508495469917215,0.889594761505394,2.5655289955834344,-0.18266095996439247,0.9831759627375389,145.0,15.0,68.0
7,90,1.0,alpha,820.0,138.71067690849304,43.60756301879883,18.804077624023737,-83.8844985961914,1.4549763377007592,0.8220551378446115,0.6274023609952343,18.804077624023737,243.7681818181818,12.032376262085767,0.5355548223384441,0.8585054954097068,3.180885775449,-0.21185364627915745,-0.9773014031291604,56.0,9.0,16.0
7,89,0.9521435692921236,alpha,1881.0,267.8822498321533,112.93389129638672,16.65576186570472,82.40535640716553,4.827683250523577,0.8251809607370038,0.7119983351387863,16.65576186570472,233.78464606181453,25.738242212954706,0.32939028356218436,0.945083112545533,2.3720270926387896,0.2620087411785609,-0.9650655001325174,156.0,3.0,119.0
8,100,0.94529262086514,alpha,739.0,104.42640614509583,32.0,23.09375,-90.0,1.103448275862069,0.9736495388669302,0.7963362068965517,23.09375,223.45928753180664,39.97774821914116,0.8515960503723908,0.95841103884002,3.2633251920342445,-1.2246467991473532e-16,-1.0,29.0,12.0,5.0
8,98,0.9453333333333334,alpha,1384.5,260.06601536273956,105.17127227783203,13.164241242062301,-86.76029968261719,5.217757092653263,0.750203196965592,0.6531043280404165,13.164241242062301,210.13866666666667,43.31885776682274,0.2572382917363319,0.8770693743013912,2.4727856735983997,-0.11284599080196604,-0.9936124910446339,111.0,18.0,48.0
8,115,0.9840319361277445,proton,898.0,240.7939372062683,101.2232894897461,8.87147616449441,24.227745056152344,5.0340139745410735,0.5964795748920625,0.44119426677392126,8.87147616449441,150.10578842315368,20.562323995379604,0.1946234222386867,0.8961845516130773,2.3788392811583217,0.7484407423800086,0.6632016700413695,119.0,4.0,68.0
8,115,0.9783057851239669,proton,1663.0,645.8965303897858,283.1256408691406,5.873717388841624,27.284210205078125,17.791887972482147,0.42154626108998733,0.3691100581476195,5.873717388841624,154.6120867768595,21.89109121471516,0.05009290406281054,0.8885477844528887,2.281307084752229,0.8148083907920655,0.5797303565407324,302.0,23.0,141.0
9,130,0.9396551724137931,proton,407.5,129.63960921764374,53.55809783935547,7.60855998325918,-34.38034439086914,3.7706423496691004,0.7231588287488908,0.5356642534043352,7.60855998325918,167.9073275862069,34.146143036037294,0.3046927009484284,0.8967356577429113,2.420541700463122,-0.9320754674875004,0.36226416177695187,56.0,9.0,15.0
9,130,0.9779202279202279,proton,1201.5,506.96759808063507,225.66424560546875,5.3242816414107335,-45.93918991088867,14.067919029094906,0.4523719879518072,0.3319159524739862,5.3242816414107335,136.95370370370372,19.687552120687748,0.05874531447651106,0.9012420976681212,2.2465570330843283,-0.9994626556708759,-0.03277804019950169,256.0,9.0,128.0
9,117,0.9600271002710027,alpha,2797.5,359.6051193475723,139.39549255371094,20.06879812790278,-75.0685806274414,4.407331994229002,0.7453043825762622,0.6345245061690077,20.06879812790278,192.53082655826557,47.7014739975509,0.2718493054506176,0.8539458535730888,2.5797471120453315,-0.4979253776321421,-0.867219878871494,141.0,26.0,51.0
9,130,0.9820359281437125,proton,266.5,164.89444243907928,55.94615936279297,4.763508398705846,-65.55604553222656,2.7479676381019584,0.3807142857142857,0.23397436164628016,4.763508398705846,136.57185628742516,22.736170729224494,0.12316719198204662,0.7598272400077974,2.9473773413075866,-0.753424650358376,-0.657534254797694,64.0,6.0,17.0
9,130,0.8909235668789809,proton,1087.5,414.94321286678314,159.7900390625,6.805805958747135,-50.19443130493164,5.8867930680088465,0.34053546265852513,0.25073134455205454,6.805805958747135,149.4609872611465,24.556967572364414,0.07937099030623776,0.8000753844819956,2.5968027500417783,-0.9836065422875784,-0.18032795115864383,206.0,11.0,113.0
10,137,0.8793650793650793,electron_positron,260.5,125.63960921764374,35.63948440551758,7.3093088843807825,-3.945186138153076,1.6496818430106508,0.416466826538769,0.33833357447933876,7.3093088843807825,118.18095238095238,20.253056654610837,0.20737883854074177,0.7691334880258636,3.525292560017862,-0.13727810336644386,0.9905325448142085,64.0,6.0,43.0
10,136,0.5734870317002881,electron_positron,290.5,132.1248904466629,49.563087463378906,5.861216781836768,40.3140983581543,3.1544118593202484,0.488645920941968,0.37303349474210334,5.861216781836768,104.22190201729106,21.839070397019263,0.2091157386621456,0.8465824650583884,2.6657921693092086,0.9866524190129933,0.16284042512781882,60.0,10.0,29.0
10,134,0.984,electron_positron,92.5,75.01219260692596,33.526939392089844,2.758975369574711,24.904769897460938,5.418848128399203,0.6006493506493507,0.44592404761070287,2.758975369574711,96.656,8.746294301016885,0.20657981140484324,0.9458340391164036,2.2373707223816535,0.763903487288576,0.6453305061039283,45.0,0.0,37.0
10,138,0.6605839416058394,proton,236.5,86.66904675960541,36.660926818847656,6.451009849494955,-32.47119140625,3.0445862475616314,0.7896494156928213,0.5357381161613067,6.451009849494955,115.43065693430657,21.404275314950954,0.39565163904915635,0.927770882985877,2.364071350074221,-0.9058823398633026,0.4235294397368239,37.0,7.0,10.0
10,138,0.8233532934131736,proton,279.5,127.29646337032318,49.430694580078125,5.654381399541286,-32.96940612792969,3.538961089947666,0.578076525336091,0.40482206310661983,5.654381399541286,108.17065868263474,9.037724074808022,0.21674994716367257,0.8732001719459633,2.575251358527886,-0.9131105715040141,0.40771201136048574,64.0,6.0,38.0
10,133,1.0,electron_positron,38.0,38.62741661071777,17.200002670288086,2.209301982588793,53.130104064941406,4.299999642372216,0.7307692307692307,0.5523253639625697,2.209301982588793,111.9090909090909,9.402654803584536,0.3200384315607268,0.9567664693632807,2.2457796868511064,0.9599999832790488,-0.2800000573289694,16.0,1.0,3.0
10,132,0.6363636363636364,electron_positron,199.0,117.5979790687561,48.3661003112793,4.114452038085689,8.130104064941406,4.956521747628854,0.5189048239895697,0.42164596432414286,4.114452038085689,124.98023715415019,12.78723752113887,0.18082697767319333,0.8956670072448095,2.431413289719607,0.28000005732896943,0.9599999832790488,66.0,3.0,47.0
11,144,0.762589928057554,electron_positron,220.5,130.81118214130402,50.75507354736328,4.3443932712310085,56.3099365234375,3.6600003589816557,0.4701492537313433,0.3132786502107041,4.3443932712310085,111.60791366906476,20.776496698714208,0.1619305224292956,0.8455482976254859,2.577302582750363,0.9230768687110181,-0.3846155150935305,71.0,5.0,40.0
11,147,0.6885245901639344,proton,1654.0,415.445739030838,150.26641845703125,11.007116673063996,-53.560890197753906,4.251435764977911,0.3914792899408284,0.31142054208559117,11.007116673063996,106.59398907103825,13.657387237821732,0.12042502666819274,0.800681227317058,2.7647277635064875,-0.9556811693663164,-0.2944036387659468,224.0,23.0,109.0
11,147,0.7119416590701915,proton,1010.0,201.82337474822998,73.65057373046875,13.713403017010982,-71.8472900390625,2.273076896813416,0.6196319018404908,0.423236615762622,13.713403017010982,104.9553327256153,15.18463730022656,0.31159344302262243,0.8631619204553185,2.740282451659124,-0.5920894133246006,-0.8058722768708018,83.0,16.0,30.0
11,143,0.8283261802575107,electron_positron,184.0,116.71067690849304,50.97587203979492,3.6095508058470918,40.46222686767578,6.1236566284605045,0.5679012345679012,0.43361003615073074,3.6095508058470918,105.23605150214593,15.61830349787876,0.16974872118803805,0.9115193203962251,2.289527814597884,0.987481218394677,0.15773662643078312,66.0,3.0,49.0
11,147,0.512489233419466,proton,1055.0,248.1076455116272,69.32962036132812,15.21716107057289,2.5261154174804688,1.4909954162644388,0.49035556588426676,0.32725864192727566,15.21716107057289,106.08785529715762,14.828477815169709,0.21536842342396958,0.7739271910162804,3.5786673029298885,0.08806383753579146,0.9961148329979178,116.0,10.0,57.0
11,142,0.8521739130434782,electron_positron,186.0,101.74011445045471,38.569557189941406,4.822456194765626,-41.18592071533203,3.5042738627106194,0.5923566878980892,0.43814885180458474,4.822456194765626,104.07391304347826,10.528582934143339,0.22580750104243658,0.8567506486769592,2.6378346515470916,-0.9911504218565166,0.1327435168045849,58.0,8.0,31.0
12,149,0.8999274836838289,alpha,1311.0,158.02438521385193,53.17910385131836,24.652540284721233,-23.198589324951172,1.557692146531805,0.8713858424725822,0.7221082269632344,24.652540284721233,201.53807106598984,39.55087553790829,0.6597271192785279,0.9239427719798642,2.9715503603758897,-0.7241379024183763,0.6896552024607037,61.0,4.0,23.0
12,164,1.0,proton,471.0,231.7056245803833,107.4463119506836,4.383584614948744,38.2901611328125,12.62621369668476,0.6242544731610338,0.5151230889269279,4.383584614948744,137.96802841918296,9.377178800604941,0.11024467426101746,0.9477265322510233,2.156478155217957,0.9726962290499538,0.23208198118768253,109.0,3.0,62.0
12,148,0.9553309422888816,alpha,2927.5,339.546244263649,138.94744873046875,21.069116610257346,50.52753829956055,4.460642018875431,0.8480590961761297,0.6763836811038304,21.069116610257346,186.69611998695794,39.399390360990175,0.31908684919871494,0.8796039349704592,2.4437026182632775,0.9814433113659382,-0.1917525138689506,146.0,17.0,45.0
12,164,1.0,proton,327.0,168.30865597724915,76.3069076538086,4.2853263230577125,32.735225677490234,11.043478656927054,0.677720207253886,0.6201916869880322,4.2853263230577125,160.7878787878788,8.938649172878925,0.14505901120216227,0.9384184136800894,2.2056804705130597,0.9097472838016349,0.4151624737564169,69.0,6.0,26.0
13,167,0.987146529562982,alpha,1104.5,144.1248904466629,49.98737335205078,22.095579862163067,-38.1572265625,1.5371328501443595,0.905327868852459,0.679448416101376,22.095579862163067,152.51756640959726,37.813974261286646,0.6681863568086553,0.9297709208283141,2.883225918505879,-0.971608832602186,0.23659306078035638,59.0,9.0,19.0
13,166,0.823019801980198,alpha,757.5,117.63960921764374,43.45991516113281,17.429854549680517,57.9946174621582,1.798245564190518,0.923217550274223,0.7211969584441298,17.429854549680517,151.47772277227722,43.05346663015238,0.6878367168959996,0.9358039589303502,2.7068531722043376,0.8988763942422683,-0.43820226822098746,44.0,8.0,21.0
13,165,0.5780141843971631,alpha,484.5,189.722869515419,73.39998626708984,6.600818673684603,36.86989974975586,3.5631067233032025,0.5118858954041204,0.32042814435860834,6.600818673684603,121.1595744680851,24.002646067853426,0.1691469908924334,0.8476926497175893,2.5847807222340657,0.9600000205633031,0.27999992949723684,81.0,11.0,21.0
13,172,0.9772946342508301,proton,8741.5,1446.2266072034836,609.8377685546875,14.334140079118603,35.02583694458008,19.112366363735482,0.5667282569937437,0.44923314170996875,14.334140079118603,153.45357181107423,28.290821513686282,0.052519808196750874,0.8556957129259064,2.3714939968887685,0.9400006995343387,0.34117251482930716,758.0,59.0,406.0
14,182,0.9758134177944141,v_track,3233.0,564.9848430156708,128.0,25.2578125,-90.0,1.4382022471910112,0.4492149506738919,0.28379564606741575,25.2578125,226.46127267492082,32.72508070784694,0.12727466849451016,0.6545746336038902,4.413944086059928,-1.2246467991473532e-16,-1.0,244.0,34.0,85.0
14,173,0.9907988289418653,alpha,2276.5,282.9188276529312,123.96805572509766,18.36360170920319,33.17851257324219,5.401122057863962,0.9203557711744491,0.8000775173351827,18.36360170920319,223.63906315349226,34.16570631308233,0.3573993999843655,0.9468454989770697,2.2821913758195174,0.9160621889586043,0.4010362402082515,146.0,5.0,114.0
15,184,0.9985007496251874,alpha,1270.5,141.15432798862457,41.0,30.98780487804878,-90.0,1.0512820512820513,0.9595921450151057,0.7945590994371482,30.98780487804878,237.3590704647676,25.757853567898998,0.8013018324135148,0.9451307578765292,3.4427884875274284,-1.2246467991473532e-16,-1.0,41.0,16.0,6.0
15,201,0.9739726027397261,v_track,1375.0,190.36753106117249,77.55318450927734,17.72976839958796,-19.025604248046875,2.999999852435573,0.8335859351318582,0.6858429208167198,17.72976839958796,224.39794520547946,34.30896877266309,0.47678963684176756,0.9419772339378246,2.4546707174661493,-0.6163655193545403,0.7874601872798446,79.0,10.0,38.0
15,200,0.9754327191513121,v_track,1643.5,358.03152549266815,151.44960021972656,10.851794904810395,-59.93141555786133,8.070387195231955,0.6859348914858097,0.5782662121128398,10.851794904810395,221.55499720826353,36.02966031678997,0.16111539283421752,0.8914192537759411,2.3640308391255425,-0.8672199451742608,-0.49792526215482574,141.0,16.0,66.0
16,206,0.9487359550561798,alpha,1333.0,211.48022890090942,56.0,23.803571428571427,0.0,1.4736842105263157,0.7850412249705536,0.6264097744360902,23.803571428571427,197.7626404494382,41.33036750890655,0.3745419522244749,0.7414508695070396,3.776432658944811,0.0,1.0,87.0,15.0,27.0
16,205,0.9913419913419913,alpha,630.0,143.0538227558136,48.19646453857422,13.071498211155658,-10.007979393005371,1.8407080651665646,0.678513731825525,0.499223592673014,13.071498211155658,181.9047619047619,42.418884722209164,0.386857907153497,0.8487748098297648,2.9681393464311046,-0.34228186579869346,0.9395973203161901,65.0,11.0,27.0
16,204,0.8854875283446711,alpha,822.0,135.39696860313416,53.11530685424805,15.47576487236764,14.036247253417969,2.257731845091824,0.8598326359832636,0.6578165363023482,15.47576487236764,211.20521541950114,44.896477749329,0.5634609192399873,0.9477754764156687,2.5491139300893524,0.4705883518869788,0.8823528789936014,63.0,7.0,26.0
16,202,0.9875311720698254,alpha,363.0,81.4558436870575,28.0,12.964285714285714,-90.0,1.5555555555555556,0.9628647214854111,0.7202380952380952,12.964285714285714,175.15461346633415,34.51583228342004,0.6874988823539785,0.9633258874313428,2.9091372745377675,-1.2246467991473532e-16,-1.0,17.0,5.0,3.0
16,209,0.935251798561151,electron_positron,101.0,84.76955199241638,33.65333557128906,3.001188389960576,74.05460357666016,3.1818185916679607,0.4156378600823045,0.2837530620418325,3.001188389960576,176.44604316546764,18.226067450307752,0.17662471007582253,0.8799059610503321,2.5189049035821727,0.5283019022756734,-0.8490565941395808,37.0,4.0,13.0
16,220,0.9674670797831139,proton,1112.0,409.8477599620819,177.44561767578125,6.2667087221719076,-69.77513885498047,12.562936379484299,0.5188987400839944,0.4436754427446776,6.2667087221719076,188.61580170410537,24.509525451040158,0.08318969263941796,0.8929550725803146,2.3097091116160047,-0.6487805333300155,-0.7609755709429973,217.0,10.0,133.0
17,232,0.9298158287705326,proton,1765.5,590.6244522333145,255.2989501953125,6.9154220910400594,-44.50178909301758,11.650392927154545,0.40665668547736955,0.3155805558781365,6.9154220910400594,147.06819313091088,31.70927588221076,0.06359965206760879,0.8849387626635061,2.3134621265832327,-0.9998487831290765,0.017389964787337536,325.0,16.0,200.0
17,232,1.0,proton,171.0,77.5979790687561,31.819805145263672,5.374011538390991,-45.0,3.0,0.7080745341614907,0.5066666669256054,5.374011538390991,116.1170731707317,10.106069232699278,0.35686598338171505,0.9231022340851254,2.438669209773789,-1.0,6.123233995736766e-17,32.0,3.0,16.0
17,234,0.88,v_track,1099.5,228.40916121006012,85.77816772460938,12.81794691080302,62.78388786315918,2.883006049621784,0.6587777112043139,0.4308114694897355,12.81794691080302,194.1175,43.2241872152232,0.2648366342177891,0.8350360422998492,2.6627889971183256,0.8134280298429994,-0.5816655742484133,95.0,19.0,30.0
17,233,0.9523809523809523,v_track,770.5,151.49747383594513,62.39023971557617,12.349688084427076,12.680381774902344,4.099359269389271,0.9064705882352941,0.8114379517333906,12.349688084427076,223.2214285714286,34.872332024347294,0.4218632797009075,0.9456178824016725,2.4282239421837435,0.42831642413070026,0.903628818055229,70.0,6.0,42.0
17,231,0.9097222222222222,proton,355.5,191.1787132024765,83.64120483398438,4.250297454533514,-37.405357360839844,6.654274774218723,0.5481881264456437,0.3381425123031806,4.250297454533514,151.10648148148147,28.543465144141923,0.12222791426220465,0.9071434819344704,2.2857001352615427,-0.9650655088546605,0.26200870905199936,85.0,7.0,31.0
17,231,0.879746835443038,proton,274.0,97.74011445045471,33.95164108276367,8.07030209031935,-65.85445404052734,2.193089510901943,0.6682926829268293,0.5212971832773834,8.07030209031935,164.35443037974684,23.855730927667086,0.36042486160476195,0.884565573500548,2.878803831961888,-0.7465347463432004,-0.6653464304422873,45.0,0.0,13.0
18,246,0.9358108108108109,proton,2430.5,540.8010774850845,217.97853088378906,11.150180662956082,19.230674743652344,6.657948604180978,0.48824829248694257,0.3405717502558651,11.150180662956082,93.16441441441441,13.655757930524787,0.10443122995347995,0.8330313333575785,2.4809832201933775,0.6219865642417401,0.7830279138720123,277.0,21.0,158.0
18,241,0.9473684210526315,electron_positron,87.5,59.69848430156708,24.40000343322754,3.586065069189453,53.130104064941406,3.2972975062836176,0.6457564575645757,0.48460335025637724,3.586065069189453,95.35087719298245,13.028297445109697,0.30852567227367145,0.9046463435546832,2.4466588484274814,0.9599999832790488,-0.2800000573289694,33.0,2.0,25.0
18,245,0.9755600814663951,proton,881.5,235.0365778207779,98.08243560791016,8.987337993153472,23.962486267089844,4.805970218999059,0.6443713450292398,0.4403732276372115,8.987337993153472,91.97963340122199,11.171118232030167,0.20052165043234457,0.8803189919661776,2.396316693850766,0.7422679779062217,0.6701031629346401,120.0,11.0,54.0
18,245,0.9243134628265238,proton,1378.0,270.2497808933258,104.52215576171875,13.18380768132504,29.19748306274414,4.377419935130769,0.673180263800684,0.5521419085225094,13.18380768132504,107.80308104487608,16.430415203385948,0.23709826749924942,0.8601137177527395,2.5855741198968345,0.8516808946675417,0.5240607347038087,134.0,17.0,67.0
18,235,1.0,electron_positron,73.0,92.08326029777527,40.31032180786133,1.8109505636782965,-22.98871612548828,10.248227708673832,0.5051903114186851,0.4604040085362709,1.8109505636782965,105.50442477876106,10.093478043043646,0.10818607108289031,0.9124137740400654,2.284359344405362,-0.7190661314471181,0.6949416512238102,46.0,3.0,29.0
19,260,0.7556818181818182,electron_positron,140.0,79.94112491607666,29.756216049194336,4.704899297966704,9.462318420410156,2.9193546696906583,0.6320541760722348,0.4615932924144529,4.704899297966704,138.0056818181818,25.608170118301214,0.2752944076219376,0.8402295896257823,2.686535303545126,0.32432419925823386,0.9459459888257391,31.0,2.0,4.0
19,262,0.9433298134459698,proton,2500.5,801.192993760109,343.6873474121094,7.27550786733413,-24.981239318847656,14.829330630235527,0.40757946210268947,0.31392168632326023,7.27550786733413,133.34107708553327,31.111501941908074,0.0489510979457704,0.8715542843670551,2.33116813811424,-0.7656233357222014,0.6432891323484403,397.0,26.0,199.0
19,262,0.9754746835443038,proton,1101.5,382.2325359582901,165.94540405273438,6.637725258422726,-27.525224685668945,9.870728144908785,0.45338547026137066,0.3948237186831903,6.637725258422726,118.35680379746836,18.90340371633557,0.09474123941007546,0.9025072503852951,2.3033631942998776,-0.8196567651137423,0.572854944469606,183.0,19.0,79.0
19,262,0.9470899470899471,proton,624.5,316.0904005765915,137.72833251953125,4.53428854162189,-29.054601669311523,10.426469478750253,0.422102061507266,0.34325995401391596,4.53428854162189,127.005291005291,24.893051102050272,0.07854520780428155,0.9003257029071963,2.295028152844054,-0.8490565589657523,0.5283019588050342,136.0,13.0,60.0
19,248,0.9525316455696202,alpha,1185.5,184.40916121006012,73.68917083740234,16.087845561674808,29.93151092529297,3.274212440522273,0.8575045207956601,0.7148272056889595,16.087845561674808,202.42246835443038,43.79507083394504,0.43807295012941994,0.9080180073235278,2.5025272928767945,0.8648275701672868,0.5020689931459087,82.0,11.0,39.0
20,267,0.9768433881779403,alpha,1516.0,272.02438521385193,100.0,15.16,0.0,4.545454545454546,0.7488268708323043,0.6890909090909091,15.16,226.23583180987205,40.4223266654291,0.25745029299461114,0.8465588156886751,2.7202438521385193,0.0,1.0,68.0,26.0,15.0
20,266,0.9650413983440662,alpha,1024.0,148.85281229019165,64.1156005859375,15.97115196055099,46.33222198486328,2.914798330706564,0.968321513002364,0.7260742572578399,15.97115196055099,222.12971481140755,40.833729656444,0.5807587104044792,0.9743782928951936,2.321631723478538,0.9989189154609858,-0.046486560791780186,52.0,0.0,34.0
20,276,1.0,proton,1177.5,298.29141104221344,130.13916015625,9.048006753587844,-26.565052032470703,6.613635757818085,0.5430020751671663,0.45981717517357307,9.048006753587844,161.08979278587873,24.094443464552285,0.16629886408677938,0.9259723265261938,2.2920957126515455,-0.8000000179153027,0.599999976112929,154.0,12.0,115.0
20,265,1.0,alpha,677.0,147.53910398483276,50.79914855957031,13.326995022487568,-4.085616588592529,2.26349226503274,0.7693181818181818,0.593819995115792,13.326995022487568,181.05263157894737,39.4389284688339,0.3908267214273793,0.8419529897436695,2.9043617495245817,-0.14213197308274966,0.9898477166855538,72.0,7.0,32.0
20,264,0.965270684371808,alpha,925.5,126.1248904466629,36.68241500854492,25.2300727687752,-18.434951782226562,1.0740741237166025,0.9268903355032548,0.7387454804738407,25.2300727687752,179.13891726251276,36.96691377774972,0.7311132977605866,0.9102605544936665,3.4382929918131877,-0.6000000826393695,0.7999999380204662,38.0,13.0,10.0
20,276,0.9844389844389845,proton,1076.0,350.96045780181885,152.26620483398438,7.066571345711028,-33.47096633911133,8.838335254565898,0.49551001611789086,0.4101811476932747,7.066571345711028,137.2039312039312,13.321397845770237,0.10977558484504836,0.8981437509470054,2.3049136752601833,-0.9201083880934743,0.39166382799542326,175.0,8.0,92.0
21,279,1.0,alpha,1108.0,155.88224983215332,60.44877243041992,18.32956990607829,54.46232223510742,1.8909091625060388,0.9241034195162635,0.5733706456999365,18.32956990607829,206.13423959218352,49.11122388092956,0.5730022058276087,0.9511933408749277,2.578749634851277,0.9459459456393514,-0.3243243252185585,55.0,1.0,24.0
21,293,0.9913700107874865,proton,1722.0,305.0782079696655,120.41832733154297,14.300148807572175,-30.43972396850586,5.321288894833846,0.7212565445026178,0.631923933262213,14.300148807572175,158.6596548004315,30.800645160055613,0.23249875828853875,0.8533417490761663,2.5334865109835474,-0.8735977177579684,0.48664877224551706,152.0,14.0,74.0
21,292,1.0,proton,1011.0,273.0782079696655,92.70368194580078,10.905715703838831,-32.82854080200195,3.2664755353197705,0.5570247933884298,0.3842701044233531,10.905715703838831,134.45341614906832,22.96073776187302,0.17036757087141038,0.7550869196307767,2.945710485688376,-0.9110947690115896,0.4121969455002283,136.0,21.0,64.0
21,292,1.0,proton,729.5,194.40916121006012,46.85821533203125,15.568241232212054,-75.46554565429688,1.3148891749112175,0.5972165370446173,0.4368606811759839,15.568241232212054,129.3530135301353,23.924123731720854,0.24255023921719202,0.7078086532968527,4.148881041083233,-0.48586116009968855,-0.8740360021798786,106.0,9.0,59.0
22,310,1.0,electron_positron,48.0,49.79898953437805,20.87103271484375,2.2998382809232902,-18.434947967529297,4.124999670148765,0.631578947368421,0.4545454113277737,2.2998382809232902,138.11267605633802,14.163580847236062,0.24322602380841624,0.902850038837882,2.3860338017179363,-0.5999999761129289,0.8000000179153027,17.0,4.0,5.0
22,297,0.8616071428571429,alpha,185.5,82.87005722522736,33.0,5.621212121212121,-90.0,3.3,0.7893617021276595,0.5621212121212121,5.621212121212121,170.23214285714286,43.489629745585994,0.33943646858614923,0.8904966274705441,2.51121385530992,-1.2246467991473532e-16,-1.0,24.0,5.0,10.0
22,298,0.9763157894736842,alpha,1077.5,144.1248904466629,57.27565002441406,18.812532019116496,-45.0,2.2500002997109587,0.9431072210065645,0.7390261422313232,18.812532019116496,224.06666666666666,39.71394352039997,0.6518522403452477,0.9448799953350816,2.516337926941534,-1.0,6.123233995736766e-17,50.0,4.0,24.0
22,313,0.9768339768339769,proton,447.0,173.13708305358887,79.0534896850586,5.654399341266331,34.15969467163086,8.205523367751681,0.7706896551724138,0.586910282015417,5.654399341266331,152.1853281853282,27.03609086847205,0.18738602312840708,0.9453325933245309,2.1901257457874426,0.9292576435457481,0.369432310324643,84.0,4.0,57.0
22,312,1.0,proton,137.5,96.46803629398346,42.30143737792969,3.2504805633800786,40.601295471191406,5.652174001688149,0.6425233644859814,0.434318143120949,3.2504805633800786,111.62146892655367,11.992850605209094,0.18567168810348325,0.9173524029108464,2.280490741534816,0.988235298528373,0.15294114797051014,40.0,5.0,15.0
22,312,0.9869848156182213,proton,391.5,168.06601536273956,67.08203887939453,5.836137460041578,26.565052032470703,4.166666627176285,0.5479356193142058,0.36250000138022187,5.836137460041578,121.53579175704989,13.150609252896286,0.17417339739746684,0.8729537096148096,2.5053802503663034,0.8000000179153027,0.599999976112929,87.0,5.0,56.0
22,312,0.99609375,proton,189.0,166.7939372062683,77.41810607910156,2.4412893775377325,36.027374267578125,9.486486518070055,0.46551724137931033,0.2991452508933308,2.4412893775377325,117.6484375,12.069842223848402,0.08537115308579897,0.9388460931518838,2.1544564398907853,0.951351360842366,0.30810807880251745,86.0,1.0,52.0
22,312,0.9883040935672515,proton,442.5,168.40916121006012,65.98915100097656,6.7056477206905045,33.11134338378906,3.195767072606709,0.5318509615384616,0.3247456265343649,6.7056477206905045,128.45808966861597,17.90615284758092,0.19606122575898385,0.8581785359682398,2.552073464433083,0.9151193834280291,0.4031829784034834,81.0,8.0,42.0
22,295,0.9908256880733946,alpha,293.5,72.04163014888763,27.71831512451172,10.588666687768969,-6.340191841125488,2.1092436871117797,0.9575856443719413,0.8057516579121772,10.588666687768969,180.03669724770643,41.23118826480639,0.7106420579338179,0.9666711473938132,2.5990623825897754,-0.21951219836453725,0.9756097553679791,26.0,1.0,11.0
22,294,0.9373716632443532,alpha,917.0,126.08326029777527,44.68113708496094,20.523201955588764,-2.602562189102173,1.656565596564642,0.9333333333333333,0.7609034261220671,20.523201955588764,201.3193018480493,46.65652485148129,0.7248770314934945,0.9535345418506755,2.821845380927272,-0.09072164901879896,0.9958762887022212,52.0,9.0,24.0
22,312,0.9675090252707581,proton,1163.0,545.5533845424652,239.68446350097656,4.8522127092115905,33.27488708496094,20.615730114775193,0.47703035274815425,0.4173483179154027,4.8522127092115905,143.29747292418773,23.663425771549992,0.04910379634704826,0.8887454441198449,2.2761316130957416,0.9174061308444222,0.3979522472471625,269.0,14.0,159.0
22,312,0.9139344262295082,proton,425.0,148.02438521385193,61.39540481567383,6.922342173261481,27.474430084228516,4.271605021826224,0.6756756756756757,0.48162418146568364,6.922342173261481,183.6065573770492,33.86467945186922,0.2437430616812058,0.8892397678313803,2.411001045734001,0.8186397675750505,0.5743073488513509,71.0,3.0,41.0
23,330,0.9970674486803519,v_track,2274.0,253.82337474822998,107.73519897460938,21.107307747544308,80.09581565856934,3.6648938996783924,0.8717653824036803,0.7180201469794526,21.107307747544308,199.69040636782572,36.76294496442594,0.4435443958001644,0.9374255233639042,2.355993001025135,0.3388753426833553,-0.9408312824950277,127.0,9.0,89.0
23,329,0.991432651118515,v_track,1983.5,263.23758828639984,113.95130920410156,17.40655736080482,14.931419372558594,4.7810814729974265,0.9026166097838453,0.7303309587900321,17.40655736080482,215.99666825321276,39.60315383595466,0.3597048241196999,0.9351128060774837,2.31008831864237,0.4979253776321423,0.8672198788714939,141.0,7.0,86.0
24,336,0.8770949720670391,electron_positron,146.5,78.32590091228485,33.941123962402344,4.316297838642075,45.0,4.363636274466169,0.6926713947990544,0.5549242812631172,4.316297838642075,117.15083798882682,14.736972729144913,0.3000797511220456,0.9467637709029183,2.3076990909036756,1.0,6.123233995736766e-17,38.0,3.0,25.0
24,339,0.9586206896551724,electron_positron,108.0,89.39696860313416,36.52791213989258,2.9566431168140017,65.2248592376709,3.845589252592706,0.41379310344827586,0.3112697750210248,2.9566431168140017,109.22068965517241,14.030247602955546,0.16981968647520607,0.8917879811001691,2.4473604804119815,0.7609756141381725,-0.6487804826650007,44.0,4.0,27.0
24,339,0.9615384615384616,electron_positron,139.0,96.42640614509583,34.67304611206055,4.0088776610731855,81.11934089660645,2.468131805766811,0.3696808510638298,0.28536398067665436,4.0088776610731855,111.42857142857143,18.04094418787315,0.18785930134408668,0.8708981305958983,2.7810191764938477,0.30505242931993637,-0.9523355581757962,45.0,4.0,22.0
24,336,0.95,electron_positron,134.5,112.61017167568207,48.08325958251953,2.7972313268232947,45.0,7.555556221579908,0.5243664717348928,0.43954255052753066,2.7972313268232947,108.13333333333334,17.437634905889865,0.13328365913646129,0.9079671092575885,2.341982899109049,1.0,6.123233995736766e-17,55.0,0.0,32.0
24,337,1.0,electron_positron,41.0,34.97056245803833,15.227017402648926,2.6925824615441463,21.801406860351562,3.4166667379957443,0.7961165048543689,0.6041667052976637,2.6925824615441463,103.80701754385964,13.560053040950008,0.4212971156834662,0.9599517873163219,2.296612759630443,0.6896551060359032,0.7241379942515149,12.0,3.0,4.0
24,331,0.9873417721518988,alpha,429.0,97.11269783973694,36.0,11.916666666666666,-90.0,1.894736842105263,0.9127659574468086,0.6271929824561403,11.916666666666666,161.6983122362869,44.09511819496854,0.5716301377359873,0.9690824743994944,2.697574939992693,-1.2246467991473532e-16,-1.0,21.0,4.0,0.0
24,340,0.9611906556141673,proton,2440.5,515.7127648591995,215.73101806640625,11.312698664634151,-44.56594467163086,7.631797943544018,0.5226469643430774,0.4002031380490314,11.312698664634151,156.88018085908064,27.9428708387906,0.11531157756852041,0.8660468624343188,2.390535999326963,-0.9998852198979867,0.01515080953463011,253.0,29.0,112.0
25,348,0.9716981132075472,electron_positron,230.5,217.3208485841751,97.19268798828125,2.371577582336152,35.89266586303711,10.664329415172295,0.3688,0.2602179762197754,2.371577582336152,93.9433962264151,11.923891392910395,0.0613307124050094,0.912222888461853,2.235979404236438,0.9498920596333253,0.31257811031094146,97.0,12.0,41.0
25,346,0.7673568818514007,electron_positron,620.5,469.8305150270462,161.99229431152344,3.8304291116880633,-27.878192901611328,4.145902288826071,0.1671605603448276,0.098032964400109,3.8304291116880633,89.20706455542022,17.955174901846,0.03532394575298843,0.7343445654233666,2.900326321223197,-0.826652470454909,0.5627127980513645,247.0,19.0,145.0
25,350,0.9895068205666316,proton,853.5,236.35028612613678,95.21573638916016,8.963854425403223,-47.48955154418945,5.516014080731502,0.6324564653575399,0.5192917589385004,8.963854425403223,83.18363064008395,7.871666395001291,0.1919999540110366,0.8795203697437857,2.482260759504498,-0.9962264192685895,-0.08679240491704622,103.0,12.0,33.0
25,345,0.7291666666666666,electron_positron,209.0,69.11269783973694,28.226625442504883,7.404356586149993,66.03751182556152,2.647619006726087,0.8744769874476988,0.6945185590817305,7.404356586149993,114.0625,25.614779465834417,0.5498452249521895,0.9531187898261163,2.4484931073504814,0.7422680225210369,-0.6701031135151586,26.0,4.0,10.0
25,345,0.8407079646017699,electron_positron,88.5,53.21320307254791,22.256189346313477,3.9764219571873465,85.23635816574097,3.3086417407676256,0.7797356828193832,0.5911414331417973,3.9764219571873465,97.63716814159292,16.37668423921166,0.392748316522254,0.9288783465721868,2.390939537965522,0.16551724632044526,-0.9862068957224427,28.0,1.0,18.0
25,345,0.8,electron_positron,99.5,61.012192606925964,26.247562408447266,3.790828209174116,-50.19443130493164,4.2708337762307105,0.77431906614786,0.6168190746131366,3.790828209174116,93.56,9.065450898879751,0.335892014909875,0.9423038179909591,2.3244898576673307,-0.9836065422875784,-0.18032795115864383,31.0,1.0,22.0
25,350,1.0,proton,424.0,111.74011445045471,45.044803619384766,9.412850449580695,-38.1572265625,2.7750862262648632,0.7962441314553991,0.5798997783016462,9.412850449580695,85.12262156448203,9.51319190328411,0.4267342459330033,0.9200178114328138,2.4806438361819834,-0.971608832602186,0.23659306078035638,58.0,8.0,24.0
25,344,0.949238578680203,electron_positron,139.5,125.01219260692596,42.28908157348633,3.2987238031544597,-84.2894058227539,2.374301590427515,0.2787212787212787,0.1852053740774831,3.2987238031544597,90.51269035532994,11.782982281332353,0.11217067333092569,0.8306930327866551,2.95613401746951,-0.19801983755550268,-0.9801980126150492,71.0,5.0,41.0
25,350,0.9942233632862645,proton,1396.0,399.0437180995941,179.702392578125,7.768399629921976,-50.74415969848633,11.768268217036157,0.6390478370336461,0.508733407221061,7.768399629921976,107.03915275994865,14.332396664458983,0.11016771088978991,0.9190074736352445,2.2205809971400976,-0.9799653283975076,-0.19916815794389686,209.0,9.0,132.0
25,341,0.9982248520710059,alpha,1616.5,164.46803629398346,53.0,30.5,0.0,1.2926829268292683,0.9511621065019124,0.7439024390243902,30.5,183.83846153846153,41.87513772829074,0.7509699494782031,0.9347748924002272,3.1031704961128956,0.0,1.0,48.0,11.0,9.0
26,361,0.9672131147540983,electron_positron,21.0,99.53910398483276,44.04365539550781,0.4767996618677993,39.98688507080078,11.496780720568935,0.1596958174904943,0.12445972322030743,0.4767996618677993,99.68852459016394,24.437636240771738,0.02663432560085031,0.9156517665976933,2.2600100534567606,0.98472815413499,0.1740990018750692,38.0,3.0,5.0
26,366,0.9630454140694568,proton,2010.5,545.6295045614243,224.07949829101562,8.972262145057694,-72.55281066894531,10.746405925743794,0.5364909939959973,0.4302918018753911,8.972262145057694,170.2261798753339,44.30790178469845,0.0848629742109431,0.8446894458276787,2.434981819946805,-0.572065404890572,-0.8202080056469736,254.0,32.0,108.0
26,365,0.9437916798983804,proton,2794.5,822.5655771493912,345.6810302734375,8.08404209449827,-71.25865936279297,17.71403985640045,0.4737645164024752,0.4142577443416197,8.08404209449827,161.59765004763418,35.745266960395966,0.051900664192042374,0.8587177529531239,2.379550814514562,-0.6085215952529639,-0.7935373136222316,404.0,26.0,199.0
27,385,0.9948936170212765,v_track,1073.0,255.0193328857422,116.49681854248047,9.210551956908002,55.145545959472656,9.212050406804243,0.8212782242632989,0.7283294939988958,9.210551956908002,211.98127659574467,41.07197199400934,0.20733058607403898,0.9465614447178287,2.1890669296925873,0.937942863216008,-0.3467898287755237,132.0,6.0,96.0
27,384,0.9885350318471338,v_track,1461.5,237.78174459934235,100.09996795654297,14.60040427420007,-1.1457628011703491,4.82273565935511,0.8497093023255814,0.7034356930539145,14.60040427420007,201.00700636942673,42.43536053248816,0.32482665916617026,0.9109618015715372,2.375442764403002,-0.03998400510676437,0.999200319923699,137.0,6.0,100.0
28,399,0.9704030226700252,v_track,1474.5,275.11983811855316,116.19059753417969,12.690355599266521,56.63363265991211,5.391304486350916,0.7306739345887017,0.588839136106411,12.690355599266521,220.81863979848865,37.54969644265793,0.24479966906171582,0.9035810720000896,2.367832199482591,0.9186722176337512,-0.39502070394839517,127.0,17.0,60.0
28,398,0.9862298195631529,v_track,1990.0,254.02438521385193,106.5847396850586,18.67059023533896,-2.2457425594329834,4.324324449812513,0.8743409490333919,0.7574976500920714,18.67059023533896,215.4453941120608,38.3121719140601,0.38753606262092444,0.9308537279635505,2.3833091487998628,-0.07831094027416362,0.9969289827431924,126.0,7.0,58.0
29,419,0.9955357142857143,v_track,822.5,171.09545290470123,73.5316162109375,11.185664648530556,66.80141067504883,4.590164371648617,0.8392857142857143,0.6982580009611867,11.185664648530556,213.16071428571428,35.249760275635815,0.3530765181778597,0.9328966585420462,2.326828400097801,0.7241379024183762,-0.6896552024607038,84.0,8.0,48.0
29,419,0.9932203389830508,v_track,549.0,94.08326029777527,34.64822769165039,15.844966296278965,45.0,1.633333117541469,0.9716814159292035,0.7469388745756099,15.844966296278965,215.7593220338983,35.976636103213984,0.7793947767945767,0.9581941693143292,2.7153844962883245,1.0,6.123233995736766e-17,32.0,0.0,14.0
29,418,0.9963087248322148,v_track,2864.0,273.0782079696655,110.37062072753906,25.94893442766867,-58.495731353759766,3.3001643181617535,0.8979463865809688,0.7758925964900719,25.94893442766867,232.23087248322148,29.93945321762434,0.48262386051010825,0.9246012945197539,2.474192916281466,-0.8910741606352087,-0.4538577312862019,112.0,16.0,39.0
29,402,0.9755201958384333,alpha,1551.0,186.36753106117249,78.5425033569336,19.747269741983345,77.19573402404785,3.1985553139701866,0.9497856705450092,0.80418540115258,19.747269741983345,228.80905752753975,31.745530684661706,0.5611528308294486,0.9530948580104397,2.372823924572813,0.4322200364806878,-0.9017681742358359,77.0,4.0,47.0
30,433,0.9649223691776884,v_track,1637.5,249.46298396587372,108.88856506347656,15.038310028655625,57.15494155883789,4.751276143102468,0.7849952061361457,0.6561861076053085,15.038310028655625,223.4151811385854,35.676427765580215,0.33065793327698806,0.9474450667587763,2.29099340064266,0.9113322797538012,-0.41167156311644787,98.0,18.0,41.0
30,432,0.9976865240023135,v_track,1606.5,282.3502861261368,111.0,14.472972972972974,0.0,4.625,0.764817900499881,0.6030405405405406,14.472972972972974,206.06535569693463,40.91712917922844,0.25322940208897654,0.8541753786519442,2.543696271406638,0.0,1.0,114.0,18.0,34.0
30,420,0.8921232876712328,alpha,501.5,186.61017167568207,69.35101318359375,7.231329103619196,6.3401947021484375,2.962264512181123,0.47921643573817485,0.30887954762600683,7.231329103619196,205.12157534246575,43.65682579636529,0.18097149602193044,0.8454366468179559,2.6908067108070473,0.2195122957972589,0.9756097334456113,68.0,12.0,11.0
31,440,0.9247311827956989,proton,647.5,226.20815074443817,81.31727600097656,7.962637607194614,-45.0,3.3823528898418993,0.5320460147904683,0.3312020722525807,7.962637607194614,127.81989247311829,14.375057998545888,0.1590131855474918,0.7720616064711212,2.7817969547051917,-1.0,6.123233995736766e-17,133.0,16.0,76.0
31,434,0.9095100864553314,alpha,1656.0,172.56854152679443,67.0,24.71641791044776,-90.0,2.161290322580645,0.9639115250291036,0.797303803562831,24.71641791044776,219.0749279538905,46.16541027937277,0.6987904147409341,0.9576992170337874,2.5756498735342452,-1.2246467991473532e-16,-1.0,68.0,8.0,25.0
31,440,1.0,proton,144.5,74.66904675960541,30.41305923461914,4.751248431973455,-46.73570251464844,3.497536401226502,0.756544502617801,0.5463989733456882,4.751248431973455,114.82386363636364,7.658751594183257,0.32568405521738225,0.9173364374783446,2.4551639538652443,-0.9981651419988946,-0.06055038644242167,35.0,4.0,17.0
31,440,0.9879518072289156,proton,325.0,220.2497808933258,97.5013198852539,3.3332882096620007,-45.725223541259766,7.671831044572953,0.41191381495564006,0.2622777209322836,3.3332882096620007,132.8530120481928,11.013029931719787,0.08419033835338055,0.9107981675583344,2.2589415317918826,-0.9996795905446082,-0.025312373428119143,95.0,5.0,23.0
31,440,1.0,proton,366.5,128.46803629398346,53.364891052246094,6.867811266422032,-49.398704528808594,4.205128143467418,0.7603734439834025,0.5411802754769861,6.867811266422032,157.0094786729858,16.502330876962887,0.27905748222475785,0.8896404409047326,2.407351233383176,-0.988235298528373,-0.15294114797051026,63.0,2.0,33.0
32,452,0.9249313396399146,proton,3033.0,584.5828220844269,223.5205078125,13.569224719837473,40.06078338623047,4.885931264074414,0.4813521663228059,0.2966094696935799,13.569224719837473,164.5090021361001,40.95118294917157,0.11152960788825719,0.8136856758079546,2.6153431190967216,0.9851739724024196,0.17155828193601333,289.0,25.0,148.0
33,466,0.9869565217391304,proton,403.5,125.49747383594513,42.37451934814453,9.522231902735864,-71.56504821777344,2.1269843974852387,0.6658415841584159,0.4779673963957827,9.522231902735864,157.7086956521739,24.357347129115805,0.3219462977679621,0.8448213358884112,2.9616258960926793,-0.6000000826393694,-0.7999999380204662,43.0,10.0,5.0
33,466,0.9885786802030457,proton,1408.5,385.6051193475723,151.6053924560547,9.290566629470497,-63.4349479675293,6.163635545891757,0.5083919870059556,0.3777152368473895,9.290566629470497,143.45241116751268,24.203798822395765,0.11903676980461307,0.8217553050487828,2.543478916552037,-0.8000000179153028,-0.5999999761129288,187.0,19.0,80.0
33,467,0.9706303724928367,v_track,5303.0,661.068103313446,210.1005401611328,25.24029684042202,-0.33118578791618347,2.605964753899016,0.49498296541746395,0.3130659440172942,25.24029684042202,206.33918338108882,44.591836409871746,0.152489199797115,0.7351003562533505,3.146436952548774,-0.011560307366471524,0.9999331774141673,343.0,34.0,161.0
33,466,1.0,proton,481.0,200.99494767189026,77.7755126953125,6.184465821322573,-66.03751373291016,4.453488429241096,0.4319712617871576,0.35412748848336534,6.184465821322573,132.31690140845072,19.49905007376025,0.14961828028479926,0.8534022254689534,2.584296016913356,-0.7422679779062218,-0.67010316293464,94.0,8.0,45.0
33,465,0.9967148488830486,proton,1321.0,463.78888487815857,178.8936767578125,7.384274413390133,-70.09625244140625,9.439692057999393,0.4671145685997171,0.3896463966612663,7.384274413390133,147.0203679369251,19.310186192722206,0.07717417744890191,0.7990175554279613,2.592539285253996,-0.6402101966118112,-0.7681997814073277,228.0,31.0,104.0
33,464,0.6234772978959026,proton,777.0,298.04877042770386,103.3840103149414,7.515668986267844,-72.59729766845703,5.137296712435049,0.45200698080279234,0.37346415037765057,7.515668986267844,176.62901439645626,34.442092249443405,0.10991481006383955,0.7474924625461106,2.8829290866135886,-0.5707910234651181,-0.8210953705457381,129.0,28.0,33.0
34,469,0.9993815708101422,alpha,1532.0,202.7939372062683,85.09589385986328,18.00321884535242,43.9583740234375,3.235581657273771,0.9091988130563798,0.6845322614959057,18.00321884535242,209.26468769325913,38.90122526275076,0.46812161561144144,0.9454196900380691,2.383122475218737,0.9993390623548197,0.03635159490021935,87.0,2.0,59.0
34,477,1.0,proton,222.5,149.78174459934235,64.9625244140625,3.4250516279480543,-69.32557678222656,8.03493475330179,0.49444444444444446,0.42362987900290716,3.4250516279480543,154.39721254355402,24.411164248459677,0.12462986075364324,0.9092682973906934,2.305663856974729,-0.6606419040949632,-0.7507011885922263,75.0,5.0,42.0
34,468,0.9915682967959528,alpha,1094.5,204.61017167568207,63.0,17.373015873015873,-90.0,2.52,0.7715897074374339,0.6949206349206349,17.373015873015873,215.75379426644182,39.64913686198404,0.328527092694906,0.7581194996623746,3.247780502788604,-1.2246467991473532e-16,-1.0,83.0,5.0,35.0
34,477,1.0,proton,24.5,123.15432798862457,54.998199462890625,0.44546912879449957,-69.04421997070312,11.778722611613858,0.1678082191780822,0.09540416506995082,0.44546912879449957,117.60759493670886,25.341923898431588,0.020299091016289,0.9116463248349861,2.239242905974067,-0.667982714981658,-0.7441767884620786,54.0,2.0,4.0
34,477,1.0,proton,225.0,492.70057225227356,218.09637451171875,1.0316540130652667,-66.03750610351562,24.409093106843525,0.13208100968594072,0.1154615197769177,1.0316540130652667,141.8013856812933,19.412200585384,0.011647326470137638,0.8967772090777838,2.2590956560160507,-0.7422681563654623,-0.6701029652566967,214.0,15.0,43.0
35,481,0.9635036496350365,alpha,505.5,93.35533845424652,28.0,18.053571428571427,0.0,1.1666666666666667,0.9395910780669146,0.7522321428571429,18.053571428571427,187.52737226277372,48.16150197675564,0.7288744191892117,0.9511437741578384,3.3341192305088043,0.0,1.0,27.0,4.0,15.0
35,478,0.7892335766423357,alpha,1028.5,149.9827550649643,61.252342224121094,16.791194632798515,-12.094756126403809,2.8290323302445888,0.9392694063926941,0.7755267921968519,16.791194632798515,211.59032846715328,44.73603702443067,0.5745548646398827,0.9473243442272824,2.448604406280178,-0.4097560672920706,0.9121951355479463,66.0,8.0,33.0
35,497,0.9268578115857227,proton,3028.5,958.8397432565689,417.72515869140625,7.249982283775489,-49.57392120361328,24.28852702201544,0.47368421052631576,0.4215484438625862,7.249982283775489,146.13136337039205,28.984681583299807,0.04139476182629684,0.8827359699145312,2.2953842336437056,-0.9872813993584749,-0.15898250998387073,484.0,31.0,275.0
36,517,0.9876783398184177,proton,1330.0,441.0538227558136,206.05361938476562,6.454630614939503,-89.57559204101562,18.720052733597257,0.7287671232876712,0.586405741613934,6.454630614939503,160.8508430609598,27.89897112942394,0.08591684561478881,0.9595332142103422,2.1404808324780267,-0.014814090615034966,-0.9998902653387768,276.0,3.0,181.0
36,498,0.9171471927162367,alpha,3095.0,483.32798886299133,201.4835205078125,15.36105777881716,55.20397186279297,6.506067770266417,0.6247476786435204,0.4960211270880955,15.36105777881716,220.96691957511382,40.71587549369538,0.16648941482069501,0.8758947914302478,2.3988462562338957,0.9372336530028195,-0.3487019926513048,219.0,24.0,83.0
36,517,1.0,proton,154.5,68.38477599620819,29.950620651245117,5.158490763815843,-84.2894058227539,3.810126609921093,0.8419618528610354,0.6562302382681958,5.158490763815843,131.70053475935828,9.01016358577225,0.4151638115146852,0.9619412449802262,2.2832507143175103,-0.19801983755550268,-0.9801980126150492,46.0,1.0,37.0
36,516,1.0,proton,238.5,191.01219260692596,84.0,2.8392857142857144,-90.0,10.5,0.3859223300970874,0.3549107142857143,2.8392857142857144,158.11246200607903,15.00241509491609,0.08214404175347212,0.9326574370062167,2.273954673891976,-1.2246467991473532e-16,-1.0,89.0,11.0,30.0
37,529,0.8859649122807017,electron_positron,79.0,78.76955199241638,35.1066780090332,2.250284119154559,68.83874130249023,5.0085839233958644,0.4463276836158192,0.3210425338270544,2.250284119154559,142.88596491228068,14.437256125033837,0.16000008173889652,0.9454755325559637,2.243719897739923,0.6733031385325912,-0.7393665421441264,48.0,0.0,37.0
37,528,0.9695121951219512,electron_positron,123.5,87.69848430156708,37.29627227783203,3.311322887177797,-84.95755004882812,5.440170778177346,0.6317135549872123,0.48300167571013947,3.311322887177797,134.8841463414634,7.69653025264016,0.20178675048329867,0.9231840122187039,2.351400795454104,-0.17510725771477983,-0.98454936305683,49.0,0.0,34.0
37,526,0.8414634146341463,electron_positron,61.0,44.97056245803833,18.96854019165039,3.2158510556785544,-72.89727020263672,3.5833332657741104,0.7439024390243902,0.6075041067556783,3.2158510556785544,137.01219512195124,13.08927498265956,0.3790382691154752,0.9471332207720478,2.3707972254941136,-0.5621621860744124,-0.8270270107729479,18.0,3.0,4.0
37,520,0.9751000444642063,alpha,2112.0,328.3330411911011,135.20068359375,15.621222791640031,-29.592294692993164,5.934966638673686,0.7685589519650655,0.6857320071121181,15.621222791640031,197.82214317474433,46.10423194590093,0.24619237568976693,0.8828611057778724,2.42848654654494,-0.858822143764804,0.5122738773148854,133.0,11.0,68.0
37,532,0.9594594594594594,proton,962.5,176.06601536273956,73.7110595703125,13.057742021492412,-46.63657760620117,3.6794357677708103,0.8726201269265639,0.6518034514803465,13.057742021492412,183.03571428571428,35.71178707475741,0.3901750825950477,0.915967197197024,2.3885969946584655,-0.9983686775044532,-0.0570962676364139,86.0,9.0,40.0
37,532,0.9443079443079443,proton,2254.0,469.269113779068,210.73031616210938,10.696135425839993,-43.781124114990234,12.398230949496147,0.724293059125964,0.629302701632335,10.696135425839993,174.01187551187553,25.956104314625232,0.12862335514051423,0.9180980678796113,2.226870449043845,-0.9990950216595501,0.042533959316092274,262.0,15.0,159.0
38,536,0.9749247743229689,alpha,929.0,152.22539567947388,61.25962448120117,15.164964001453903,73.00917625427246,2.659746245901816,0.8566159520516367,0.6584264336207422,15.164964001453903,112.10431293881645,23.734555796790822,0.5037921021156027,0.9298604724693579,2.484922115808717,0.5589273243544886,-0.8292166460521233,62.0,5.0,19.0
38,540,0.9846153846153847,electron_positron,96.0,80.91168737411499,34.9777946472168,2.744598422177505,60.255117416381836,4.33846197885967,0.48854961832061067,0.3404255763392682,2.744598422177505,107.40769230769232,11.342022715985872,0.1842716737255967,0.9284221002500841,2.31323009898662,0.8615384843406804,-0.5076922689976314,42.0,1.0,28.0
38,534,0.9799833194328608,alpha,1132.5,144.6690467596054,41.0,27.621951219512194,0.0,1.0789473684210527,0.9147819063004846,0.7268934531450578,27.621951219512194,191.48540450375313,47.498944236358014,0.6799810894859859,0.9415660475856279,3.528513335600132,0.0,1.0,43.0,6.0,6.0
39,546,0.9983974358974359,alpha,1138.0,246.16652059555054,65.0,17.50769230769231,-90.0,1.8571428571428572,0.6345135210482297,0.5002197802197802,17.50769230769231,145.54166666666666,34.64381296435775,0.23599029960151088,0.6849470346565252,3.787177239931547,-1.2246467991473532e-16,-1.0,118.0,15.0,36.0
39,562,0.9847775175644028,proton,744.0,252.7939372062683,108.74356079101562,6.84178442004328,66.03751182556152,6.865384540123367,0.5760743321718932,0.431947240301357,6.84178442004328,131.5655737704918,13.570348749608906,0.14630174009208655,0.8937003596345696,2.324679598197911,0.7422680225210369,-0.6701031135151586,121.0,12.0,60.0
39,551,0.8939393939393939,electron_positron,46.0,42.97056245803833,18.22120475769043,2.5245312048087967,-6.34019136428833,3.9285713477935773,0.6814814814814815,0.5442999565457788,2.5245312048087967,132.01515151515153,14.237692637632918,0.3130585857466584,0.9279416547604121,2.358272300293547,-0.21951218212575013,0.9756097590217061,23.0,3.0,15.0
39,545,0.992548435171386,alpha,620.5,116.81118214130402,35.0,17.728571428571428,0.0,1.25,0.8356902356902357,0.6331632653061224,17.728571428571428,132.23994038748137,24.594729107014256,0.5714560194614157,0.8685231160561862,3.3374623468944002,0.0,1.0,48.0,7.0,19.0
39,562,1.0,proton,437.0,285.36247873306274,123.97600555419922,3.524875624492955,62.32792282104492,10.829245016606453,0.4097515236755743,0.3078962063672083,3.524875624492955,121.86846846846846,10.156380695187835,0.06743689463848605,0.8836616963458541,2.301755710368563,0.8225825058178395,-0.5686457782507877,137.0,7.0,73.0
39,565,0.9709187045604759,v_track,1420.5,197.49747383594513,84.61216735839844,16.788365602113416,3.8140716552734375,4.103225842256494,0.9203109815354713,0.8141436124198779,16.788365602113416,220.54857898215465,37.756627335642676,0.45764425209135123,0.9648859705494035,2.3341498037674593,0.13274325284525648,0.9911504572082184,112.0,2.0,76.0
39,564,0.9539295392953929,v_track,2417.0,373.90663504600525,146.65943908691406,16.48035758931019,-83.84483337402344,4.967316153971729,0.6445333333333333,0.5581853236742365,16.48035758931019,208.54045683313976,40.40355623782586,0.21725019288314218,0.8563714144716151,2.5494890569192674,-0.21320659226467215,-0.9770071386714049,175.0,20.0,69.0
40,579,0.8299319727891157,electron_positron,234.0,132.911687374115,43.691307067871094,5.3557564582926975,-35.311214447021484,2.1416669019616497,0.41379310344827586,0.26252925608004063,5.3557564582926975,116.32993197278911,23.20105825338587,0.16645597089395023,0.7667404248674564,3.04206251297648,-0.9433526128233602,0.3317918743419424,63.0,6.0,30.0
40,579,0.6507352941176471,electron_positron,234.5,85.84061968326569,33.941123962402344,6.909022820215473,-45.0,2.5263159986902,0.7552334943639292,0.5142544750539433,6.909022820215473,121.09926470588235,26.65136569815873,0.39991438197904033,0.9100684779238509,2.5291036259834545,-1.0,6.123233995736766e-17,37.0,7.0,19.0
40,573,0.855457227138643,electron_positron,265.5,171.09545290470123,58.36334991455078,4.549087747511341,70.11483573913574,2.488907925824385,0.28095238095238095,0.19399607059273305,4.549087747511341,102.80530973451327,13.57978178328528,0.11397181225072552,0.7929062630529062,2.9315564160590584,0.6397117465300167,-0.7686149109609542,87.0,8.0,45.0
40,581,0.5808426359380626,proton,2432.0,848.714852809906,264.4037780761719,9.198053135607491,48.179832458496094,3.8520004632724327,0.2145566828407587,0.13400302067301492,9.198053135607491,129.01620453727045,35.75195762723019,0.04242773323181127,0.6593172614759275,3.209919536646713,0.9938461448036537,-0.1107693119005213,446.0,27.0,262.0
40,581,0.8991416309012875,proton,794.0,353.5289993286133,163.66976928710938,4.851231864371764,49.51398849487305,15.056309939609894,0.604031951312286,0.4462745371795766,4.851231864371764,111.42703862660944,23.575011290022477,0.07983260089141457,0.9320297864087195,2.160014038441351,0.9876118373754635,-0.15691672529039413,169.0,8.0,78.0
40,568,0.7613168724279835,electron_positron,200.5,94.18376553058624,34.0,5.897058823529412,-90.0,3.090909090909091,0.7523452157598499,0.536096256684492,5.897058823529412,121.13580246913581,17.323658092499905,0.2840351846548661,0.8303295415633373,2.7701107508995952,-1.2246467991473532e-16,-1.0,38.0,7.0,20.0
40,581,0.8915569326103796,proton,2331.0,635.8620405197144,287.56390380859375,8.106024327557966,49.82076644897461,17.125373025825564,0.5216515609264853,0.4827403179859685,8.106024327557966,127.79124709527498,23.39972328138464,0.07244798964500206,0.9224167042151165,2.211202560885223,0.9858748897314051,-0.16748343738140117,338.0,15.0,219.0
40,581,0.8747044917257684,proton,764.0,196.7939372062683,85.62995910644531,8.922110999145557,46.888187408447266,5.474677969964655,0.7231424514907714,0.5704275120799974,8.922110999145557,156.63120567375887,25.178768312283513,0.24790186459851773,0.9234318744528365,2.2981902509335166,0.9978287106637966,-0.06586246408254968,87.0,6.0,33.0
41,584,0.9957512553109309,alpha,2432.0,367.50461411476135,124.06171417236328,19.603146838847778,-87.7688217163086,3.8798701732518532,0.6924829157175398,0.6130631454620422,19.603146838847778,206.156044804944,37.949993310090555,0.22628087131222138,0.7771101494790922,2.962272579953025,-0.07780410231796578,-0.9969686663393668,173.0,24.0,73.0
41,585,0.9977728285077951,alpha,404.5,98.18376553058624,40.496551513671875,9.98850482030398,-70.01689147949219,3.1184211270351776,0.9256292906178489,0.7691609111114751,9.98850482030398,211.59020044543428,37.72537610103153,0.5272893768319871,0.9471772328323628,2.424496947534874,-0.6423358198925555,-0.7664233128519503,50.0,4.0,35.0
41,599,0.8785166240409207,v_track,1464.5,242.14927566051483,106.42379760742188,13.761019930920671,-32.00538635253906,6.275000402050988,0.896541169268442,0.8113824871922903,13.761019930920671,222.62979539641947,34.08405672709789,0.31385777489354005,0.9439351958621206,2.2753301526953558,-0.8988764525924218,0.43820214852835193,97.0,8.0,53.0
41,598,0.9966521593572146,v_track,2803.5,403.52185904979706,176.08737182617188,15.921073560956605,-78.85101318359375,7.143521726457359,0.7708276051690954,0.6458869464159682,15.921073560956605,214.88282557750253,37.30500687999863,0.21635966135699103,0.9221654394124583,2.2916002145124956,-0.37942343760380376,-0.925223137949388,217.0,11.0,136.0
41,583,0.9655819774718398,alpha,1464.5,283.63960921764374,128.06890869140625,11.435250092814071,-84.18437194824219,7.387354194767845,0.7804423128164135,0.6596155429490123,11.435250092814071,221.5287859824781,33.76972538893465,0.22875230733858398,0.9550723982981686,2.2147421424594107,-0.2016122709683379,-0.9794654114337011,151.0,5.0,80.0
42,603,0.9924568965517241,alpha,838.0,206.16652059555054,52.45000457763672,15.977119673261207,76.7594804763794,1.6155202792857872,0.6624505928853754,0.49211360503359547,15.977119673261207,194.94827586206895,36.1511958660373,0.2477522455950611,0.6879100319171737,3.930724549134824,0.44590162711005565,-0.895081973307811,99.0,13.0,37.0
42,602,0.9548022598870056,alpha,320.0,76.76955199241638,28.968473434448242,11.046491653214552,-68.19859313964844,1.8139535355904746,0.9302325581395349,0.6917113749732826,11.046491653214552,211.24293785310735,37.35155580846024,0.6823101470374329,0.9397683513803151,2.6501069228289005,-0.6896551060359033,-0.7241379942515149,26.0,10.0,3.0
42,621,0.9913406029506093,v_track,5953.5,646.256921172142,137.6102752685547,43.263484419178646,49.82076644897461,1.0445933848099591,0.4743824701195219,0.3284111563610086,43.263484419178646,215.84124438742782,33.46935457922517,0.1791314360187431,0.6910437837908682,4.696283906931608,0.9858748897314051,-0.16748343738140117,319.0,27.0,138.0
42,601,0.9851687059695958,alpha,2551.0,327.2792184352875,136.93988037109375,18.628612739306025,-80.83765411376953,4.836895176190511,0.7841992007377805,0.6579868980000244,18.628612739306025,208.84797923618834,38.89899106567734,0.299283975344514,0.9081902106043218,2.3899481841841297,-0.314401584296601,-0.9492900735769796,155.0,7.0,79.0
43,640,0.9894679498819684,v_track,5233.0,623.0437180995941,126.24797821044922,41.450168740736935,29.10985565185547,1.135559878406604,0.513190153966853,0.3728309097885313,41.450168740736935,184.88269475213363,38.91563657083192,0.16940395899637045,0.6185033227242482,4.9350787785370365,0.8500739297891983,0.526663378157955,308.0,37.0,106.0
43,624,0.9837618403247632,alpha,2058.0,365.7056245803833,123.43389129638672,16.67289249642447,-87.87890625,3.8027364463381796,0.6622687047465808,0.5136564625495824,16.67289249642447,164.17907081641857,40.13421275329775,0.19337127229819762,0.7347536721248917,2.9627650942499986,-0.07397251060692485,-0.9972602808066249,172.0,33.0,73.0
43,622,0.9913419913419913,alpha,2424.5,281.9482651948929,120.61753845214844,20.10072524371612,35.86982345581055,4.708028830813062,0.8969663337032926,0.7845856844874268,20.10072524371612,230.25226288862652,30.00449460944741,0.38325973852177997,0.939061032340881,2.3375395387193034,0.9496425234136208,0.3133354077097109,104.0,15.0,44.0
44,642,1.0,alpha,1155.5,185.5807341337204,65.74040222167969,17.57671022613461,26.565052032470703,2.100000310732916,0.7530140110785272,0.5614674642859527,17.57671022613461,138.1668016194332,38.17216102900924,0.4216130423252231,0.8733194600640153,2.8229327454969555,0.8000000179153027,0.599999976112929,92.0,10.0,40.0
44,648,0.9637268847795164,proton,2590.5,495.26197350025177,200.24722290039062,12.93650899362833,78.77754211425781,6.538637590558702,0.5538214858364511,0.42241356844391925,12.93650899362833,165.58143669985776,47.444885862671775,0.13271606390081417,0.8595101689977312,2.473252644040966,0.38179503679801224,-0.9242470177806388,251.0,18.0,146.0
44,648,1.0,proton,2987.5,565.6051193475723,257.8829345703125,11.58471383528269,79.33692836761475,12.828186369296361,0.6353679285410464,0.5762725957868811,11.58471383528269,138.7879815100154,25.071510245135237,0.11735216729271199,0.9359275416531324,2.1932630799707242,0.36367631035202097,-0.931525384135473,307.0,9.0,167.0
44,648,0.981994459833795,proton,1959.5,462.7766922712326,196.10108947753906,9.99229532696929,74.85429286956787,9.365684321526706,0.584053651266766,0.47722674019401506,9.99229532696929,152.1371191135734,22.86412831555847,0.11497731871339356,0.8738694258017,2.359888430524186,0.5043982388313735,-0.8634711440828864,248.0,15.0,154.0
45,650,1.0,alpha,1669.5,286.811182141304,129.0,12.94186046511628,-90.0,7.166666666666667,0.9053687635574837,0.7189922480620154,12.94186046511628,227.78670360110806,36.781641217936404,0.2550375503863068,0.9510456761068806,2.223342497219411,-1.2246467991473532e-16,-1.0,110.0,30.0,24.0
45,650,0.7261146496815286,alpha,125.5,68.04163014888763,31.04348373413086,4.04271637406528,74.05460357666016,4.109090929747336,0.8229508196721311,0.5351167841368488,4.04271637406528,178.6624203821656,34.1794727647014,0.3406466873493233,0.9627615185086655,2.1918168312430426,0.5283019022756734,-0.8490565941395808,27.0,3.0,8.0
45,668,0.8042553191489362,proton,2713.5,778.3401814699173,283.5657958984375,9.569207708576647,84.06482887268066,10.076814983972817,0.38828074694140374,0.34005206910451874,9.569207708576647,148.9315875613748,36.68910701312757,0.0562860519725922,0.7677020552835063,2.74483098006887,0.2056976567823649,-0.978615590512559,365.0,44.0,126.0
45,668,0.9770992366412213,proton,2306.0,422.81832242012024,147.97750854492188,15.5834492868216,81.57303142547607,3.069148986671882,0.5086016762240847,0.3232107910032959,15.5834492868216,159.58939333065487,49.77206527070524,0.1620919957185947,0.767974618257266,2.857314780994331,0.2899328709744483,-0.9570469843892273,214.0,23.0,93.0
45,667,0.8680851063829788,proton,162.5,159.9827550649643,67.9914321899414,2.3900070165611265,89.09061962366104,6.2631578993604995,0.35364526659412404,0.22015996491270173,2.3900070165611265,125.67234042553191,25.343073266822135,0.07978419845971484,0.885181094841928,2.352984043901814,0.031738032722464636,-0.9994962217431879,75.0,3.0,21.0
45,667,1.0,proton,482.5,229.52185904979706,86.10013580322266,5.603940057687347,75.9637565612793,4.55128164281932,0.4374433363553944,0.2962261240830427,5.603940057687347,149.3523316062176,24.66480379766053,0.11509569398973966,0.7962321384807366,2.6657549016456517,0.47058823439458175,-0.882352941656223,107.0,11.0,35.0
45,667,1.0,proton,173.0,133.7401144504547,56.083927154541016,3.0846627327521676,80.3624620437622,5.403226191749367,0.4914772727272727,0.29718194348967203,3.0846627327521676,141.5236051502146,15.292585677460288,0.12154373728538007,0.9006121324928668,2.3846424677417764,0.33010380106535253,-0.943944638483744,62.0,4.0,20.0
46,672,0.9166666666666666,alpha,52.5,39.899494767189026,18.0,2.9166666666666665,0.0,4.5,0.963302752293578,0.7291666666666666,2.9166666666666665,145.70833333333331,33.23211193843826,0.41441395802493763,0.9821405641062779,2.216638598177168,0.0,1.0,6.0,2.0,0.0
46,672,0.979560938682816,alpha,1247.5,166.1248904466629,59.2565803527832,21.05251421146861,-65.55604553222656,1.8218829937334409,0.8654179673950746,0.6472735582927499,21.05251421146861,171.99167297501893,46.28755944392986,0.5680427264056717,0.8914026702403333,2.803484262129889,-0.753424650358376,-0.657534254797694,70.0,11.0,17.0
46,685,0.9977452085682075,proton,1608.5,370.83556735515594,158.2388153076172,10.165015434885976,-74.10472869873047,8.560992497819061,0.608243524295708,0.5499448457643046,10.165015434885976,143.1138669673055,31.67623521831079,0.14698335855554748,0.9041136426418709,2.3435183499968035,-0.5268155027153533,-0.8499796621677307,195.0,17.0,124.0
46,671,0.9871645274212368,alpha,799.5,125.01219260692596,42.0,19.035714285714285,0.0,1.5,0.9264194669756662,0.6798469387755102,19.035714285714285,177.09568261376896,45.43530096880215,0.6428706331761654,0.9594581418807092,2.97648077635538,0.0,1.0,44.0,3.0,27.0
46,685,0.9990999099909991,proton,997.5,256.8944424390793,112.5749282836914,8.860765138453182,-76.82744598388672,7.057142450609483,0.6886434242319641,0.5554672142084541,8.860765138453182,123.29882988298829,20.25096342851233,0.18993865152071268,0.9151936846572991,2.2819862855404125,-0.4437768425773416,-0.8961373298730978,132.0,8.0,81.0
46,685,0.9149115417017691,proton,1036.5,349.11983811855316,146.54122924804688,7.073094755098177,-74.23281860351562,8.745270564527237,0.48776470588235293,0.42210733238199927,7.073094755098177,115.66638584667227,10.323001235260458,0.10686367747673753,0.88045541542726,2.38240009252008,-0.5230098364341011,-0.8523266457134698,165.0,21.0,79.0
46,670,0.9978331527627302,alpha,868.0,121.25483322143555,39.0,22.256410256410255,-90.0,1.4444444444444444,0.9343379978471474,0.8243114909781576,22.256410256410255,182.89382448537378,38.593410689459006,0.7418762567086727,0.9437564548397015,3.1090982877291164,-1.2246467991473532e-16,-1.0,38.0,14.0,8.0
47,695,0.9900990099009901,electron_positron,76.0,54.62741661071777,21.146242141723633,3.5940191874585823,86.42366552352905,3.0540545026227806,0.6255144032921811,0.5190676626327456,3.5940191874585823,132.6039603960396,18.28870733535945,0.3200384296812405,0.9082622019783942,2.5833155718449126,0.12451362219157466,-0.9922178983916455,27.0,2.0,20.0
47,688,0.8871415356151712,alpha,991.5,212.20815074443817,83.70050048828125,11.845807303611261,-47.17474365234375,3.857378369281803,0.6840289755087962,0.5459198044583734,11.845807303611261,201.82978723404256,48.22318104839747,0.27668044212170734,0.8643308390107118,2.535327142687146,-0.9971200012237645,-0.07583998391033396,90.0,8.0,27.0
47,687,0.9620535714285714,alpha,394.5,123.63960921764374,46.00032424926758,8.576026504993196,-4.969740867614746,2.370535725694542,0.6749358426005133,0.4419485633280806,8.576026504993196,169.265625,38.31079991057279,0.3242960240089587,0.8505698068265882,2.6877986456717715,-0.17260788472148675,0.9849906182964252,52.0,13.0,19.0
47,686,0.9473684210526315,alpha,1403.0,184.16652059555054,62.0,22.629032258064516,-90.0,1.878787878787879,0.878522229179712,0.6857282502443792,22.629032258064516,191.71997300944668,44.92379804478366,0.5198118415386819,0.8430795063606248,2.9704277515411377,-1.2246467991473532e-16,-1.0,63.0,10.0,5.0
47,698,0.8805627332759116,proton,6290.5,1585.5159302949905,685.2008666992188,9.180519619455367,-68.5323486328125,24.414677353300615,0.38438741216009775,0.32711491671688,9.180519619455367,137.79227677289694,28.64881468579957,0.03144516014701949,0.8792663067912442,2.3139432644515048,-0.68117209525386,-0.7321233343142849,768.0,64.0,395.0
48,712,0.9920821741921678,v_track,4426.0,569.0437180995941,145.5213623046875,30.41477848958696,14.036247253417969,1.515151414050688,0.49477390866916326,0.3166751183929215,30.41477848958696,217.77444896212285,37.4024968789665,0.1717631542659068,0.689353701636658,3.9103792672594038,0.4705883518869788,0.8823528789936014,304.0,32.0,179.0
48,700,0.9830508474576272,alpha,359.5,125.29646337032318,52.69382858276367,6.822430817213264,-57.264774322509766,4.117371290147055,0.7049019607843138,0.533088627858726,6.822430817213264,210.8716707021792,26.52287598428048,0.28776046942649464,0.9048899056627833,2.3778204533672485,-0.9097472838016348,-0.41516247375641696,55.0,5.0,36.0
49,718,0.9545454545454546,electron_positron,47.0,40.14213538169861,17.111255645751953,2.7467300455924306,-84.80557250976562,3.7800003370777047,0.7833333333333333,0.6067725661487879,2.7467300455924306,106.51515151515152,17.685161066463046,0.3665276812260386,0.9396558980908991,2.3459491350457564,-0.18032782018350857,-0.9836065662996889,19.0,3.0,5.0
49,717,0.9534883720930233,electron_positron,97.0,70.28427076339722,30.36208724975586,3.1947737717136024,77.19573402404785,4.892856860186848,0.6319218241042345,0.5148384772459806,3.1947737717136024,102.55038759689923,18.53300481011184,0.24675463093082473,0.9337587599171675,2.31486953400947,0.4322200364806878,-0.9017681742358359,36.0,2.0,20.0
49,719,0.6764990328820116,proton,1885.5,433.0020879507065,147.19699096679688,12.809365107370374,38.061614990234375,3.915629321285849,0.44786223277909737,0.3407455904637963,12.809365107370374,103.70599613152805,16.760591582556817,0.1263736181238935,0.7637817634893104,2.9416504040383438,0.9708137997638081,0.23983445579848753,217.0,28.0,108.0
49,719,1.0,proton,408.0,152.02438521385193,66.63970947265625,6.122475671467497,25.463348388671875,6.404958772376792,0.7465690759377859,0.5884510087295577,6.122475671467497,89.98731501057082,5.969606580622142,0.22184186901281017,0.9161737767682043,2.2812882351510084,0.7763401841023747,0.6303141427477976,75.0,1.0,41.0
49,719,0.980440097799511,proton,366.5,103.29646337032318,42.42640686035156,8.638487845703063,45.0,2.8571430773386544,0.8633686690223793,0.5817460768776517,8.638487845703063,95.10268948655256,7.118570885112337,0.43163130758679713,0.9304629964933531,2.434720991346926,1.0,6.123233995736766e-17,40.0,3.0,16.0
49,714,0.7925840092699884,alpha,789.5,161.9827550649643,70.4277572631836,11.210068738234753,-15.255120277404785,4.866667136755992,0.9164248403946604,0.7746331169580206,11.210068738234753,192.89223638470452,53.698948139301706,0.3781154608441747,0.9456740059583099,2.2999845708510365,-0.5076923550382201,0.8615384336381899,70.0,6.0,33.0
49,719,0.8550223668157788,proton,4339.5,1340.1534515619278,395.09735107421875,10.98336900564243,2.5348739624023438,3.0257011243299763,0.14628596470528746,0.08411190775880609,10.98336900564243,118.79707198047987,19.216079782608475,0.03036270767257327,0.6982226612292516,3.391957571768637,0.08836837649288654,0.9960878626085208,695.0,66.0,344.0
49,719,0.9473991817650497,proton,1488.5,502.2325359582901,217.11241149902344,6.855895477015118,-11.381463050842285,9.217838789455186,0.40791997807618524,0.29107750601703664,6.855895477015118,125.66218585622443,24.467618881169088,0.07415646429797276,0.8868047200143313,2.313237334018323,-0.38691900313091643,0.9221137050365198,257.0,15.0,143.0
49,716,0.9225352112676056,electron_positron,100.0,90.28427076339722,38.62978744506836,2.588675905664773,80.8376522064209,5.564220155445749,0.4807692307692308,0.37287191058711294,2.588675905664773,124.35211267605634,13.184069122816027,0.15416496012632683,0.9175112005878489,2.3371671638572087,0.3144016474994099,-0.9492900526444259,52.0,4.0,38.0
50,737,0.7380952380952381,electron_positron,131.0,82.76955199241638,29.0,4.517241379310345,-90.0,2.4166666666666665,0.5527426160337553,0.3764367816091954,4.517241379310345,147.07738095238093,26.594171627805295,0.24029235329657997,0.8322564054441848,2.8541224824971168,-1.2246467991473532e-16,-1.0,43.0,1.0,29.0
50,739,0.9391304347826087,proton,913.0,294.19090580940247,111.2861099243164,8.204078663733634,-43.2642936706543,4.631016411201055,0.5220125786163522,0.34140130296919674,8.204078663733634,151.22608695652173,24.664141971308183,0.1325629483308367,0.8056027756761279,2.643554582054096,-0.9981651339361141,0.060550519356149725,156.0,19.0,100.0
50,723,0.9180602006688964,alpha,2252.0,322.73506212234497,117.7553482055664,19.124396762588365,24.77513885498047,2.916955081387664,0.6826311003334343,0.4737364983008807,19.124396762588365,224.0898829431438,39.704456225132425,0.27169769265503346,0.8181947868992641,2.740725300722171,0.7609755709429972,0.6487805333300155,164.0,8.0,105.0
50,736,0.9655172413793104,electron_positron,40.0,39.79898953437805,16.997501373291016,2.353287057993942,-29.054603576660156,3.8043478817694454,0.6666666666666666,0.5267081577262022,2.353287057993942,139.9655172413793,19.8094069583824,0.31734069148149063,0.9392911219934317,2.341461174812205,-0.8490565941395808,0.5283019022756733,19.0,1.0,11.0
50,739,0.7928994082840237,proton,80.5,225.11983811855316,102.64985656738281,0.7842193130309646,-42.197547912597656,10.178253998633773,0.14784205693296604,0.07775932305783208,0.7842193130309646,100.44378698224853,33.833364364760484,0.019960812207690068,0.9209248342976049,2.193084780111475,-0.9952190438256863,0.09766808489310447,88.0,4.0,10.0
50,722,1.0,alpha,239.0,88.76955199241638,29.698484420776367,8.047548710357798,-45.0,1.7500000561958005,0.6638888888888889,0.47420637685848716,8.047548710357798,138.3942652329749,25.823264137143422,0.38113576926224346,0.8645252855728204,2.989026333287071,-1.0,6.123233995736766e-17,41.0,2.0,16.0
50,739,0.9784991568296796,proton,2092.0,676.4650719165802,258.8486328125,8.081943401707532,-39.237369537353516,9.781464843769708,0.4043684159659805,0.3054033718246521,8.081943401707532,139.25885328836424,21.56324342835476,0.05744877721469203,0.7845937910403464,2.613361579570658,-0.9798367107898066,0.1997999504219479,333.0,29.0,158.0
50,721,1.0,alpha,592.5,99.15432798862457,30.405588150024414,19.486549547291826,45.0,1.1315788035320868,0.932336742722266,0.7252142702483955,19.486549547291826,149.9496062992126,30.413382554850344,0.7573120509930314,0.939807551032192,3.2610560762510676,1.0,6.123233995736766e-17,30.0,8.0,8.0
50,720,0.9977802441731409,alpha,846.0,127.0538227558136,43.52941131591797,19.435135335511237,28.072486877441406,1.5611813179897314,0.9332597904026475,0.6970406739065355,19.435135335511237,175.0332963374029,41.41735551100325,0.6585742622839897,0.902156984642498,2.9188040663750527,0.830449825853735,0.5570934272987802,36.0,13.0,5.0
51,740,0.9127055306427504,alpha,3150.0,441.8477599620819,161.19166564941406,19.541953284676232,-32.19573211669922,3.4986389765713204,0.6104651162790697,0.42415492863512533,19.541953284676232,184.25052316890884,48.16925211690627,0.20275664792310522,0.800792282094028,2.7411327886088386,-0.9017681454590444,0.4322200965195346,174.0,44.0,58.0
51,747,1.0,proton,113.5,166.61017167568207,68.02107238769531,1.6686005676754312,-25.20112419128418,9.194244173084728,0.2802469135802469,0.22554071125363367,1.6686005676754312,122.05376344086022,19.743443496647924,0.05138101766811985,0.8414974499008452,2.4493905465951027,-0.7705382557698999,0.6373937530248318,72.0,7.0,18.0
51,747,0.7177650429799427,proton,541.5,361.9482651948929,148.84222412109375,3.638080546011266,-22.583852767944336,12.485267337593209,0.3475609756097561,0.30517152293890315,3.638080546011266,137.7077363896848,18.31311468250655,0.05194160032644669,0.8532989575854684,2.4317579727942134,-0.7091734604856254,0.7050340438183416,161.0,24.0,59.0
52,748,0.9435364041604755,alpha,614.5,133.63960921764374,56.776344299316406,10.823169536249953,-67.47943878173828,3.574468197522586,0.8475862068965517,0.6813942634236585,10.823169536249953,192.21545319465082,36.91558498774973,0.43237577871495686,0.9439888011447336,2.353790312971115,-0.7076141050511209,-0.7065990930737891,59.0,3.0,33.0
52,759,1.0,v_track,500.5,108.18376553058624,47.0,10.648936170212766,0.0,3.1333333333333333,0.9542421353670162,0.7099290780141844,10.648936170212766,202.21818181818182,42.62896621231368,0.5373902198545691,0.9568543771615663,2.3017822453316223,0.0,1.0,52.0,11.0,29.0
52,758,0.9590067008277493,v_track,2363.0,414.7594473361969,135.38641357421875,17.453745450643797,34.24903106689453,2.350534598105332,0.4728837302381429,0.30302621559416343,17.453745450643797,208.00157666535276,40.50001821774779,0.17261598524203714,0.7493509659746878,3.0635234096723156,0.9304051715919148,0.3665326952333442,196.0,22.0,104.0
52,750,0.9836065573770492,electron_positron,20.0,94.91168737411499,40.85138702392578,0.4895794600140854,67.89055252075195,10.451851360240797,0.132890365448505,0.12525919235244692,0.4895794600140854,135.85245901639345,36.11585913194481,0.02789976021051542,0.9026826486584754,2.323340632682245,0.6974014871741627,-0.7166806580948492,39.0,3.0,5.0
53,763,0.9473684210526315,alpha,843.0,115.39696860313416,42.42640686035156,19.86970055641932,45.0,1.57894757016555,0.966189111747851,0.7394737790721171,19.86970055641932,195.69316909294514,43.262369543429706,0.7955154852939557,0.9610650311256916,2.719932634949938,1.0,6.123233995736766e-17,37.0,3.0,16.0
53,762,0.9568567026194145,alpha,607.5,94.66904675960541,28.776723861694336,21.110811742147746,-71.56504821777344,1.0459769660722316,0.9704472843450479,0.7673362306112637,21.110811742147746,189.72419106317412,41.160620217667976,0.8518049078040406,0.9565877315295601,3.289778475638867,-0.6000000826393694,-0.7999999380204662,25.0,7.0,3.0
53,760,0.972937293729373,alpha,1428.0,206.7939372062683,82.84424591064453,17.237165771781363,51.8427734375,3.1720431183358824,0.8249566724436742,0.6599979571902714,17.237165771781363,214.66798679867986,47.00683187028964,0.4196260757144736,0.9091633504048885,2.496177434330387,0.971608832602186,-0.23659306078035625,91.0,12.0,46.0
54,784,0.9488966318234611,alpha,1628.0,210.85281229019165,73.34302520751953,22.197066393071122,-26.565052032470703,1.7446808896782395,0.80039331366765,0.5280229092450879,22.197066393071122,220.28977932636468,35.72151936130051,0.4601564022398427,0.8785576612148817,2.874885671726749,-0.8000000179153027,0.599999976112929,88.0,10.0,36.0
54,782,0.8986615678776291,alpha,2440.5,394.634556889534,133.53472900390625,18.27614447720644,20.618186950683594,3.110295804529714,0.5943740867023868,0.4256886273290842,18.27614447720644,211.30248565965584,41.52294734656236,0.19692391046079358,0.7750491482976135,2.955295299082757,0.6591669936984055,0.7519965920259255,203.0,26.0,78.0
54,780,0.9714285714285714,alpha,539.5,129.29646337032318,31.09208869934082,17.351680847721173,-76.75948333740234,1.0903614514243212,0.7729226361031518,0.6085021851289767,17.351680847721173,169.56974789915967,28.24180867223812,0.40553470033672767,0.7514509077826873,4.158500402485484,-0.4459015377195227,-0.8950820178393515,54.0,8.0,26.0
54,796,0.9840695148443157,proton,1206.5,426.1147857904434,178.58680725097656,6.7558181848474845,-52.49585723876953,10.08333232820488,0.48125249301954526,0.38144564514786994,6.7558181848474845,147.08689355539462,20.896309171307756,0.0834995206100676,0.8626454206036342,2.386037313448378,-0.9659632439200402,-0.2586793602038496,191.0,12.0,71.0
54,779,1.0,alpha,1707.0,206.5096664428711,70.73095703125,24.13370427387009,-62.987335205078125,1.985777181266131,0.8564977420973406,0.6775556454764569,24.13370427387009,198.7130144605117,38.15931648533903,0.5029937800976041,0.8621670891500125,2.9196503922834243,-0.8092767662007773,-0.5874275407976822,88.0,14.0,34.0
54,796,0.9502369668246445,proton,637.5,507.5117543935776,196.19134521484375,3.249378810782358,-59.1053581237793,13.81525385507308,0.28709750056293626,0.22881230103751443,3.249378810782358,135.4526066350711,25.49763264416202,0.031102682172502352,0.7845473684761504,2.5868202995285823,-0.8812150536839535,-0.47271559013934267,211.0,21.0,50.0
54,778,0.9832335329341317,alpha,782.0,118.08326029777527,38.272457122802734,20.43244826144398,-20.556045532226562,1.4598215312033753,0.8962750716332378,0.7793523110248265,20.43244826144398,219.49221556886226,38.57936371523115,0.7047578888146255,0.9416255455272007,3.0853326171060296,-0.6575342547976939,0.7534246503583761,41.0,6.0,10.0
54,796,1.0,proton,673.5,242.14927566051483,110.9819564819336,6.068554036616186,-57.92599868774414,9.630390762611682,0.6488439306358381,0.5265950303025342,6.068554036616186,154.57309184993534,16.665459562989348,0.14433814366049794,0.9357223675347249,2.1818796796931,-0.8999234174245235,-0.43604798218884905,110.0,6.0,60.0
54,777,0.9900332225913622,alpha,815.5,203.23758828639984,75.22821044921875,10.840348256728591,14.743560791015625,3.596106553715051,0.7003005581794761,0.5181971919548706,10.840348256728591,186.64008859357696,32.500515862554145,0.24809942854480493,0.8129870852135798,2.7016140231541357,0.492227917123443,0.8704663563885263,89.0,8.0,36.0
54,776,0.9822064056939501,alpha,517.0,111.1959581375122,46.80000305175781,11.047007826649734,-53.13010025024414,3.0789474146518,0.9290206648697215,0.726776794221253,11.047007826649734,219.61921708185054,36.73291387386273,0.5254391207780722,0.966218908519008,2.37598185655109,-0.9600000205633031,-0.2799999294972369,45.0,1.0,28.0
54,775,0.9664310954063604,alpha,527.5,87.01219260692596,29.0,18.189655172413794,-90.0,1.2608695652173914,0.9777571825764597,0.7908545727136432,18.189655172413794,186.547703180212,24.36487261802983,0.8755321595362626,0.9686009629870375,3.000420434721585,-1.2246467991473532e-16,-1.0,27.0,4.0,14.0
54,774,0.9803312629399586,alpha,912.5,119.49747383594513,41.05549621582031,22.22601317989618,7.1250152587890625,1.4711111439165234,0.9640781827786582,0.7964082446330625,22.22601317989618,230.73913043478262,29.12115516113332,0.8030180147533598,0.9517266591120297,2.9106327982926197,0.24615380927256733,0.9692307785974424,40.0,8.0,8.0
55,803,0.9256198347107438,alpha,541.5,151.09545290470123,50.239315032958984,10.778411282971405,46.27302932739258,2.3241281873316564,0.6142938173567782,0.49862163648077884,10.778411282971405,181.12892561983472,36.22163053591625,0.29806126162782076,0.8216864689104395,3.007514190939439,0.9990128342428766,-0.044422483249080026,71.0,7.0,39.0
55,804,0.9685082872928177,alpha,1655.0,350.2497808933258,69.0,23.985507246376812,0.0,1.3529411764705883,0.6558351495938181,0.47030406365444727,23.985507246376812,215.23812154696134,34.069577570149356,0.16953216866932397,0.5772687247001694,5.076083781062692,0.0,1.0,172.0,17.0,70.0
55,803,0.951862464183381,alpha,1590.5,364.57568180561066,114.46820068359375,13.894688572910885,1.1233062744140625,3.6792692064493986,0.6006419939577039,0.4466070008458035,13.894688572910885,179.3587392550143,43.62378513986548,0.1503724044557285,0.6899799894580111,3.184951625240876,0.03920073909534348,0.999231355620098,179.0,29.0,76.0
55,802,0.7273497036409822,alpha,1092.5,211.86500489711761,92.23755645751953,11.844416113767675,53.55556106567383,4.348307777078822,0.7682841068917018,0.5583752289250392,11.844416113767675,212.6943268416596,39.87572409010622,0.30585307755233154,0.9403423050515094,2.296949453498295,0.9557359183261924,-0.2942258561397852,89.0,11.0,54.0
55,813,0.983433734939759,proton,560.5,245.1787132024765,84.79476165771484,6.610078135044847,-51.04409408569336,4.621280548488706,0.4429079415250889,0.3602466109024555,6.610078135044847,139.67168674698797,22.198190923753376,0.11717095192049388,0.7481157407695647,2.8914370228690833,-0.9778264299581201,-0.20941698325436192,111.0,15.0,61.0
55,800,0.9971126082771896,alpha,962.5,170.46803629398346,56.62335205078125,16.99828719318499,-50.52753829956055,1.6760752968945998,0.685785536159601,0.5031565285726336,16.99828719318499,162.9412897016362,36.58075326985467,0.4162216682229043,0.8638627112244744,3.010560663047702,-0.9814433113659382,-0.1917525138689506,76.0,8.0,27.0
55,799,0.9814169570267132,alpha,809.5,117.15432798862457,38.9075813293457,20.805713754029775,-26.565052032470703,1.426229455472127,0.9105736782902137,0.762671972511889,20.805713754029775,197.66202090592336,43.19274049754538,0.7411567063877189,0.9427847370202804,3.011092542528773,-0.8000000179153027,0.599999976112929,37.0,10.0,6.0
55,812,0.989345509893455,proton,582.5,173.92387998104095,60.827423095703125,9.576272844626686,-62.44718933105469,3.2138490096764896,0.6512017887087759,0.5059674310002032,9.576272844626686,162.6849315068493,23.12647315878404,0.24198439658244586,0.8034532678902367,2.859300478788933,-0.8202080056469737,-0.5720654048905719,84.0,11.0,37.0
55,798,0.9861932938856016,alpha,948.0,152.36753106117249,52.99986267089844,17.88683879968872,-58.24052047729492,2.0944001356711484,0.8268643698211949,0.706835748639893,17.88683879968872,221.5631163708087,38.20547402036217,0.5131370116020896,0.8800474472709021,2.8748665257360297,-0.8950819584639622,-0.4459016569068989,59.0,9.0,25.0
55,797,0.9977246871444824,alpha,829.0,112.08326029777527,38.0,21.81578947368421,0.0,1.3571428571428572,0.9667638483965014,0.7791353383458647,21.81578947368421,220.81114903299203,34.43485962154146,0.8292450427590065,0.9521339317315277,2.9495594815204016,0.0,1.0,25.0,8.0,0.0
56,820,0.6566455696202531,electron_positron,548.0,196.6518018245697,59.95256805419922,9.140559241842466,59.826480865478516,1.9338520761597469,0.394954954954955,0.2948412393463788,9.140559241842466,95.76107594936708,19.205621312042325,0.1780715596546251,0.7670262849522511,3.2801230740739844,0.8690379796908991,-0.4947453788109196,94.0,10.0,43.0
56,823,0.7710410849621061,proton,2272.0,560.7838325500488,234.42916870117188,9.691626739913627,30.199859619140625,10.269430896007185,0.5311513734658094,0.42455250610177536,9.691626739913627,91.26525727961706,12.651863362891438,0.09078774356266475,0.863163593092184,2.392124818157262,0.8694925090727417,0.493946127291619,279.0,12.0,133.0
56,817,1.0,electron_positron,39.5,38.38477599620819,16.692485809326172,2.3663341967875846,77.90524291992188,3.793650489184578,0.7181818181818181,0.5377895770444147,2.3663341967875846,97.22807017543859,8.655223641002975,0.3368906350997325,0.9584130912110675,2.2995242550850294,0.40975609765860294,-0.9121951219073655,22.0,1.0,17.0
56,816,0.9696969696969697,electron_positron,49.5,38.041630148887634,16.9412784576416,2.921857410216425,41.63353729248047,3.457626782147856,0.8389830508474576,0.5963358940378272,2.921857410216425,102.33333333333334,9.47617959928888,0.42983010025215956,0.9692195782789839,2.245499372671513,0.9931034399104302,0.11724145017045237,20.0,1.0,15.0
56,822,0.5933029908972692,proton,2789.0,701.2346239089966,306.3316345214844,9.10451186132523,31.51101303100586,11.983242889095202,0.5127780842066556,0.3561551101025993,9.10451186132523,104.24642392717816,15.007336856131136,0.07127408903763256,0.8871078351333617,2.2891355148624584,0.8911809846892219,0.4536479389662746,345.0,24.0,168.0
56,821,0.9989733059548255,proton,864.5,257.1787132024765,108.20125579833984,7.989740910320046,29.054603576660156,5.063636634664324,0.5207831325301204,0.37390642535956237,7.989740910320046,131.70328542094455,23.375324602971947,0.1642497902578496,0.8901313553190494,2.3768551603670245,0.8490565941395808,0.5283019022756733,129.0,4.0,64.0
57,825,0.9479318734793187,alpha,1927.0,288.7939372062683,107.41710662841797,17.939414498157767,80.9806776046753,3.5930780922434877,0.7125161767424663,0.6000693860055352,17.939414498157767,213.76934306569345,42.16180550696757,0.29034572464435926,0.8659111561273037,2.688528357082612,0.30965839152872365,-0.950847874560302,123.0,16.0,53.0
57,824,0.9951707485339772,alpha,2754.5,338.7766922712326,103.98344421386719,26.489793840014592,-61.33604431152344,2.3550607050295245,0.7263019116677654,0.5999519733991642,26.489793840014592,192.56467747499136,40.676406755827436,0.30159601160941124,0.7594818641888902,3.2579868346585648,-0.8417738576865408,-0.5398303182626178,156.0,28.0,57.0
57,833,0.9970817120622568,proton,887.5,321.66399443149567,132.9373779296875,6.676075711899565,11.768287658691406,9.585294057782303,0.5370650529500757,0.48137062613362236,6.676075711899565,164.19649805447472,21.553713272421483,0.10778872239085664,0.861003275684654,2.4196655556244564,0.39933440184589974,0.9168053422086815,157.0,14.0,80.0
57,833,0.9905913978494624,proton,1239.5,550.9188276529312,241.64231872558594,5.129482313102624,9.598899841308594,16.31424472223165,0.4362132676403308,0.34631197960547605,5.129482313102624,155.99663978494624,20.15786125632838,0.051319352219784495,0.886270777966484,2.279893813958002,0.32883037981535024,0.9443889989355512,266.0,24.0,111.0
57,833,0.9604449938195303,proton,656.5,340.69343197345734,144.3474578857422,4.548053769811801,8.447525024414062,10.460610458586885,0.44373099019939166,0.3295895856258655,4.548053769811801,169.25463535228675,26.87680876409434,0.07107503335302676,0.8601053862136524,2.3602316034074686,0.29061953056942036,0.9568386951057162,167.0,15.0,73.0
57,833,0.9698795180722891,proton,412.0,194.02438521385193,78.40447235107422,5.254802279073755,6.483070373535156,5.806019745667486,0.5058317986494782,0.3891294064867553,5.254802279073755,171.57228915662648,25.93171050315043,0.13752905158110398,0.8676189581150652,2.4746596641204692,0.2243752058016438,0.9745028306893059,99.0,5.0,42.0
57,832,0.994535519125683,proton,663.5,152.81118214130402,46.0,14.423913043478262,0.0,1.3142857142857143,0.6889927310488058,0.412111801242236,14.423913043478262,212.90983606557376,36.203622097500094,0.3570594407099517,0.8914284405709565,3.3219822204631306,0.0,1.0,52.0,5.0,28.0
58,835,0.9258777633289987,alpha,712.5,137.09545290470123,53.52989196777344,13.310320155866293,32.0053825378418,2.348837092522074,0.8343091334894613,0.5840432802342409,13.310320155866293,181.78673602080625,52.924499363806035,0.4763746376688626,0.8992044688100779,2.5611008702807903,0.8988763942422683,0.43820226822098757,47.0,8.0,11.0
58,842,0.9230769230769231,electron_positron,152.5,195.37972366809845,81.46211242675781,1.872035912855955,-40.84035873413086,7.645005707851955,0.23828125,0.17568566309835412,1.872035912855955,110.08547008547009,17.815566347051636,0.05020196604693657,0.8641462492042069,2.3984121924626423,-0.9894771508669981,0.144689211457275,90.0,11.0,44.0
58,843,0.908433734939759,electron_positron,333.0,182.71067690849304,39.0,8.538461538461538,0.0,1.8571428571428572,0.4911504424778761,0.4065934065934066,8.538461538461538,117.14698795180723,17.955502813594826,0.12535055014293453,0.5900748696679181,4.684889151499822,0.0,1.0,95.0,6.0,59.0
58,834,0.9778142974527527,alpha,1154.0,142.22539567947388,47.85185241699219,24.11609878639128,-63.4349479675293,1.465753411852246,0.9412724306688418,0.7387018953558142,24.11609878639128,132.16023007395233,35.41202200516532,0.7169046073597926,0.915398990492026,2.972202506186984,-0.8000000179153028,-0.5999999761129288,46.0,16.0,6.0
58,846,0.9270664505672609,proton,547.5,165.5807341337204,71.34199523925781,7.6743017652346746,30.78414535522461,5.559828943899744,0.7515442690459849,0.598074176864254,7.6743017652346746,129.47001620745542,21.025711484649474,0.2509425922458332,0.9299944549495496,2.3209434159840434,0.8793852127454682,0.4761109614413509,74.0,6.0,39.0
58,846,1.0,proton,219.0,222.45079135894775,101.51748657226562,2.157263811334651,26.565052032470703,13.352942120960329,0.4538860103626943,0.283752285296074,2.157263811334651,102.05111821086261,21.167760019539447,0.05561424793983367,0.9213579028758809,2.1912558995498306,0.8000000179153027,0.599999976112929,107.0,4.0,49.0
58,846,0.855324849296718,proton,1215.0,659.2102386951447,250.08929443359375,4.858264736008598,25.523422241210938,12.106257187347222,0.2805680637339799,0.23517760930769036,4.858264736008598,135.5324849296718,25.417632551605,0.03513486213511114,0.7812908805719302,2.6358994701797793,0.777660228001082,0.6286847936647626,321.0,22.0,157.0
58,836,0.6081081081081081,electron_positron,50.5,52.870057225227356,21.913463592529297,2.304519310092832,-63.4349479675293,4.083332718764291,0.5906432748538012,0.4294218054664008,2.304519310092832,135.0,11.909569170958292,0.22702918034311756,0.9189101973854096,2.412674609925732,-0.8000000179153028,-0.5999999761129288,29.0,1.0,23.0
59,848,0.9673784104389087,alpha,1595.5,223.3208485841751,94.10693359375,16.954117396786195,47.726314544677734,4.239394025838244,0.8513874066168623,0.7637607693772432,16.954117396786195,215.12158956109135,47.336884029730065,0.4020204391908529,0.9416079412391737,2.373054142303992,0.995475101344556,-0.09502274781885621,89.0,3.0,44.0
59,859,0.867827868852459,proton,791.0,422.67618703842163,146.5133056640625,5.398827064987998,-14.331072807312012,5.192230604156263,0.29252958579881655,0.19132702648626154,5.398827064987998,124.83811475409837,17.72982639471777,0.055637907164984145,0.7356416132827246,2.8848996691642985,-0.4796438765370954,0.8774632480625428,202.0,23.0,73.0
59,859,1.0,proton,259.5,105.49747383594513,36.0,7.208333333333333,0.0,2.5714285714285716,0.6495619524405507,0.5148809523809523,7.208333333333333,116.86928104575163,11.727679570595164,0.29299695388451885,0.8565125288635624,2.930485384331809,0.0,1.0,43.0,10.0,15.0
59,859,0.9962358845671268,proton,654.0,335.36247873306274,132.38095092773438,4.94028782401641,-10.653902053833008,9.738724080159622,0.4260586319218241,0.3634367305680708,4.94028782401641,135.98870765370137,30.15536720225342,0.0730732915673969,0.8186510688312777,2.5333137160809054,-0.3633781303184297,0.9316417414469375,127.0,24.0,38.0
60,860,0.9356275303643725,alpha,2352.5,273.1787132024765,101.94617462158203,23.075902639136153,-24.075498580932617,2.833693545915838,0.8082803641985913,0.6414172637416381,23.075902639136153,178.4097165991903,44.965940177350255,0.3961373446947828,0.855704634669243,2.6796367221869697,-0.7449056679660433,0.6671698028478679,131.0,15.0,55.0
60,865,0.9483146067415731,proton,336.5,284.17366087436676,133.68946838378906,2.517026988498395,43.63607406616211,22.311793085270963,0.5225155279503105,0.42007336880268925,2.517026988498395,140.72584269662923,29.70047299623315,0.05236333373778194,0.9451829631476446,2.125624885114923,0.9988668581784074,0.04759201227934609,139.0,2.0,80.0
60,865,0.9696106362773029,proton,1891.5,553.3351291418076,258.0861511230469,7.3289480732276715,44.37040328979492,15.802089132342662,0.6177335075114304,0.4487365563611317,7.3289480732276715,180.19278252611588,30.690670420374254,0.07763181216762347,0.9437625738897955,2.143993882407103,0.9997585138926922,0.021975302024674303,282.0,12.0,164.0
61,880,1.0,proton,582.5,195.4385987520218,80.5940170288086,7.227583652912889,-85.76360321044922,5.5663267241797225,0.5836673346693386,0.49918211700594073,7.227583652912889,147.46038863976085,22.767696686424202,0.19163953717986357,0.8953967447455965,2.424976517576505,-0.14733976858652806,-0.9890859379209009,89.0,7.0,34.0
61,868,0.9532354540511148,alpha,1755.5,205.1787132024765,86.51222229003906,20.291930475610112,-48.6522216796875,3.322952644247817,0.9410345751809166,0.7794173152177274,20.291930475610112,224.85916258836323,38.80267927653616,0.5240178661200939,0.9539906148211769,2.37167313208761,-0.9918845855879679,-0.12714153087400387,89.0,6.0,61.0
61,867,0.999015263417036,alpha,1892.5,316.83556735515594,127.74002075195312,14.81524731920058,71.7915153503418,5.649530272631506,0.7301311728395061,0.6552307392283455,14.81524731920058,169.23485967503694,38.737949616492465,0.2369070008390934,0.8697735532669645,2.48031560892252,0.593657246086361,-0.804718009099559,153.0,21.0,61.0
61,880,1.0,proton,165.5,89.69848430156708,37.84874725341797,4.37266784266035,76.7594804763794,3.4427081295709105,0.5889679715302492,0.3977362587207066,4.37266784266035,133.31400966183574,9.374286284454085,0.25848637322482426,0.9195434018873685,2.3699195035700096,0.44590162711005565,-0.895081973307811,58.0,1.0,42.0
62,883,0.9989380530973452,alpha,2697.0,296.2497808933258,123.87815856933594,21.771392399980343,63.4349479675293,4.196969886915189,0.8638693145419603,0.7376108860044827,21.771392399980343,225.28814159292037,34.86541229388271,0.38616662348932684,0.9154792249055111,2.39146096708817,0.8000000179153028,-0.5999999761129288,136.0,10.0,74.0
62,888,1.0,proton,112.5,207.09545290470123,93.59972381591797,1.2019266234294996,18.687347412109375,14.085952557242504,0.2132701421800948,0.18087960845067547,1.2019266234294996,178.09313725490196,14.963555463806609,0.03296258476877621,0.9188375594799564,2.212564786109782,0.6070249204195433,0.7946827958309197,85.0,5.0,13.0
63,892,0.9672330097087378,alpha,738.0,204.7939372062683,81.2603988647461,9.081914564908356,-39.225677490234375,4.750462375558338,0.6142322097378277,0.53092642961847,9.081914564908356,193.54126213592232,41.814932604253634,0.22112204127611698,0.8693963196744354,2.5202182128977446,-0.9797550849452595,0.20019983397572366,108.0,3.0,63.0
63,891,0.989501312335958,alpha,1442.0,179.39696860313416,73.96337127685547,19.49613673776967,-8.130102157592773,3.1130949117200255,0.9421757595557008,0.820586231113842,19.49613673776967,207.0977690288714,46.89817271436754,0.5630473567827742,0.9536976072482536,2.4254839321970016,-0.2799999934131038,0.9600000019211781,73.0,12.0,26.0
63,890,1.0,alpha,1618.0,185.88224983215332,66.77884674072266,24.229229448691893,2.04541015625,2.2380383342476486,0.9341801385681293,0.8120227731094786,24.229229448691893,160.47356051703878,33.33817316216353,0.5884540288943263,0.8986069938471513,2.783549865032332,0.07133763767148948,0.9974522251473759,80.0,12.0,24.0
63,902,0.9653414882772681,proton,765.5,493.20309841632843,209.32699584960938,3.6569578467077997,-17.30483055114746,17.473373944081928,0.3639172807226052,0.30526111404750883,3.6569578467077997,152.6697247706422,23.14434144897439,0.039546082361215845,0.8713614496136762,2.3561370878826797,-0.567982532624716,0.8230406081313445,236.0,16.0,91.0
64,905,0.9962790697674418,alpha,1012.0,143.0538227558136,51.966270446777344,19.47417028967794,69.44395446777344,1.9473683683865413,0.9233576642335767,0.7297691925290664,19.47417028967794,185.48837209302326,48.76837141876163,0.6214288921259348,0.9211650118456701,2.752820657051501,0.6575342547976938,-0.7534246503583762,55.0,6.0,32.0
64,904,0.8396825396825397,alpha,566.0,140.08326029777527,58.1859016418457,9.727442284626356,71.56505012512207,3.471697842656693,0.7894002789400278,0.5803938658882588,9.727442284626356,191.1904761904762,44.13408758629571,0.3624547647668327,0.9337337748065946,2.4075120664114835,0.6000000293761505,-0.7999999779678862,69.0,3.0,47.0
64,917,0.9668367346938775,proton,341.5,115.15432798862457,43.066856384277344,7.929531632233861,-72.07208251953125,2.9539346070455847,0.6735700197238659,0.5438826947831173,7.929531632233861,142.56377551020407,31.49596692727978,0.3236234933517824,0.8809906887979655,2.6738503261330355,-0.5857477819669972,-0.8104933904238474,53.0,8.0,22.0
64,917,0.9733530717986677,proton,1154.0,443.36247873306274,194.343994140625,5.937924684026918,-76.82744598388672,13.231312088596043,0.5064735571648014,0.40426530801918376,5.937924684026918,126.08512213175425,30.977525949568943,0.07377306036348634,0.891768580745272,2.281328428457897,-0.4437768425773416,-0.8961373298730978,223.0,18.0,118.0
64,917,0.9773326304691619,proton,1668.5,510.0904005765915,223.5940704345703,7.462183575607155,-81.67434692382812,14.037878951172653,0.5340909090909091,0.46849735121422015,7.462183575607155,125.85767000527149,16.43856585888185,0.08058269240761685,0.8989221392611717,2.281323469737798,-0.28654639351446487,-0.9580663674108665,278.0,16.0,154.0
64,917,0.9744292237442922,proton,971.0,284.1076455116272,75.42945098876953,12.872955951178398,-85.13548278808594,1.7657568663661136,0.4701040910191237,0.3013479491532566,12.872955951178398,155.1041095890411,23.89226449598243,0.15116917812216524,0.6829833219555933,3.766534712733454,-0.1689888594884687,-0.985617961163851,136.0,15.0,82.0
65,921,0.96,alpha,337.0,85.5979790687561,35.35533905029297,9.531799412830336,45.0,2.173912992487746,0.9587482219061166,0.5860869430742238,9.531799412830336,196.10133333333332,48.42506649338643,0.5779799090189736,0.9758078838563041,2.4210764588339253,1.0,6.123233995736766e-17,28.0,0.0,21.0
65,924,0.9699248120300752,electron_positron,101.5,68.87005722522736,29.09295654296875,3.4888169529999433,71.5650520324707,4.380952545076619,0.628482972136223,0.5253622637828987,3.4888169529999433,125.16541353383458,18.33980856531627,0.2689149943392336,0.9246191147362114,2.3672416078960534,0.5999999761129289,-0.8000000179153027,35.0,1.0,21.0
65,928,0.9986919555264879,proton,1280.5,560.8599525690079,233.53724670410156,5.483065412783728,87.34580445289612,11.987095841921715,0.3681713628522139,0.2814370364391654,5.483065412783728,126.30935251798562,24.629639610119973,0.051154116119498654,0.8538096210544852,2.401586729673291,0.09251641254976718,-0.9957111596285949,284.0,23.0,126.0
65,920,0.961439588688946,alpha,1773.5,401.88939011096954,136.89268493652344,12.955403722429468,-68.62937927246094,4.103155163578079,0.5404540606429986,0.38831900845961415,12.955403722429468,145.39845758354755,37.61091699643157,0.13798375993521306,0.7282194693591162,2.935798872652136,-0.678688485063992,-0.7344262660346125,185.0,26.0,74.0
65,928,1.0,proton,299.0,116.08326029777527,50.89321517944336,5.875046387730897,72.40757369995117,5.685715542922859,0.7786458333333334,0.6563515872270287,5.875046387730897,123.76068376068376,12.976627843463147,0.2788315147687224,0.9379027373707667,2.280918190931338,0.5762162657959294,-0.8172972623422856,52.0,6.0,34.0
65,928,1.0,proton,372.0,108.08326029777527,42.886104583740234,8.674138246191738,84.28940725326538,3.0567374690957063,0.8166849615806806,0.6182553450961618,8.674138246191738,144.74761904761905,10.547539503086067,0.40016207903923,0.902808648715426,2.5202396288226603,0.19801978861002972,-0.9801980225030242,47.0,4.0,22.0
65,919,0.8762886597938144,alpha,1156.0,243.62236428260803,63.0,18.349206349206348,0.0,1.1886792452830188,0.6087414428646656,0.3462114405510632,18.349206349206348,212.15860428231562,41.87038910563032,0.2447560247740674,0.8008633007754077,3.8670216552794927,0.0,1.0,112.0,10.0,51.0
66,934,0.8807947019867549,electron_positron,237.5,148.1248904466629,54.85969924926758,4.3292253375444965,14.620872497558594,3.343589449092019,0.3472222222222222,0.2638576652705377,4.3292253375444965,101.0,17.41355185134471,0.13602458002034132,0.8284681459919621,2.7000674898639825,0.4884955298056693,0.8725663971067636,79.0,5.0,53.0
66,933,0.8796296296296297,electron_positron,82.5,61.012192606925964,26.166967391967773,3.152830007550827,-42.27368927001953,4.987179277454787,0.6875,0.6008999148988763,3.152830007550827,107.66666666666666,17.37708154331341,0.2785034294478863,0.9396002285367651,2.33164935366772,-0.9954751139975914,0.09502261526332761,25.0,4.0,14.0
66,938,0.93296853625171,proton,639.0,205.1959581375122,91.16504669189453,7.009265318094916,-10.68491268157959,7.178101752177006,0.685254691689008,0.5518915580807131,7.009265318094916,114.05882352941177,27.724767816209052,0.19070984721818315,0.9242286409821715,2.250818329869359,-0.364386396227726,0.9312478479138465,103.0,7.0,53.0
66,938,0.9751243781094527,proton,545.5,129.15432798862457,53.708980560302734,10.156588233648002,-23.552265167236328,3.2411349542207537,0.7837643678160919,0.6129118966006718,10.156588233648002,131.69485903814262,37.224206492906745,0.410947829369407,0.9385986245292843,2.4047063757543157,-0.7325967205878628,0.6806629452114378,60.0,4.0,27.0
66,938,0.9715736040609138,proton,1813.5,352.83556735515594,152.958984375,11.856119517333845,-23.025493621826172,7.094984487737009,0.7106191222570533,0.5499447084063421,11.856119517333845,138.05837563451777,34.4677019920123,0.1830554692511176,0.9216216829634368,2.306733199078591,-0.7199576886334605,0.694017958397018,187.0,10.0,132.0
66,930,0.9838709677419355,electron_positron,60.5,151.92387998104095,65.29946899414062,0.9265006428372138,24.51964569091797,10.516708685761145,0.19547657512116318,0.14921618059043826,0.9265006428372138,102.62903225806451,19.76044751923018,0.03293920795460615,0.8959271658630884,2.326571445698482,0.7551593043793265,0.6555413221219023,62.0,4.0,11.0
67,943,0.9878587196467992,alpha,1700.5,253.722869515419,109.50020599365234,15.529651150597624,-19.47657585144043,5.4956722150549036,0.9028404565967614,0.7794128930020664,15.529651150597624,204.81401766004416,42.276893448076265,0.3319458713263465,0.930846098947347,2.317099472215853,-0.6286847418888997,0.7776602698583023,126.0,6.0,83.0
67,941,0.9798290598290599,alpha,2769.0,394.4995617866516,166.0537872314453,16.675319763352192,-39.41275405883789,6.314136455250212,0.7795608108108109,0.6340731288108663,16.675319763352192,197.88444444444445,43.452825160568565,0.22358350985872188,0.8929079991117644,2.3757336003231244,-0.9810415313892725,0.193797610123012,170.0,14.0,102.0
67,962,1.0,proton,218.5,153.09545290470123,68.2625503540039,3.2008765987628234,58.57043647766113,8.7804874219102,0.5375153751537516,0.41172292228714213,3.2008765987628234,154.09540636042402,14.290329333762063,0.11714849714132831,0.921102029004628,2.2427444053988745,0.8898876071291449,-0.4561798402800858,76.0,4.0,43.0
68,967,0.9959965684872748,alpha,3352.0,336.8771975040436,135.61964416503906,24.716183416031267,-24.829347610473633,3.824293166999522,0.8331055051572014,0.6969634224759438,24.716183416031267,220.41349728338577,38.11393483083914,0.37116809931112227,0.8995040633610656,2.483985263182736,-0.7622018579632374,0.6473394223414707,157.0,17.0,75.0
68,965,1.0,alpha,2309.0,245.7056245803833,101.06060028076172,22.847677468620283,-40.236358642578125,3.2843509083298263,0.9236,0.7425227045833686,22.847677468620283,215.52450166112956,39.2553853638871,0.48062194918755125,0.9272265362587583,2.4312701873705054,-0.9862068984774369,0.16551722990527137,103.0,6.0,58.0
68,965,1.0,alpha,1071.0,174.30865597724915,68.14175415039062,15.717235538672444,-47.72631072998047,2.6449089511744766,0.8693181818181818,0.610061444444251,15.717235538672444,150.39457567804024,17.0697464404898,0.4429568543543957,0.8968746836502941,2.5580300676226417,-0.9954751139975915,-0.09502261526332749,76.0,5.0,51.0
69,990,0.9679054054054054,alpha,1106.5,178.2670258283615,56.60753631591797,19.546867290333807,16.699241638183594,1.7694610655274667,0.7881054131054132,0.6110038145848807,19.546867290333807,159.98057432432432,35.03522061374723,0.43754149317320956,0.8157692974657885,3.1491747818431914,0.5504586399487263,0.834862435198637,78.0,17.0,19.0
69,989,0.9731781376518218,alpha,1883.0,204.71067690849304,76.05905151367188,24.757079696971033,77.90524196624756,2.336909611177359,0.9198827552515877,0.7606597286864117,24.757079696971033,212.36133603238866,42.294681510149424,0.5646498216858278,0.9203079170600654,2.6914702830825545,0.4097561280251344,-0.912195108266784,95.0,15.0,52.0
69,1004,0.9987961476725522,proton,2231.0,609.4701242446899,262.8338623046875,8.488251781704353,-62.55184555053711,15.712593596680348,0.5975626088121067,0.507440135082776,8.488251781704353,165.5056179775281,27.167639325938243,0.07547525533255946,0.8770696202842122,2.3188417158294765,-0.8181126728155773,-0.5750579575821485,312.0,37.0,163.0
69,1004,0.9565217391304348,proton,197.5,75.01219260692596,29.068883895874023,6.794206502989705,-63.4349479675293,2.60000003411969,0.8315789473684211,0.6076923077909013,6.794206502989705,139.90434782608696,10.148012367426901,0.4410758135400707,0.8928108139082023,2.580497857283507,-0.8000000179153028,-0.5999999761129288,35.0,4.0,14.0
69,988,0.9986905281536447,alpha,2113.5,414.71781718730927,111.6434097290039,18.930808411622102,-59.743560791015625,2.9374996737968324,0.6118106817194963,0.4980969648708561,18.930808411622102,164.1383675250982,37.04575684437043,0.1544211307197539,0.6167655015769804,3.714664557397242,-0.8704663563885264,-0.49222791712344277,211.0,20.0,106.0
69,1004,0.9877300613496932,proton,903.5,174.75230705738068,57.55344772338867,15.698451365457192,-71.56504821777344,2.2195120874794836,0.7551190973673213,0.6054007872439156,15.698451365457192,206.45705521472394,44.65112085237308,0.371785274986264,0.8009942518339609,3.0363481940694323,-0.6000000826393694,-0.7999999380204662,79.0,9.0,27.0
69,1004,1.0,proton,136.5,120.81118214130402,51.909053802490234,2.629599077636273,-70.76932525634766,5.895261941540168,0.4252336448598131,0.2986410698773817,2.629599077636273,144.78835978835977,11.805642627100381,0.11752445544250002,0.9038077684441739,2.3273624404902624,-0.6219865642417401,-0.7830279138720123,52.0,5.0,9.0
69,1004,0.978021978021978,proton,114.5,158.2670258283615,67.37006378173828,1.6995679322933495,-52.883140563964844,7.186207390450025,0.2974025974025974,0.18128894274446244,1.6995679322933495,143.5824175824176,12.247059242502134,0.057442650192574406,0.8747620581515168,2.3492188806753407,-0.9623780652721865,-0.27171392949748285,66.0,4.0,11.0
69,987,0.972421609369097,alpha,2531.5,249.29646337032318,104.6083984375,24.19977781719396,-3.5763344764709473,3.515723500243399,0.9414280401636296,0.8133164147753394,24.19977781719396,229.09482432942954,31.86622727766366,0.5118651487413418,0.9511624502059188,2.3831400451013445,-0.12451362219157457,0.9922178983916455,123.0,13.0,66.0
69,1004,1.0,proton,261.0,105.39696860313416,45.22159957885742,5.771578237626651,-55.00798034667969,3.8333333737537476,0.6932270916334662,0.48924371724057614,5.771578237626651,159.7843137254902,13.481016028344474,0.29525287237470443,0.9224904332189501,2.330677587362714,-0.9395973089217928,-0.34228189707743095,51.0,3.0,29.0
70,1013,0.9779800352319437,proton,3013.0,859.3868639469147,388.3204040527344,7.759056615502571,-1.9636576175689697,23.294280037913097,0.5573436921938587,0.46544460642607427,7.759056615502571,171.50587199060482,36.81753975851311,0.05126625266534138,0.9118993365137594,2.213087066705382,-0.0684909197082911,0.9976517397957628,507.0,19.0,334.0
70,1013,0.9689158453373768,proton,1077.5,524.4924215078354,232.68963623046875,4.630631675115879,-4.899093151092529,19.696384790937262,0.4498956158663883,0.3919671919029885,4.630631675115879,160.66717210007582,37.503003554741284,0.04922080453064345,0.904036966552515,2.254042895955834,-0.17017830599520425,0.9854132859712227,276.0,22.0,143.0
71,1031,0.722972972972973,electron_positron,115.5,74.18376553058624,30.462677001953125,3.791524953391151,-32.735225677490234,3.0727272832213584,0.6294277929155313,0.3824457767960647,3.791524953391151,133.45945945945948,28.516324954260845,0.2637388450431962,0.9006950392453844,2.4352346159803986,-0.9097472838016349,0.4151624737564169,33.0,3.0,20.0
71,1032,1.0,proton,307.5,214.83556735515594,95.30004119873047,3.2266512808611076,57.21571731567383,10.210684618027123,0.4186521443158611,0.3457114832985499,3.2266512808611076,130.5746835443038,22.118011838424007,0.08372258285085558,0.9159964538089188,2.2543071823773553,0.9104568790458594,-0.4136040031214319,99.0,3.0,56.0
71,1032,0.9758507135016465,proton,803.5,258.14927566051483,107.22653198242188,7.493481185530848,53.426971435546875,5.503988458162995,0.5630693763139454,0.38464392342172044,7.493481185530848,127.0900109769484,20.386135791062674,0.1515144045939479,0.8705825696839395,2.4075130556571054,0.9570469554340498,-0.28993296655333245,131.0,7.0,70.0
71,1025,1.0,electron_positron,42.5,48.870057225227356,20.611433029174805,2.061962404061991,40.236358642578125,3.8571433160577375,0.5151515151515151,0.3858676150043735,2.061962404061991,108.40625,12.411837532674202,0.22362126449930486,0.9326505209504495,2.3710169572418085,0.9862068984774369,0.16551722990527137,22.0,1.0,11.0
71,1014,0.9960753532182104,alpha,2452.0,219.82337474822998,85.98066711425781,28.518038790529403,-80.53768157958984,2.264068968807837,0.9130515732638242,0.7509456351518463,28.518038790529403,183.39913657770802,52.86111166455981,0.6376503289238367,0.9422243553366667,2.5566604927141534,-0.3243241992582341,-0.9459459888257391,86.0,7.0,54.0
71,1032,0.9158249158249159,proton,475.0,289.0193328857422,131.91798400878906,3.6007220969079774,57.52880859375,13.333333847416712,0.514626218851571,0.363935441938271,3.6007220969079774,113.32491582491582,18.16628631080799,0.07145780721522522,0.9228594853144243,2.1909016807479884,0.9058823398633026,-0.4235294397368238,139.0,6.0,58.0
71,1023,0.8109756097560976,electron_positron,123.0,99.0538227558136,42.601261138916016,2.8872384692771496,28.300758361816406,4.875969694555084,0.48140900195694714,0.33046174927175426,2.8872384692771496,123.10365853658537,9.871503025424406,0.15753334468099087,0.9002734149991559,2.3251382730857344,0.834862435198637,0.5504586399487263,55.0,3.0,38.0
71,1032,0.9952956989247311,proton,1268.5,535.9970356225967,237.50718688964844,5.340891013076483,59.3110408782959,16.76751999945061,0.46465201465201467,0.37705594533547593,5.340891013076483,126.00672043010753,15.346839820309183,0.05548499611809942,0.8929485952126262,2.2567613327492015,0.8777984226936494,-0.4790301964558615,256.0,16.0,118.0
72,1047,0.9919354838709677,electron_positron,96.5,61.69848430156708,26.81972312927246,3.598098292620881,-65.22486114501953,4.6265060914870535,0.7658730158730159,0.6206858880810245,3.598098292620881,97.28225806451613,16.00935234927009,0.3185577586168165,0.9429369889871424,2.300489233396526,-0.7609755709429974,-0.6487805333300154,30.0,1.0,18.0
72,1048,0.9973098557104426,proton,3798.5,696.2224313020706,284.2569274902344,13.362910918434864,45.0,8.20408276059486,0.49209742194584793,0.38567372153511587,13.362910918434864,100.58522866226461,17.958162757875552,0.09847499596977223,0.8470207323172992,2.4492716411493234,1.0,6.123233995736766e-17,315.0,33.0,105.0
72,1041,0.9492753623188406,electron_positron,106.5,73.84061968326569,29.998918533325195,3.5501279781699893,53.61564636230469,4.068965646594977,0.5741239892183289,0.48152898472464334,3.5501279781699893,96.80434782608695,12.977605401844121,0.2454532610190461,0.9033442062841454,2.461442721718039,0.955116715427569,-0.2962297417729222,31.0,3.0,16.0
72,1040,0.9932659932659933,electron_positron,203.5,230.97770273685455,101.55782318115234,2.003784579322951,47.602561950683594,8.525606859804487,0.25358255451713396,0.16821431397336847,2.003784579322951,95.25925925925925,13.11988711213414,0.04793295046193076,0.9043066322160539,2.274346726838082,0.995876289457241,-0.09072164073073953,115.0,8.0,73.0
72,1039,0.9036144578313253,electron_positron,133.5,72.5269113779068,30.623565673828125,4.359387846010804,-72.3498764038086,3.62564112639073,0.689922480620155,0.5161246090259378,4.359387846010804,111.77710843373495,23.247069126325208,0.3189280838781513,0.9278895408762516,2.3683365990228435,-0.5778611454576432,-0.8161350970093006,41.0,2.0,32.0
73,1052,0.943127962085308,alpha,377.0,102.91168737411499,38.371917724609375,9.824893368782961,57.9946174621582,2.496551656527108,0.8072805139186295,0.6392266863249926,9.824893368782961,180.69431279620855,36.15578347313452,0.44732360479289884,0.8907925897041624,2.6819531958944496,0.8988763942422683,-0.43820226822098746,46.0,3.0,27.0
73,1051,1.0,alpha,958.0,121.39696860313416,40.83238220214844,23.46177098502947,-38.1572265625,1.3563432639603152,0.9608826479438315,0.7793377050249577,23.46177098502947,201.72799208704254,45.16009764396656,0.8168826815666004,0.9504242838206737,2.973056237623744,-0.971608832602186,0.23659306078035638,31.0,4.0,8.0
73,1050,0.9977568416330193,alpha,2136.5,214.06601536273956,81.48800659179688,26.218582210539363,-12.26477336883545,2.382608610302096,0.9144018831585705,0.7665989430527186,26.218582210539363,194.64199192462988,41.97883586030659,0.5858916530798388,0.9196580088845001,2.6269634553103534,-0.4151624434713721,0.9097472976221912,80.0,18.0,35.0
73,1062,0.7548387096774194,electron_positron,86.5,161.92387998104095,68.50994873046875,1.2625903478676879,-68.55226135253906,6.189189191517701,0.16861598440545808,0.11406241982577822,1.2625903478676879,123.27741935483871,39.79245113754391,0.041457601052452706,0.8838924394435167,2.3635089936803264,-0.6806630427625859,-0.7325966299521027,60.0,7.0,3.0
73,1064,1.0,proton,164.0,165.48022890090942,73.18729400634766,2.240826119159099,36.60707473754883,8.718579914139374,0.33814432989690724,0.26694280556246475,2.240826119159099,145.85344827586206,14.955251822517477,0.07525952728720611,0.910819140212444,2.261051336131611,0.9573908461660162,0.2887953733658477,70.0,2.0,23.0
74,1069,0.9938744257274119,alpha,584.5,153.63960921764374,64.70913696289062,9.032727485381221,69.62356376647949,4.601905330319765,0.8458755426917511,0.6423784756415457,9.032727485381221,204.81316998468608,35.99296355298322,0.3111630299549278,0.9266020826739864,2.37431089995456,0.6527977314110018,-0.757532257969685,74.0,2.0,49.0
74,1084,0.9821428571428571,electron_positron,31.0,54.62741661071777,22.019535064697266,1.4078408063075152,-86.42366790771484,3.9662919852463663,0.33513513513513515,0.25358881057905064,1.4078408063075152,142.89285714285714,11.171837314407579,0.1305419910541902,0.891813887390719,2.4808614918622403,-0.12451353961544588,-0.992217908754137,33.0,0.0,31.0
74,1068,0.975,alpha,2506.5,313.4629839658737,113.19147491455078,22.14389380377081,67.61986541748047,3.515202728717376,0.7954617581720089,0.6876867359684574,22.14389380377081,210.3314393939394,39.04200821556059,0.32055683835531584,0.8200785148048202,2.7693161892493197,0.7041420001989003,-0.7100591831360903,117.0,20.0,43.0
74,1067,0.9873257287705957,alpha,718.0,161.53910398483276,54.42853546142578,13.19160976706522,-5.710593223571777,1.9963504073470928,0.730045754956787,0.483846851817436,13.19160976706522,171.28010139416983,33.958393568885526,0.34576335930257757,0.7961077471398873,2.9679120082023456,-0.1980198049251876,0.9801980192070328,74.0,6.0,26.0
74,1085,0.9273255813953488,proton,540.5,319.92387998104095,140.0159149169922,3.8602754574037745,-83.99099731445312,11.580087439848624,0.46,0.3192660446145635,3.8602754574037745,193.11482558139534,38.072260105022174,0.06636089671765084,0.8986981513411758,2.2849108272492193,-0.20821906637295975,-0.9780822155620523,147.0,22.0,68.0
74,1065,0.9750556792873051,alpha,2120.5,284.69343197345734,112.54794311523438,18.84085964884214,-69.19320678710938,3.8639282553612526,0.8340216322517208,0.6468330556509543,18.84085964884214,215.21024498886416,37.802621633821424,0.3287708050501062,0.8626273802366506,2.529530296986134,-0.6641035177479193,-0.7476406340715029,126.0,21.0,63.0
75,1089,1.0,alpha,1997.5,207.86500489711761,87.79835510253906,22.750995706777584,37.5685920715332,2.9149798206669906,0.9591836734693877,0.755352344675306,22.750995706777584,179.37619961612285,44.13427785210006,0.5809434938602986,0.9519982634975063,2.3675273261595113,0.9665427513117436,0.25650557476734304,76.0,4.0,36.0
75,1096,1.0,proton,312.0,215.9655101299286,93.62989807128906,3.332268927201498,-28.988821029663086,9.71901744715836,0.38854296388542964,0.3458978436293532,3.332268927201498,126.50742574257426,11.420731726784433,0.08406121425238847,0.9091751389865311,2.306587047285838,-0.8478412466699016,0.5302501489346582,95.0,6.0,34.0
75,1096,0.9968847352024922,proton,277.0,100.91168737411499,42.94173812866211,6.4506005595314315,-27.64597511291504,3.382059841588549,0.7367021276595744,0.5080445752138348,6.4506005595314315,129.02803738317758,11.820404195211005,0.34182726224659965,0.9278601601145244,2.3499674622336717,-0.8220640519542225,0.5693950249910912,45.0,5.0,23.0
75,1088,0.8705263157894737,alpha,830.5,280.4924215078354,109.79998779296875,7.563753117768403,-53.130104064941406,6.777778301055965,0.5649659863945579,0.4668984285573661,7.563753117768403,175.82210526315788,39.29501020672751,0.13264999480280731,0.820823338028398,2.554576071872726,-0.9599999832790488,-0.2800000573289694,126.0,19.0,42.0
75,1096,1.0,proton,614.0,278.73506212234497,121.38314056396484,5.058363106665893,-23.574705123901367,8.872108640584637,0.527038626609442,0.36972471479443747,5.058363106665893,150.03551912568307,21.096158861735418,0.09931046855601686,0.8868682603399707,2.296324356309276,-0.7331296606067437,0.680088891791831,136.0,8.0,64.0
75,1096,0.8280632411067194,proton,802.0,479.3036036491394,120.32600402832031,6.665225912523769,-27.040525436401367,2.57781733247686,0.2638157894736842,0.14279319770424453,6.665225912523769,152.197628458498,26.797558924951925,0.04386951608284506,0.5723720323664919,3.983375061107564,-0.8098476683503419,0.5866402254086525,216.0,25.0,86.0
75,1086,0.9870550161812298,alpha,571.0,102.76955199241638,31.00971031188965,18.413587042800234,86.98721265792847,1.2553190782951276,0.9128697042366107,0.7454093212155045,18.413587042800234,226.7265372168285,34.17049354500835,0.6793867078532789,0.9447051035947626,3.3141087407389547,0.10497237006310234,-0.9944751387155614,45.0,0.0,36.0
76,1105,0.9971509971509972,proton,311.0,84.62741661071777,33.26974105834961,9.347833499952932,-3.012787342071533,2.7284482488928488,0.9067055393586005,0.7666149219243037,9.347833499952932,205.83475783475785,33.280403102116374,0.5456926270368269,0.9681531570851533,2.5436752411837324,-0.10497237006310209,0.9944751387155615,40.0,4.0,24.0
76,1105,0.978421052631579,proton,1707.0,425.4213538169861,189.448974609375,9.010341721403691,-10.638766288757324,10.801858741678995,0.6001054666901037,0.5137448681870198,9.010341721403691,196.73684210526315,34.74716513277802,0.1185235946435484,0.9227267262374064,2.2455722164459466,-0.36288585801049505,0.9318335978360014,235.0,9.0,144.0
76,1105,0.9376391982182628,proton,783.5,253.09545290470123,112.76490020751953,6.948084009812778,-9.366510391235352,7.6507933837603534,0.6432676518883416,0.47140870141560176,6.948084009812778,188.0991091314031,46.867725767128285,0.15370223383652926,0.9253135706095272,2.244452417719818,-0.32115883484059077,0.947025344330253,128.0,2.0,60.0
76,1098,0.9990196078431373,alpha,948.0,152.76955199241638,59.069122314453125,16.048994175896905,-4.899092674255371,2.964285645916344,0.8855674918262494,0.8053920763160851,16.048994175896905,223.771568627451,34.176040447609736,0.5104398722466581,0.9547897182152093,2.58628444111885,-0.17017828959323972,0.9854132888037991,74.0,7.0,45.0
76,1097,0.9945615227736234,alpha,1384.5,192.95331752300262,72.62376403808594,19.064007743717738,-84.5596694946289,2.7357141481743543,0.8748815165876778,0.7181351227959379,19.064007743717738,213.15091774303193,35.86687463806336,0.46730273642291636,0.8801049055590665,2.6568895192737805,-0.18876399264652033,-0.9820224819626812,97.0,14.0,52.0
77,1116,1.0,proton,391.0,125.74011445045471,38.471553802490234,10.163353474293281,-2.2025980949401855,2.360848826099409,0.7398297067171239,0.6236852621602593,10.163353474293281,172.76510067114094,33.02769279270206,0.3107698790667818,0.7752322751642935,3.268391890174076,-0.07680945114543342,0.9970457904302777,53.0,10.0,14.0
77,1116,0.997610513739546,proton,1453.5,499.88939011096954,186.1142120361328,7.809720623150546,-11.309932708740234,8.252173673304492,0.43925657298277426,0.3462775368799569,7.809720623150546,163.58363201911587,35.84970278364694,0.07309321450421535,0.773587161041261,2.6859280902950036,-0.3846153921784071,0.9230769199256637,251.0,34.0,106.0
77,1116,0.9742738589211618,proton,1080.5,289.66399443149567,116.75418853759766,9.25448597205618,-4.236394882202148,4.724962134889795,0.5355638166047088,0.3745227160030584,9.25448597205618,175.75601659751038,44.52728445920463,0.16182499591760596,0.8634788290523927,2.480973043106003,-0.14733970273414798,0.9890859477306373,128.0,13.0,38.0
77,1107,0.9859531772575251,alpha,1411.5,179.49747383594513,67.88331604003906,20.793032549669,-5.440331935882568,2.4818025085233844,0.8922250316055625,0.7601897395692871,20.793032549669,226.7056856187291,37.18363093009223,0.5505212213573575,0.9540237727721547,2.6442060333362853,-0.1887640416830962,0.9820224725368877,73.0,6.0,38.0
77,1106,0.9944071588366891,alpha,843.0,116.56854152679443,43.7338981628418,19.27566568297013,-78.69007110595703,1.7022900837033332,0.9645308924485125,0.7502824108366319,19.27566568297013,186.03355704697987,29.190974082485294,0.7796051748025509,0.9579395259671291,2.6654047872146025,-0.38461526926327705,-0.9230769711402927,36.0,5.0,9.0
78,1120,0.9935275080906149,alpha,270.0,85.11269783973694,34.0,7.9411764705882355,0.0,2.6153846153846154,0.9215017064846417,0.6108597285067874,7.9411764705882355,180.23948220064725,41.99924018102784,0.4683655189323584,0.940657601634029,2.503314642345204,0.0,1.0,13.0,4.0,0.0
78,1131,0.9837837837837838,proton,641.5,223.5807341337204,86.8243179321289,7.388483034228549,-7.125016212463379,5.645161842377764,0.6026303428839831,0.48038595051776634,7.388483034228549,157.56891891891894,32.97868855535737,0.1612641266958835,0.8425242511369986,2.5750934698789667,-0.24615384153778838,0.9692307704031013,96.0,13.0,34.0
78,1131,0.8830865159781761,proton,1088.0,446.81832242012024,159.39817810058594,6.825674000573791,-17.35402488708496,4.16848696544633,0.2632788868723533,0.17850099317837284,6.825674000573791,139.35619641465317,23.48934217514661,0.06848205940403121,0.7755669753111042,2.8031582778704154,-0.5693950249910912,0.8220640519542225,211.0,21.0,83.0
78,1131,1.0,proton,640.0,314.6518018245697,139.40667724609375,4.590884831651298,-12.094758033752441,10.789189265790256,0.46732384081781675,0.35530525742818686,4.590884831651298,129.2630906768838,20.785033768601206,0.08123242007658199,0.9024387831297246,2.2570784128877617,-0.40975612802513445,0.912195108266784,146.0,12.0,41.0
78,1131,1.0,proton,282.0,180.911687374115,80.55550384521484,3.500691902341709,-9.462322235107422,7.656250201108004,0.5198156682027649,0.33271684493241455,3.500691902341709,124.02459016393442,14.409390787428215,0.10827438451424921,0.920504689403663,2.245801698686309,-0.32432432521855853,0.9459459456393514,89.0,6.0,32.0
78,1118,0.9989775051124744,alpha,909.5,151.15432798862457,57.0,15.956140350877194,0.0,2.375,0.8774722624216111,0.6648391812865497,15.956140350877194,223.8231083844581,27.135319420859872,0.5002319119624936,0.9124800377969775,2.651830315589905,0.0,1.0,52.0,13.0,13.0
78,1117,0.9918381831085876,alpha,2692.5,272.61017167568207,111.63333129882812,24.119140481372202,78.48616981506348,3.9159769984587802,0.9406113537117904,0.846073464338523,24.119140481372202,232.21327182398866,32.83683787761061,0.4552830305541731,0.9440216001062055,2.442014123415699,0.39117547002961817,-0.9203161150643334,139.0,4.0,97.0
79,1140,1.0,electron_positron,57.5,44.041630148887634,18.48117446899414,3.111274129058612,-60.25511932373047,3.820512984802754,0.777027027027027,0.6431768299840227,3.111274129058612,115.05194805194806,10.343322212273536,0.37252115234994954,0.9359161347241504,2.3830536431965545,-0.861538450539021,-0.5076923263580244,15.0,3.0,6.0
79,1139,0.9047619047619048,electron_positron,41.5,47.21320307254791,20.21353530883789,2.0530797490855104,83.29016304016113,4.119047894357834,0.5533333333333333,0.41836985407109245,2.0530797490855104,101.4126984126984,10.81978628523938,0.2339542992680795,0.9293377799059663,2.3357221956074676,0.23208191642651319,-0.9726962445017442,22.0,3.0,11.0
79,1136,1.0,electron_positron,77.5,64.38477599620819,28.164817810058594,2.751659908565862,-87.1375961303711,5.42307699017177,0.6919642857142857,0.5298263825300648,2.751659908565862,109.98148148148148,12.16246615577597,0.2349336296261986,0.9447507336562537,2.2860000881388354,-0.09975057632737318,-0.9950124735511394,29.0,4.0,8.0
79,1141,0.9666728042717732,proton,4976.0,1008.2396762371063,449.1280212402344,11.079246372246242,-78.4885025024414,15.618995691770028,0.48114484625797715,0.3852948227953288,11.079246372246242,150.1502485730068,25.377936493775337,0.06151239944890522,0.9109637063079744,2.244882591500138,-0.3911005309345762,-0.9203479639259776,506.0,51.0,300.0
80,1146,0.8863636363636364,electron_positron,77.0,124.56854152679443,52.7878532409668,1.4586689034030087,71.14684104919434,6.7662727340070745,0.25245901639344265,0.18697012708560407,1.4586689034030087,93.62121212121212,18.35282585087592,0.06235680139314441,0.8842025108134054,2.3597955567194986,0.6116142832507113,-0.7911560961805948,59.0,3.0,21.0
80,1143,0.8191126279863481,alpha,809.0,154.56854152679443,57.56725311279297,14.053128406438049,-79.8244857788086,2.418876162371016,0.800990099009901,0.5904880895127839,14.053128406438049,193.3481228668942,46.02019483502697,0.4255162672265745,0.9192415329509431,2.685008110842885,-0.34777081119597025,-0.9375795768254004,61.0,11.0,31.0
81,1155,0.7571884984025559,alpha,270.5,100.81118214130402,44.294471740722656,6.106856891382962,-61.699241638183594,5.360656305327864,0.8725806451612903,0.739071031079259,6.106856891382962,155.84984025559106,48.32147216816186,0.3344719626550651,0.9472133762336847,2.2759314690871917,-0.834862435198637,-0.5504586399487263,60.0,0.0,56.0
81,1158,0.5579710144927537,electron_positron,112.5,362.69343197345734,162.64683532714844,0.6916826864397152,-83.34557342529297,8.948087028588326,0.06384790011350738,0.03805322656282422,0.6916826864397152,84.06884057971014,17.838008194215632,0.01074689496893131,0.9126390598709754,2.2299445989461426,-0.23020010673813046,-0.9731433146550169,175.0,5.0,39.0
81,1151,0.7982456140350878,alpha,302.5,88.18376553058624,29.0,10.431034482758621,-90.0,1.6111111111111112,0.8231292517006803,0.5795019157088123,10.431034482758621,165.73976608187132,41.36189728861222,0.4888301266408806,0.9244491720695867,3.040819501054698,-1.2246467991473532e-16,-1.0,29.0,8.0,17.0
82,1173,0.9213139801375095,proton,1196.5,264.0071402788162,100.9598388671875,11.851247123858762,-42.3245735168457,3.229307540537144,0.5502414348126006,0.37907471061034576,11.851247123858762,110.22689075630252,20.33488937971104,0.2157204021560317,0.8500597544560321,2.6149718862578335,-0.9956423223337009,0.09325430809327229,131.0,8.0,58.0
82,1173,0.9853249475890985,proton,2198.0,434.1320307254791,181.96946716308594,12.078949475793614,-24.590118408203125,6.674392560396964,0.598176622669751,0.4430394382943057,12.078949475793614,104.11069182389937,15.0794232377023,0.14655272315355167,0.87406626533571,2.3857410668593007,-0.7567696245393893,0.6536816774046154,224.0,17.0,125.0
82,1173,0.9435146443514645,proton,428.5,118.1248904466629,44.38314437866211,9.654566074548068,-14.826480865478516,2.454402552374873,0.6716300940438872,0.5339006946708118,9.654566074548068,95.17991631799163,10.045558063795227,0.38590273167615924,0.9030557611336728,2.6614808865018875,-0.49474537881091973,0.869037979690899,55.0,5.0,37.0
82,1173,0.9907621247113164,proton,1600.5,297.8650048971176,131.09918212890625,12.208314148186462,-21.91486358642578,6.922297522197637,0.7847511645011032,0.6446232646600765,12.208314148186462,115.01212471131639,23.90119607901542,0.22668698042914126,0.9222525398777078,2.2720584526929777,-0.69251755663686,0.7214010214504228,141.0,12.0,55.0
82,1173,0.9844748858447488,proton,1003.5,211.23758828639984,86.70996856689453,11.573063819367267,-16.189207077026367,3.9928671003390965,0.761380880121396,0.5329226447455886,11.573063819367267,133.69680365296804,34.460053490774136,0.28260825267992284,0.8880382215485844,2.436139601681846,-0.5355086614093799,0.844529735151779,103.0,11.0,56.0
82,1167,0.7868020304568528,electron_positron,166.5,68.5269113779068,28.45867156982422,5.850589321834196,60.945396423339844,3.0206182123324625,0.8201970443349754,0.6209845956811596,5.850589321834196,120.70558375634516,27.9545428559223,0.445555476475508,0.9371665421894297,2.407944840635795,0.8490565941395809,-0.5283019022756732,37.0,1.0,25.0
82,1167,0.8224852071005917,electron_positron,136.5,75.84061968326569,30.477693557739258,4.478685361850103,-48.366458892822266,3.495238068156216,0.6275862068965518,0.5136238915971845,4.478685361850103,107.8284023668639,20.102109705384986,0.2982213759093289,0.9215406831015921,2.4883976059273465,-0.9931034555220647,-0.11724131793072938,29.0,3.0,7.0
82,1173,0.956140350877193,proton,502.5,155.78174459934235,60.41310119628906,8.317732247634833,-23.962488174438477,3.1648937296984894,0.632473253618628,0.43574552728750543,8.317732247634833,121.4719298245614,21.160624260233835,0.2602033021417603,0.8840671428389052,2.5786086381030113,-0.7422680225210367,0.6701031135151587,76.0,4.0,46.0
82,1166,0.9594594594594594,electron_positron,50.0,53.455843687057495,20.589767456054688,2.428390709449069,-82.87498474121094,3.132075624980778,0.4830917874396135,0.36940210059335055,2.428390709449069,102.31081081081082,9.351868834299124,0.21988190536765506,0.88406893242912,2.596233483508242,-0.2461538092725674,-0.9692307785974424,30.0,0.0,25.0
82,1165,0.5492957746478874,electron_positron,27.5,95.35533845424652,42.087425231933594,0.653401814163118,-72.07208251953125,8.30939154117828,0.22267206477732793,0.12900222519381044,0.653401814163118,105.11267605633803,21.09572368105567,0.03800603236968801,0.9153117297480303,2.2656491322233747,-0.5857477819669972,-0.8104933904238474,41.0,3.0,2.0
83,1177,0.902676399026764,electron_positron,323.5,204.89444243907928,52.89877700805664,6.115453292062499,81.70285415649414,1.6027483121388004,0.2529319781078968,0.18528845081473316,6.115453292062499,94.61800486618004,15.35809595450912,0.0968330901931553,0.7013388396571778,3.8733304251603635,0.2855928894051364,-0.9583510325143003,98.0,6.0,54.0
83,1174,1.0,electron_positron,56.0,44.14213538169861,19.0,2.9473684210526314,-90.0,3.8,0.7777777777777778,0.5894736842105263,2.9473684210526314,104.07792207792208,17.02463168453072,0.361152989584993,0.96167067436976,2.3232702832472953,-1.2246467991473532e-16,-1.0,18.0,3.0,9.0
83,1184,0.9394022484233616,proton,6772.5,1226.1534515619278,478.0623474121094,14.166562241643822,66.89980125427246,12.366260083138933,0.4349291975724882,0.36645302461589696,14.166562241643822,102.23718124485877,22.364933468109427,0.05660688119885635,0.807999751925598,2.5648400427255007,0.7217650298482375,-0.6921381666171665,621.0,54.0,326.0
84,1198,1.0,proton,960.0,291.0193328857422,115.25840759277344,8.329110388127477,45.0,7.086957327389362,0.6193548387096774,0.5121366078935473,8.329110388127477,169.42777777777778,23.838584632564768,0.14244178763426318,0.8258048604325144,2.52492932154642,1.0,6.123233995736766e-17,147.0,16.0,79.0
84,1188,0.9899516189058429,alpha,2578.5,247.722869515419,97.8991470336914,26.338329578220172,13.091896057128906,2.7528663898890944,0.9018887722980063,0.7406183246596791,26.338329578220172,231.59322664681804,32.31200470729567,0.5280132193427095,0.9179083321835976,2.530388435663966,0.44125201781127765,0.8973832273769529,103.0,12.0,44.0
84,1198,0.877906976744186,proton,107.5,160.55129659175873,69.364501953125,1.5497840678312105,51.8427734375,6.2060300255531535,0.2581032412965186,0.13865891323755244,1.5497840678312105,143.51162790697674,39.39432263016403,0.052407168250176675,0.8904744639982095,2.3146031770004742,0.971608832602186,-0.23659306078035625,56.0,4.0,8.0
84,1187,1.0,alpha,635.0,96.42640614509583,30.0,21.166666666666668,-90.0,1.1111111111111112,0.9709480122324159,0.7839506172839507,21.166666666666668,212.61209439528022,40.61795853794848,0.8582061608165111,0.9632469947254024,3.2142135381698607,-1.2246467991473532e-16,-1.0,21.0,3.0,7.0
84,1186,0.9822033898305085,alpha,1088.5,220.35028612613678,96.4810791015625,11.282004825569699,-29.475889205932617,6.293827842519528,0.8315508021390374,0.7359680960436138,11.282004825569699,220.46694915254236,30.481304509332347,0.2817157058196828,0.9381843912538305,2.2838704560319147,-0.856733528004353,0.5157593062594359,89.0,11.0,31.0
85,1211,0.968421052631579,electron_positron,73.0,46.14213538169861,19.150135040283203,3.8119835628543135,86.42366552352905,3.4111111148860647,0.8111111111111111,0.6790082406031448,3.8119835628543135,104.78947368421052,15.46261687993415,0.43086115962889626,0.9550741803734342,2.4094939949319665,0.12451362219157466,-0.9922178983916455,21.0,0.0,7.0
85,1208,0.608421052631579,electron_positron,393.5,187.92387998104095,67.34125518798828,5.843371925597682,-46.36392593383789,3.9072266659259367,0.4681737061273052,0.33903999179823285,5.843371925597682,124.24842105263157,19.95799200509284,0.14002018902976815,0.798903539247243,2.7906203924538833,-0.9988668581784074,-0.047592012279345966,96.0,13.0,61.0
85,1199,0.8185975609756098,alpha,594.5,133.01219260692596,43.0,13.825581395348838,0.0,1.72,0.7776324395029431,0.5530232558139535,13.825581395348838,194.07621951219514,51.28094231041874,0.42225890571877,0.9069171466515097,3.0933068048122316,0.0,1.0,43.0,6.0,9.0
85,1225,0.9842988630211154,proton,3323.0,915.626540184021,394.49188232421875,8.423493990350213,-49.516876220703125,14.604290212409236,0.39658670485738157,0.31184203363772794,8.423493990350213,131.60665944775312,26.556991847078205,0.04980849967507991,0.8773763249495421,2.3210275831011913,-0.9875960150505666,-0.15701627640547683,487.0,35.0,272.0
86,1230,0.996852871754524,alpha,2352.0,438.4751765727997,115.11060333251953,20.432522564457308,-17.850318908691406,2.3045865968315287,0.5915492957746479,0.40907193845107104,20.432522564457308,184.68922108575924,34.7692997232979,0.1537294799879606,0.6276707609521448,3.809164089829138,-0.5835502514446286,0.81207703085293,218.0,25.0,86.0
86,1226,0.944794952681388,alpha,582.5,117.9827550649643,44.973487854003906,12.952075273569006,36.57303237915039,2.089049321514761,0.8124128312412832,0.6016327697396626,12.952075273569006,221.59779179810724,36.72814350184752,0.5258582926612173,0.9521180455448128,2.623384591561326,0.9570469940409511,0.28993283911481926,39.0,3.0,10.0
86,1238,0.9555555555555556,v_track,1341.5,233.52185904979706,92.0799331665039,14.568863745526697,-50.9806022644043,3.5783444521300742,0.7251351351351352,0.5661647545223103,14.568863745526697,225.05347222222224,31.01555257983571,0.3091330667135369,0.8863508933594892,2.536077634065288,-0.9782881553105303,-0.2072493309497518,112.0,10.0,59.0
86,1238,0.9839228295819936,v_track,553.5,144.5269113779068,60.99999237060547,9.07377162667842,-90.0,4.066666675143773,0.8905872888173774,0.6049181853645529,9.07377162667842,223.94212218649517,30.687668281637904,0.3329891216924545,0.9502134803727583,2.3692939254784413,-1.2246467991473532e-16,-1.0,41.0,18.0,3.0
87,1242,0.9856527977044476,alpha,605.5,212.89444243907928,66.03939819335938,9.16876919785266,-43.8766975402832,2.3748755157108277,0.46883468834688347,0.32972265152127705,9.16876919785266,152.14347202295554,25.393535389838576,0.16787860921116227,0.7269673782901,3.223748978083313,-0.9992313608399833,0.03920060603963993,105.0,10.0,53.0
87,1245,0.6938775510204082,v_track,30.0,39.31370830535889,18.0,1.6666666666666667,-90.0,6.0,0.8,0.5555555555555556,1.6666666666666667,156.36734693877548,23.294646733330353,0.24391757670151845,0.9550257437454654,2.1840949058532715,-1.2246467991473532e-16,-1.0,9.0,4.0,0.0
87,1239,0.859504132231405,alpha,991.0,215.53910398483276,69.0,14.36231884057971,-90.0,1.725,0.5807207735130384,0.35905797101449277,14.36231884057971,216.4967860422406,37.52790499857833,0.26805960435814113,0.8498298391762105,3.1237551302149678,-1.2246467991473532e-16,-1.0,77.0,14.0,28.0
87,1245,0.9614420062695925,v_track,2982.0,465.36247873306274,119.99998474121094,24.850003159841304,-90.0,1.690140993390364,0.5963403659634037,0.3500001197242155,24.850003159841304,224.4793103448276,32.607007989959534,0.1730353258174755,0.6680517482228414,3.8780211492247454,-1.2246467991473532e-16,-1.0,181.0,28.0,44.0
88,1247,0.8967297762478486,alpha,518.0,136.42640614509583,42.0,12.333333333333334,-90.0,1.4,0.7214484679665738,0.4111111111111111,12.333333333333334,181.50086058519793,35.25269608150544,0.34973793888403765,0.9014768851589833,3.2482477653594244,-1.2246467991473532e-16,-1.0,43.0,10.0,6.0
88,1259,0.9807272727272728,v_track,2551.5,443.4629839658737,119.0,21.441176470588236,-90.0,1.7,0.5477672820953199,0.3063025210084034,21.441176470588236,195.25563636363634,36.176714196421926,0.16303869361812753,0.7159617179466677,3.726579697192216,-1.2246467991473532e-16,-1.0,165.0,37.0,37.0
89,1263,0.9994739610731194,alpha,1814.0,191.88224983215332,69.8547592163086,25.96816624022513,-10.304845809936523,2.1338796989589883,0.9255102040816326,0.7932593767536975,25.96816624022513,214.25775907417147,44.1926923227843,0.6191238621605888,0.9296612896245219,2.74687440032512,-0.3519999784743509,0.9360000080951156,73.0,6.0,29.0
89,1262,1.0,alpha,1026.0,129.53910398483276,45.48542022705078,22.55667848902986,-33.690067291259766,1.5769232346067634,0.9606741573033708,0.7820121310817686,22.55667848902986,180.82978723404256,35.92445924847246,0.7683435455169162,0.9378533288302573,2.8479258482874066,-0.9230769199256637,0.3846153921784071,41.0,5.0,13.0
89,1274,0.994409804343152,proton,4260.5,886.281306385994,403.1401672363281,10.568284547797038,-72.27236938476562,19.011411350366064,0.6396186758744933,0.49838250101261944,10.568284547797038,188.65362287680068,35.529495973988524,0.06815963487777336,0.9267306135183624,2.1984445570427114,-0.580067085735406,-0.8145687055408114,470.0,39.0,287.0
89,1274,0.9940222032450897,proton,1052.0,269.9655101299286,119.38198852539062,8.812049564547642,-69.44395446777344,9.026548624069006,0.7740986019131715,0.6662847122468396,8.812049564547642,197.95217762596073,27.598241907814685,0.18138820220191468,0.9234096746682654,2.261358798463231,-0.6575342547976938,-0.7534246503583762,131.0,8.0,72.0
90,1275,1.0,alpha,1703.5,172.32590091228485,61.51310348510742,27.693286527356314,-10.784297943115234,1.803840853209716,0.9508791515489813,0.812091713268567,27.693286527356314,196.26864834548513,42.089243096451,0.7208599321639874,0.9509712378137657,2.801450278866285,-0.3676148821025074,0.9299781171924206,61.0,12.0,16.0
90,1286,0.9757216077690856,proton,3475.5,526.0315254926682,199.23448181152344,17.444269528042017,-73.15618896484375,7.388472776255767,0.7349333897229858,0.6469086542536026,17.444269528042017,169.66091178850823,43.38168430429436,0.15783510799875577,0.8079692736065769,2.640263476029696,-0.554664682770785,-0.8320739688794407,267.0,39.0,117.0
90,1286,0.9966832504145937,proton,519.0,192.5096664428711,71.4926986694336,7.25948257177619,-68.19859313964844,4.583333109156232,0.5962090752441126,0.46539894906485074,7.25948257177619,126.1542288557214,11.650853299835651,0.17598357619462449,0.7911774071819792,2.692717858266802,-0.6896551060359033,-0.7241379942515149,100.0,16.0,46.0
90,1285,0.9934980494148244,proton,651.5,269.0365778207779,98.27159118652344,6.629586354854342,-72.12129974365234,5.557291449820703,0.4948727687048994,0.3749053324653246,6.629586354854342,155.3628088426528,20.393137896232215,0.1131101618831035,0.78245882637044,2.737684152382713,-0.5843544863477259,-0.8114985115730561,112.0,19.0,40.0
91,1289,1.0,alpha,522.0,132.28427076339722,53.0,9.849056603773585,-90.0,3.3125,0.848780487804878,0.6155660377358491,9.849056603773585,183.0888888888889,38.707921797437535,0.3748555557431867,0.9365064997442526,2.4959296370452306,-1.2246467991473532e-16,-1.0,40.0,20.0,0.0
91,1304,0.9856169568508706,proton,3581.5,1009.1139093637466,479.2215576171875,7.473578646603747,-41.317283630371094,36.00217574842937,0.6202268594683522,0.5614628299331894,7.473578646603747,160.4456220035327,30.714434561323717,0.04419716723814055,0.9579383060023787,2.105735631721828,-0.9917486858962569,0.12819728555257143,540.0,6.0,385.0
91,1304,0.9338345864661655,proton,1229.0,253.0193328857422,106.14014434814453,11.579030795066792,-32.13724899291992,4.410013983376068,0.712670339228762,0.4810968369582712,11.579030795066792,186.67293233082708,36.83628406520209,0.2412427854170799,0.9164942666126418,2.38382314664871,-0.9008839129672439,0.4340601056960053,121.0,6.0,60.0
92,1313,0.9012345679012346,electron_positron,53.0,60.62741661071777,27.276588439941406,1.9430582426646699,6.3401947021484375,4.660377187863385,0.5408163265306123,0.3319837570135584,1.9430582426646699,135.35802469135803,21.494362535081397,0.18119558343575878,0.9404747632520211,2.222690595790945,0.2195122957972589,0.9756097334456113,37.0,0.0,27.0
92,1305,0.9696969696969697,alpha,586.0,247.62236428260803,78.75676727294922,7.440630440925613,71.07535552978516,3.8596032326230247,0.5135845749342682,0.364640173751946,7.440630440925613,162.4949494949495,41.899268201140394,0.12009578029977222,0.6778651812769357,3.1441407876026357,0.6135865610254279,-0.7896274641430533,106.0,19.0,47.0
92,1314,0.9666550279329609,proton,5202.0,1218.1706964969635,517.74853515625,10.047348561652814,-70.82099151611328,10.934952325184556,0.3408130507419661,0.21220200552190568,10.047348561652814,174.9701466480447,35.399742110062576,0.04405182603644104,0.8815930971718188,2.352823067146554,-0.620573368356305,-0.7841483880535046,643.0,36.0,411.0
92,1314,0.9776595744680852,proton,774.5,387.4041088819504,173.07382202148438,4.474969067845847,-66.66596221923828,15.836902840625381,0.5330350997935306,0.40947642754131397,4.474969067845847,184.66914893617022,34.81036934836087,0.06484893391404464,0.9059999684464912,2.238374956750307,-0.7273905159348684,-0.6862237516495665,183.0,17.0,87.0
93,1319,0.9314128943758574,alpha,676.5,112.5269113779068,36.0,18.791666666666668,0.0,1.565217391304348,0.9050167224080268,0.8170289855072463,18.791666666666668,226.41838134430725,40.62430151245025,0.6713745399504775,0.9490571311332955,3.125747538275189,0.0,1.0,36.0,1.0,14.0
93,1333,0.8192691029900332,proton,1349.0,362.19090580940247,111.95105743408203,12.049908512872292,-64.24952697753906,2.569934532005111,0.3887608069164265,0.27661619911868035,12.049908512872292,156.62259136212626,33.467409960997344,0.12922505649872862,0.7322748254666518,3.235261140991583,-0.7826184354576327,-0.62250171444089,179.0,20.0,97.0
93,1318,0.9727810650887574,alpha,1595.5,211.4385987520218,63.498348236083984,25.126637846830334,11.592178344726562,1.459584306749866,0.7604861773117254,0.5775653588069231,25.126637846830334,199.1905325443787,46.02023383471238,0.44847488647682715,0.8346969174865215,3.3298283282252106,0.39369094589409565,0.9192428618820014,94.0,13.0,43.0
93,1316,0.9981078524124882,alpha,981.0,174.02438521385193,42.382930755615234,23.14611053342575,-27.7585391998291,1.06557368559008,0.7742699289660616,0.5819297030305102,23.14611053342575,163.60832544938506,39.38683112621091,0.4070602125616463,0.757028301423115,4.106001687738306,-0.8242949831538371,0.5661605609254459,86.0,15.0,26.0
93,1333,0.9153240914200075,proton,2361.0,703.4701242446899,294.080810546875,8.028405510748783,-69.0050048828125,12.166906335844027,0.4167696381288614,0.3321565174341242,8.028405510748783,136.24690895466466,22.423578948137173,0.05995349907701439,0.8578218322278603,2.3920980186925878,-0.6690007662446039,-0.7432617135061733,379.0,24.0,209.0
93,1331,0.9848357203032856,proton,1050.0,315.0782079696655,138.71771240234375,7.5693289762054885,-73.0724868774414,9.062500735966497,0.6359781950333131,0.4945082227039073,7.5693289762054885,143.99157540016847,19.838605657523274,0.13291146030525422,0.9060850292841699,2.2713624851006555,-0.5570934272987802,-0.830449825853735,150.0,9.0,66.0
93,1323,0.8817733990147784,electron_positron,150.5,118.32590091228485,38.18376159667969,3.9414660501412437,45.0,2.0,0.32968236582694416,0.20644723753376767,3.9414660501412437,161.85714285714286,21.924732097588347,0.13507865398009,0.7764010904168259,3.0988539621139375,1.0,6.123233995736766e-17,54.0,7.0,27.0
94,1344,0.9344262295081968,electron_positron,66.5,127.63960921764374,55.10226821899414,1.206846871270482,79.38034439086914,5.0393259700928095,0.1625916870415648,0.11037104237066944,1.206846871270482,131.2377049180328,8.854982184436954,0.051293292543985264,0.9057556032271099,2.316412977962411,0.362264161776952,-0.9320754674875004,80.0,1.0,63.0
94,1346,0.9764767381076843,proton,1676.0,603.7199051380157,282.46649169921875,5.933447149492937,36.087894439697266,23.056572083532746,0.5514972030273116,0.4843227636777215,5.933447149492937,180.96654469419758,32.68338713307665,0.057784703346545875,0.9462759276883792,2.1373151254375333,0.9520001319792192,0.30609761304451444,305.0,12.0,216.0
94,1346,0.9665551839464883,proton,758.5,352.457931637764,151.19515991210938,5.016694981776668,39.05313491821289,12.328555637077361,0.5488422575976846,0.40906470308330906,5.016694981776668,159.64659977703457,29.42240275483445,0.07672746902848267,0.8667379282826908,2.3311455991226824,0.9785315440204599,0.20609710661951244,170.0,10.0,91.0
94,1335,0.9724663151728178,alpha,3271.0,337.8477599620819,135.18975830078125,24.19561985400115,-36.09828567504883,3.7180561630350613,0.7990716990350556,0.6654400055695832,24.19561985400115,189.806971294669,39.25377378446514,0.36012089484321397,0.8956653310251929,2.49906327379039,-0.9521110978544142,0.3057522810094181,158.0,20.0,68.0
94,1339,0.8148148148148148,electron_positron,15.5,78.72792184352875,37.0,0.4189189189189189,-90.0,18.5,0.2152777777777778,0.20945945945945946,0.4189189189189189,118.77777777777777,26.198435539004212,0.031425629564978734,0.9661692231359496,2.127781671446723,-1.2246467991473532e-16,-1.0,34.0,3.0,6.0
94,1334,0.9580193756727664,alpha,863.0,152.36753106117249,44.150108337402344,19.546950902244973,-82.64762115478516,1.408163334831489,0.7874087591240876,0.6234480639988429,19.546950902244973,154.22497308934337,29.67556867769867,0.4671278913635056,0.8257986430074888,3.45112473783201,-0.25383826307315793,-0.967246678050642,64.0,15.0,15.0
95,1357,0.9817131857555341,proton,1755.5,792.5310872793198,340.72412109375,5.152262171415141,35.26887893676758,21.751093794528387,0.415257244234181,0.32890931638390225,5.152262171415141,140.09335899903755,34.68753613081855,0.03512190668589873,0.8663117966931656,2.326019903537312,0.9428612648482172,0.33318558679633786,377.0,35.0,166.0
95,1347,0.9845261121856866,alpha,2447.0,320.3919162750244,107.31938171386719,22.801100424936692,-34.99201965332031,2.9046562144411525,0.7384940395352346,0.6171239247535787,22.801100424936692,156.21431334622824,37.93695916337157,0.2995578696767296,0.7778413790432116,2.9854059085920475,-0.9395973089217927,0.34228189707743106,130.0,33.0,27.0
95,1348,0.726027397260274,electron_positron,19.0,119.25483322143555,53.14777374267578,0.3574938075862183,74.84593200683594,14.442625241800581,0.11343283582089553,0.09714704352867917,0.3574938075862183,112.87671232876711,27.55465065561283,0.01678848419698809,0.9235976243748029,2.2438349684942334,0.5046502206797305,-0.8633238991061809,50.0,4.0,1.0
96,1359,0.9046728971962616,alpha,1014.0,129.88224983215332,48.790367126464844,20.78279094255855,45.0,1.724999973026017,0.9638783269961977,0.7347826205610357,20.78279094255855,190.17009345794392,45.89935192862647,0.7553499646204915,0.9547387900602542,2.662046987584618,1.0,6.123233995736766e-17,45.0,6.0,21.0
96,1369,0.9890556597873671,proton,2982.0,524.4406867027283,229.511474609375,12.992814433680573,54.81930160522461,10.502145942599668,0.6574074074074074,0.5945342542017509,12.992814433680573,140.86741713570981,27.14975830703779,0.1362463098097774,0.9072057347748985,2.2850303567406303,0.9418312274409527,-0.3360862077162172,271.0,9.0,162.0
96,1369,1.0,proton,358.5,88.66904675960541,36.12812805175781,9.923016201847114,34.99201965332031,2.383783838885457,0.8840937114673243,0.6547343283624903,9.923016201847114,109.84130982367758,11.98897504866918,0.5730004260043643,0.959899698830968,2.45429396819499,0.9395973089217927,0.34228189707743106,31.0,4.0,8.0
96,1369,0.9631336405529954,proton,362.0,173.48022890090942,76.27127838134766,4.746216500922424,56.309932708740234,6.874999688383996,0.6073825503355704,0.4278181467170013,4.746216500922424,111.70276497695852,13.176107468562401,0.1511535882963949,0.9078955164472334,2.2745158148986064,0.9230769199256638,-0.384615392178407,82.0,6.0,36.0
96,1362,0.7428571428571429,electron_positron,52.0,38.97056245803833,16.933095932006836,3.0709091951525482,80.5376787185669,3.2187501274628194,0.859504132231405,0.5837378706772934,3.0709091951525482,125.31428571428572,19.442620970539974,0.43026880437596615,0.9612611526985884,2.3014434344741654,0.3243242937284778,-0.9459459564359499,20.0,0.0,14.0
96,1368,0.9879294336118849,proton,1929.0,554.0386657714844,230.00656127929688,8.38671727132869,49.72014236450195,9.860309324587051,0.457977207977208,0.3595359456408737,8.38671727132869,135.6392757660167,26.192565209812617,0.07896996439254257,0.8506144804842691,2.408795047801769,0.9864570830864442,-0.16401958184492552,268.0,27.0,113.0
96,1368,1.0,proton,1310.5,264.43354642391205,109.92820739746094,11.921416995928102,47.20259475708008,5.665265734730412,0.7930408472012103,0.6143827577599904,11.921416995928102,179.39731827805224,34.457600896886696,0.23551240653796338,0.8738907627560785,2.4055113121950153,0.9970457993795934,-0.07680933497633978,136.0,11.0,73.0
97,1371,0.895040369088812,alpha,798.5,168.55129659175873,65.88034057617188,12.120459503040394,-41.00908660888672,3.8689786413674345,0.8227717671303452,0.7118026186674443,12.120459503040394,211.3125720876586,39.65544062450574,0.3531999139350326,0.9051192032272221,2.558446041985425,-0.990312162198128,0.13885899827691617,69.0,7.0,23.0
97,1370,0.9739941118743867,alpha,1911.0,303.36247873306274,125.41921997070312,15.236899100842706,52.05784606933594,4.975079656682404,0.7508840864440078,0.6044112438686217,15.236899100842706,187.63886162904808,37.86939879562117,0.2609437039206628,0.8934014769184102,2.418787796670444,0.9698052577562116,-0.24388063069544458,131.0,17.0,34.0
98,1385,0.9626047711154094,v_track,1447.5,225.29646337032318,94.97853088378906,15.240286268178732,-11.633633613586426,4.743885315506869,0.8719879518072289,0.761205396198373,15.240286268178732,223.13733075435204,37.44843649050059,0.3583601318362443,0.9461102836100451,2.3720777871999785,-0.3950207345305464,0.9186722044837036,105.0,12.0,69.0
99,1396,0.9969827586206896,v_track,2194.0,277.3380935192108,102.37261962890625,21.431511745553646,-11.309932708740234,3.551020173225641,0.8742777445706316,0.7433992685451841,21.431511745553646,202.64956896551723,44.505472830688724,0.35844905161875706,0.854056588609778,2.7091041972408485,-0.3846153921784071,0.9230769199256637,126.0,12.0,51.0
100,1410,0.9967741935483871,v_track,2051.0,266.6518018245697,98.32780456542969,20.858799899627734,-13.495733261108398,3.2286075989639316,0.8556528994576554,0.6849016934614184,20.858799899627734,177.7963133640553,51.36769040695838,0.36248202811332886,0.8423449084814539,2.711865712888293,-0.45385779061305176,0.8910741304178005,128.0,23.0,52.0
101,1420,0.9234234234234234,electron_positron,126.5,207.63960921764374,93.04325103759766,1.359582759515603,7.594642639160156,10.277372244319832,0.2056910569105691,0.1501768044503854,1.359582759515603,98.61711711711712,13.63098863430106,0.036870581223105284,0.9223161172823823,2.2316461097617823,0.26200870905199936,0.9650655088546605,113.0,4.0,56.0
101,1418,0.8979591836734694,electron_positron,73.0,55.455843687057495,23.370962142944336,3.1235342196657747,73.30075645446777,3.297296984561002,0.6239316239316239,0.4406844656494548,3.1235342196657747,98.72448979591836,13.295526800505417,0.2982895853024292,0.9454946145499622,2.3728524032460316,0.550458695533054,-0.8348623985496344,26.0,2.0,13.0
101,1416,0.6017699115044248,electron_positron,189.0,81.94112491607666,35.6619873046875,5.299760733613333,61.18920707702637,3.026022089441798,0.7411764705882353,0.4496999259085667,5.299760733613333,105.80530973451327,8.663174434105857,0.3537266854371606,0.9454145974668016,2.2977161708906255,0.844529735151779,-0.5355086614093801,29.0,5.0,4.0
101,1422,0.9924361802710369,proton,2960.0,491.10259318351746,208.98284912109375,14.163841733657518,67.26058387756348,7.1319133713026135,0.6744901446963655,0.48336642300609745,14.163841733657518,137.55751654585563,25.789449986603714,0.15422583149037014,0.8837869125107098,2.349966015148694,0.7129914516433601,-0.7011727247144559,228.0,25.0,113.0
102,1431,0.9909706546275395,alpha,399.5,98.66904675960541,30.674089431762695,13.024021491778074,71.5650520324707,1.366197014391826,0.7810361681329423,0.5800784834061716,13.024021491778074,158.67720090293452,34.55890511343061,0.5156615891260226,0.8700861622550758,3.216690326834434,0.5999999761129289,-0.8000000179153027,47.0,5.0,18.0
102,1431,0.9382940108892922,alpha,505.0,102.42640614509583,39.35131072998047,12.833117642896127,21.250503540039062,1.9537274041835109,0.8867427568042142,0.6371430367867065,12.833117642896127,160.46642468239563,33.62700088452024,0.6048913477951868,0.9365428851873938,2.602871524354601,0.6756031665341846,0.7372654619395803,46.0,5.0,16.0
102,1439,0.9730994152046784,proton,2241.5,726.6000670194626,329.9237060546875,6.793994971760087,14.724311828613281,26.69604375449307,0.6063024073573168,0.5497416029991163,6.793994971760087,147.19220272904482,27.509418865855242,0.05335286431839413,0.9182628170952146,2.2023275493244574,0.49164292617972577,0.8707968954569353,389.0,28.0,239.0
102,1426,0.9762062128222075,alpha,1436.0,177.68123936653137,66.639892578125,21.54865418362599,19.983108520507812,2.2608696439947678,0.9178651326302333,0.7310740793224673,21.54865418362599,193.26834104428286,50.13724095215851,0.5715854357226177,0.8994126525203217,2.666289402526085,0.6423358198925554,0.7664233128519504,74.0,15.0,36.0
102,1438,0.994263862332696,proton,1380.5,435.0609630346298,194.9857177734375,7.080005734594693,21.66596221923828,15.089655237564415,0.6429902189101071,0.5479111333638755,7.080005734594693,188.10579987253027,42.2297763095164,0.09165286416984346,0.9150621005357261,2.2312452830014267,0.6862237516495665,0.7273905159348684,208.0,25.0,111.0
102,1425,0.9736434108527132,alpha,595.5,106.5269113779068,36.781341552734375,16.190274059096403,-14.931418418884277,1.6129944140788433,0.9070830159939071,0.7100018791399056,16.190274059096403,180.1937984496124,43.654151266301,0.659436465605583,0.9298665742367451,2.896221477543889,-0.49792534876281397,0.867219895447187,37.0,6.0,13.0
103,1453,0.9923595505617977,v_track,2082.0,322.1076455116272,126.2626724243164,16.489433971453277,-7.0165019035339355,4.586245421410375,0.7068409438125954,0.5989465421663456,16.489433971453277,211.07460674157304,39.93820853831381,0.2521671572696052,0.8630503190282408,2.5510916197714963,-0.24248077012513736,0.9701562122253923,136.0,17.0,41.0
103,1453,0.995835261453031,v_track,2025.0,294.85281229019165,131.3205108642578,15.420287254998449,-81.02737426757812,6.330827445153563,0.8810093539264738,0.743396268592087,15.420287254998449,220.87181860249885,34.462256908166665,0.29270109204182215,0.9461594116993376,2.245291389362416,-0.3081080788025175,-0.951351360842366,143.0,7.0,75.0
103,1441,0.9860896445131375,alpha,589.0,135.53910398483276,37.570213317871094,15.677313168723193,20.556045532226562,1.3659575562872213,0.751754945756222,0.5699872982864409,15.677313168723193,204.98454404945903,30.13816318431526,0.402898766904923,0.7692746019810868,3.6076213578579983,0.6575342547976939,0.7534246503583761,64.0,1.0,50.0
104,1463,0.5314861460957179,proton,2547.5,530.1736608743668,129.8289337158203,19.621974294082754,-29.18080711364746,2.0505014179262337,0.38671726755218216,0.3099069287636457,19.621974294082754,124.66930550557754,25.8341312221956,0.11389056842122149,0.6217307667475226,4.083632559401991,-0.8513756944108298,0.524556409708696,272.0,42.0,120.0
104,1463,0.7953216374269005,proton,277.0,152.85281229019165,49.67652893066406,5.576073972209739,-65.89776611328125,3.4466667562140536,0.4686971235194585,0.38688026727935165,5.576073972209739,99.69883040935672,12.784536933224091,0.14898507568841582,0.7598913743448441,3.0769624122397063,-0.7455279718565845,-0.666474337975145,68.0,8.0,24.0
104,1463,0.9608636977058029,proton,1986.0,583.0092282295227,253.17735290527344,7.844303517712597,-41.89397430419922,12.269494753721533,0.4834469328140214,0.38015106703949336,7.844303517712597,98.88843904633379,16.099336438988708,0.0734240354431994,0.8843892705701814,2.302770060352342,-0.99412822577868,0.10820845951280322,298.0,26.0,169.0
104,1463,0.9215456674473068,proton,723.5,318.2325359582901,141.64630126953125,5.10779309812891,-38.87306594848633,10.587885590288854,0.4921768707482993,0.3818012080594226,5.10779309812891,97.77166276346604,17.45433903358664,0.08977579096663324,0.9108625272829457,2.2466702844061013,-0.9772167798805217,0.2122436456526887,169.0,3.0,104.0
104,1458,0.5302197802197802,electron_positron,297.0,162.6518018245697,47.41130065917969,6.264329302733343,62.850318908691406,1.4291609320291803,0.3254794520547945,0.18883124023931788,6.264329302733343,98.93131868131869,6.871121876629535,0.14107451178711802,0.81375825174748,3.430654708121309,0.81207703085293,-0.5835502514446287,86.0,6.0,54.0
104,1454,0.5979827089337176,alpha,604.0,202.02438521385193,82.99998474121094,7.277109771564855,-90.0,3.772727233319236,0.5889809848854217,0.330777774244633,7.277109771564855,198.15706051873198,55.05752664054598,0.18596842586598883,0.8941768100828718,2.434029184990239,-1.2246467991473532e-16,-1.0,57.0,9.0,4.0
105,1470,0.9665959703075292,alpha,1795.0,214.7939372062683,81.85185241699219,21.929864101980467,-46.789913177490234,2.6585366246514823,0.8292908292908293,0.712278893722895,21.929864101980467,217.84570519618242,35.00980093202681,0.4889115300650466,0.9074814304368577,2.624179305216039,-0.9980487748880481,-0.06243911389879121,108.0,15.0,56.0
105,1469,0.973846885401807,alpha,1965.0,326.19090580940247,141.76670837402344,13.860800060446744,63.4349479675293,7.204545207812168,0.7913813934756343,0.7044020545957188,13.860800060446744,205.95625297194485,39.00950281871456,0.23207519349144967,0.9196780581008814,2.3008991994708112,0.8000000179153028,-0.5999999761129288,139.0,15.0,64.0
105,1467,0.9880430450378637,alpha,2375.0,309.90663504600525,118.89988708496094,19.97478768253937,27.095550537109375,3.974394401323927,0.7711038961038961,0.6676851112263166,19.97478768253937,213.44998007174175,40.50453513472612,0.3107504233470804,0.8640138319850885,2.6064502048228086,0.8109729561812679,0.585083638758268,130.0,16.0,39.0
105,1465,0.9246323529411765,alpha,470.0,155.94112491607666,69.0,6.811594202898551,-90.0,5.75,0.8736059479553904,0.5676328502415459,6.811594202898551,206.21323529411765,29.643322849047596,0.242877003653428,0.9521220127891855,2.260016303131546,-1.2246467991473532e-16,-1.0,51.0,24.0,0.0
105,1464,0.9675925925925926,alpha,808.0,126.56854152679443,41.0,19.70731707317073,0.0,1.3225806451612903,0.9063376332024677,0.6357199055861527,19.70731707317073,216.54282407407408,30.975580576069937,0.6338254500222836,0.9247735166932791,3.0870375982144984,0.0,1.0,40.0,3.0,18.0
106,1487,0.9560496380558429,alpha,1848.0,206.45079135894775,82.34651184082031,22.441752038899608,-43.15238952636719,2.5836911545868007,0.9595015576323987,0.7041288688513999,22.441752038899608,217.21044467425028,39.08024352310265,0.5448522228459464,0.9352202804844961,2.5070981969221338,-0.9979209974538749,0.06444907168193705,68.0,5.0,34.0
106,1486,0.9942756494936151,alpha,2119.0,347.5634891986847,98.23283386230469,21.571198922859672,-21.801408767700195,2.4719625230710216,0.7243206289523159,0.5428245650508617,21.571198922859672,199.29326287978864,35.45331204020317,0.22043092535781392,0.6574447162368686,3.5381600584370063,-0.689655154248305,0.7241379483349472,170.0,35.0,46.0
106,1484,0.9270253555967841,alpha,1514.0,240.45079135894775,104.73216247558594,14.455922270801272,-68.19859313964844,5.174311656874611,0.8560927339553294,0.7141974857448091,14.455922270801272,228.06246134817565,33.18288271472233,0.32906623154645825,0.936691603789712,2.295863903459447,-0.6896551060359033,-0.7241379942515149,103.0,8.0,60.0
106,1481,0.963302752293578,alpha,1967.0,254.87719750404358,109.4012680053711,17.97968191651517,-36.1353759765625,4.472746146668415,0.8587644619078804,0.7350788018880077,17.97968191651517,219.52438435538386,34.03722022282922,0.38049789414576823,0.9414467927904778,2.329746283119226,-0.9525061559449899,0.3045193308919791,108.0,7.0,62.0
106,1496,0.9836858006042296,v_track,1567.5,200.75230705738068,78.71617126464844,19.913316092699326,-17.216073989868164,2.817043910108669,0.8475263584752636,0.7126449994678629,19.913316092699326,231.70211480362536,29.16748326681201,0.4887607512765727,0.942840380336172,2.5503311941130815,-0.5654298758295351,0.8247963721546043,86.0,11.0,35.0
106,1496,0.9969164353993216,v_track,3104.0,344.7594473361969,149.01113891601562,20.830657510439202,39.0355110168457,5.439080297162354,0.8752290991118004,0.7603432848454627,20.830657510439202,228.07770582793708,29.008491415450028,0.32817026285684225,0.9303699532762666,2.313648830846849,0.9784045699387557,0.2066990506097177,158.0,10.0,83.0
107,1502,0.9197916666666667,alpha,891.5,148.6690467596054,55.5352783203125,16.052859136818736,-83.99099731445312,2.520190141558848,0.8312354312354312,0.7284785196736151,16.052859136818736,221.4625,35.44815242599629,0.5068624259810313,0.936216042038499,2.677019927803773,-0.20821906637295975,-0.9780822155620523,67.0,1.0,33.0
107,1501,0.9014657980456026,alpha,1158.5,160.61017167568207,55.23979568481445,20.972199220470223,-37.5685920715332,1.7423076992491515,0.9022585669781932,0.6614800746277427,20.972199220470223,201.6425081433225,38.73462772817319,0.5643646583227142,0.8796747110104304,2.9075084309161228,-0.9665427513117436,0.25650557476734304,54.0,9.0,18.0
107,1500,0.906158357771261,alpha,862.5,373.26197350025177,73.7308349609375,11.697955142606908,-14.036243438720703,1.9363059877220297,0.40789784819106173,0.3072096036717045,11.697955142606908,180.01368523949168,28.32419164362097,0.07779317053268679,0.48896092508617645,5.06249486660507,-0.47058823439458186,0.882352941656223,206.0,19.0,119.0
107,1499,0.9550898203592815,alpha,2222.0,268.9360725879669,108.42321014404297,20.493766943886065,-68.74949645996094,3.92870536880561,0.8777404700770294,0.7425898210588976,20.493766943886065,224.4071856287425,37.02991854029264,0.3860608849960922,0.8965637874823976,2.4804289803878574,-0.6756031665341845,-0.7372654619395804,120.0,14.0,57.0
107,1498,0.9978062157221207,alpha,2618.5,276.97770273685455,113.39657592773438,23.091526164500095,-36.7241096496582,3.506294555224475,0.8706566916043226,0.7140047377974462,23.091526164500095,220.54698354661792,35.299686999116034,0.4289165701523039,0.9143483498717926,2.442557903277146,-0.9585626662608538,0.28488175591090936,123.0,11.0,48.0
107,1508,0.9991164126352993,v_track,4296.0,547.8132700920105,118.89493560791016,36.132741718850674,85.47117567062378,1.1016003455835424,0.5322760500557552,0.3347816335561277,36.132741718850674,220.23901038215155,32.66213365299611,0.17989083602626355,0.6927255655502708,4.607540828303911,0.15742815710774666,-0.9875304427457711,290.0,36.0,147.0
108,1517,0.9758214507129572,proton,2983.0,599.1513636112213,263.47833251953125,11.321614082929853,55.24408721923828,10.682529833142272,0.617214980343472,0.45902628517377797,11.321614082929853,214.45815251084935,37.938365074287425,0.1044215206182113,0.8990493768114839,2.2740062071965905,0.9367444503443072,-0.3500140493596534,283.0,26.0,170.0
108,1512,0.9878934624697336,alpha,1134.5,238.06601536273956,79.35913848876953,14.295770110464948,22.38013458251953,2.9415322392497423,0.7200888606791495,0.5298881699778833,14.295770110464948,180.43179983857948,34.57055793967146,0.2515472409811702,0.7473595805796982,2.9998563479419493,0.7041420001989002,0.7100591831360905,116.0,18.0,47.0
108,1511,0.9485903814262023,alpha,502.5,235.86500489711761,86.0702133178711,5.838256704955371,61.82140922546387,4.95289840438049,0.4654932839277443,0.33596166668653016,5.838256704955371,185.13101160862357,30.1746890210533,0.11350602389217136,0.7613067302303568,2.740378997621748,0.8325074459541572,-0.554013855811284,114.0,10.0,46.0
108,1510,0.9903560830860534,alpha,1249.0,224.16652059555054,80.86539459228516,15.445420210923684,4.0856170654296875,3.215297310349681,0.761817627325404,0.6141269490094273,15.445420210923684,206.2507418397626,37.396496619206545,0.3123422974686366,0.8195687633880938,2.772094561904689,0.14213198955852419,0.9898477143198016,99.0,16.0,28.0
108,1509,0.9893283113622097,alpha,1487.0,229.88224983215332,82.0,18.134146341463413,-90.0,3.4166666666666665,0.8363329583802025,0.755589430894309,18.134146341463413,235.08976773383554,20.82103461030699,0.35359812609979807,0.8541106816825342,2.803442071123821,-1.2246467991473532e-16,-1.0,89.0,20.0,24.0
109,1535,0.8956043956043956,proton,293.5,158.46803629398346,67.40323638916016,4.354390318966953,72.47443199157715,5.864629316651111,0.554820415879017,0.3788673435992791,4.354390318966953,177.4587912087912,56.13764436652416,0.14687051478224833,0.8963345225841653,2.3510449168798133,0.57430729434711,-0.8186398058118735,75.0,8.0,36.0
109,1534,0.9926308032424466,proton,2535.5,425.0020879507065,170.27810668945312,14.890346441449168,59.30027961730957,6.6148224273997736,0.7630153475774902,0.5784478081629456,14.890346441449168,176.68201915991156,45.33197201761985,0.17639706369451058,0.829269314190349,2.495929137418761,0.8779783031212711,-0.47870042745781355,214.0,21.0,116.0
109,1519,0.9882005899705014,alpha,606.5,163.78174459934235,60.558837890625,10.015053477337139,5.042449951171875,3.2966505279268037,0.6532040926225094,0.5451909660635977,10.015053477337139,174.7315634218289,29.917367627455242,0.2841251535445136,0.8410619379679503,2.704506068877142,0.17510725771477995,0.9845493630568299,75.0,11.0,36.0
109,1518,1.0,alpha,1230.0,217.88224983215332,75.0,16.4,-90.0,3.409090909090909,0.8194536975349767,0.7454545454545455,16.4,195.18571428571428,27.733440206595567,0.3255901615700042,0.8159386644534018,2.905096664428711,-1.2246467991473532e-16,-1.0,95.0,16.0,28.0
110,1543,0.9997405966277562,v_track,3681.5,441.5117543935776,198.84127807617188,18.514767334123125,50.19443130493164,7.395237669951095,0.8443807339449542,0.6885949746673615,18.514767334123125,226.5130998702983,32.717551180393265,0.23732862779597386,0.9468330703582968,2.2204230362291466,0.9836065422875784,-0.18032795115864383,205.0,9.0,128.0
110,1542,0.9987829614604462,v_track,2311.0,368.1320307254791,130.9617919921875,17.64636818758453,32.27564239501953,4.15091673687967,0.663985059617871,0.5593127884150763,17.64636818758453,208.31724137931033,38.982109160237755,0.21429034124724003,0.7911209525053168,2.810988038003023,0.9029702682373597,0.4297030308007504,173.0,15.0,75.0
110,1536,0.9894046417759839,alpha,1823.0,368.19090580940247,136.55955505371094,13.349486964006191,2.7263107299804688,5.267890411688631,0.66557137641475,0.5149667802519658,13.349486964006191,208.15943491422806,34.14141968528396,0.16898588010267565,0.7855052300825611,2.6961929223084202,0.0950226152633275,0.9954751139975915,159.0,30.0,58.0
111,1552,1.0,electron_positron,15.0,35.65685415267944,15.0,1.0,-90.0,7.5,0.5,0.5,1.0,150.87878787878788,22.399617929314047,0.14825695423270605,0.9535333614798169,2.3771236101786295,-1.2246467991473532e-16,-1.0,10.0,3.0,0.0
111,1554,0.9976869699306091,v_track,1203.5,223.52185904979706,76.58695983886719,15.714163384106998,28.36904525756836,2.3938394631654147,0.6271495570609693,0.4911695740194917,15.714163384106998,196.54356206630686,38.81192208419849,0.3027024645616235,0.8211746240743361,2.918536778585664,0.8361721697035757,0.5484670478827463,89.0,17.0,30.0
111,1553,0.9984044674910252,v_track,4833.0,454.44068670272827,201.29641723632812,24.00936919968084,49.820762634277344,6.42601608274417,0.8801675468949189,0.7664547374062639,24.00936919968084,216.71240526525727,38.27831260484261,0.2940845738720757,0.9395798033137834,2.257569672336498,0.9858749120331651,-0.1674833061042173,212.0,9.0,117.0
111,1544,0.9919786096256684,alpha,1412.0,199.9655101299286,84.01130676269531,16.807261479558246,44.443748474121094,3.3620880153865143,0.8465227817745803,0.6726177055132058,16.807261479558246,224.65508021390374,31.64525990083542,0.4437459168805966,0.9565616901763232,2.3802213991834016,0.9998114990614673,0.019415621145396904,96.0,6.0,67.0
112,1557,0.6533665835411472,alpha,325.0,158.28427076339722,72.0,4.513888888888889,0.0,7.2,0.6316812439261419,0.4513888888888889,4.513888888888889,194.09725685785537,48.25620544599666,0.163011298003911,0.9645475972121083,2.198392649491628,0.0,1.0,51.0,18.0,0.0
112,1556,0.7748427672955975,alpha,1477.5,261.52185904979706,93.87663269042969,15.738740916200594,-50.3558235168457,3.0112913655404383,0.6734275296262534,0.5048533726355575,15.738740916200594,183.83018867924528,50.73074905778938,0.2714697006101341,0.8042949211771532,2.7858035759782642,-0.9825750341020448,-0.1858663561792866,112.0,9.0,33.0
112,1564,0.6866213151927437,proton,1957.0,590.0975408554077,178.29522705078125,10.976177166215537,-55.388858795166016,4.372086349105382,0.3686540453988886,0.2691535558610618,10.976177166215537,152.91791383219956,20.248749491397245,0.07062412499293809,0.6531911334976213,3.3096653826147504,-0.9349637072987983,-0.3547433805359686,287.0,33.0,110.0
112,1564,0.9694989106753813,proton,412.0,111.0538227558136,43.84062194824219,9.397676896244839,-45.0,2.818181985375932,0.8459958932238193,0.6041055659440231,9.397676896244839,159.05010893246188,17.86733046119319,0.41979769990017135,0.9159691309813982,2.5331260785242202,-1.0,6.123233995736766e-17,51.0,6.0,27.0
113,1577,0.9524002430625886,proton,4446.5,1087.9381605386734,422.5317077636719,10.52347059001544,-74.15691375732422,13.742917811349914,0.46448344301681815,0.34227772437288906,10.52347059001544,202.0322057929917,41.972646260216315,0.04720844984318665,0.7922218608191822,2.574808329289155,-0.5252663047128527,-0.85093789969263,570.0,43.0,318.0
113,1577,0.9995389580451821,proton,1993.5,388.3502861261368,172.64364624023438,11.546906262776888,-74.31409454345703,9.660884615417457,0.7434271862763379,0.6461478977019622,11.546906262776888,197.93683725218995,28.341446618893993,0.16610352349591842,0.9353802930408486,2.249432832215242,-0.5205896283126192,-0.8538070267298864,212.0,5.0,145.0
114,1581,0.9895561357702349,proton,344.0,88.42640614509583,31.304948806762695,10.98867792831806,-63.4349479675293,1.707317019890428,0.8200238379022646,0.5993032273880865,10.98867792831806,189.16971279373368,45.07805729827939,0.5528462363002099,0.9309203175610018,2.824678190369485,-0.8000000179153028,-0.5999999761129288,43.0,2.0,28.0
114,1581,0.9643652561247216,proton,3816.0,516.7594473361969,212.19354248046875,17.983582136347255,-75.20323944091797,7.371356231671914,0.734128510965756,0.6247286731675578,17.983582136347255,187.57139321950012,43.49437169884052,0.17957314128860088,0.8619702509093448,2.4353212698909616,-0.4938435428354944,-0.869550777815584,249.0,35.0,114.0
114,1581,0.9911214953271028,proton,2009.0,298.1076455116272,108.83626556396484,18.4589207429143,-70.42687225341797,3.949848119100265,0.774479568234387,0.6699047693268247,18.4589207429143,166.42009345794392,33.82589656603269,0.2840819051820216,0.8106838519638865,2.7390469892264404,-0.6313021123731377,-0.7755370029297212,141.0,21.0,52.0
114,1581,0.9980593290823399,proton,3409.5,450.57568180561066,184.49855041503906,18.479819989534622,-73.1683349609375,6.339966797395885,0.7757679180887372,0.635026372250305,18.479819989534622,187.17909620182976,32.60981661536489,0.21104013776855363,0.8726672163358145,2.442163804496118,-0.5543118541642134,-0.8323090581827353,208.0,22.0,97.0
115,1593,0.9947765525246662,proton,1600.5,270.7523070573807,109.22447967529297,14.653308532647921,77.47119140625,4.12704907163333,0.7392609699769053,0.5536755455901801,14.653308532647921,129.46314567614627,27.24387837175564,0.2743602631293424,0.8986687118940708,2.4788610379494074,0.42352943973682394,-0.9058823398633026,141.0,9.0,86.0
115,1593,1.0,proton,1113.5,241.92387998104095,104.48384857177734,10.657149552019593,82.28810691833496,5.657909207602265,0.702745345534869,0.5770957463893917,10.657149552019593,110.50981996726678,27.2003445113988,0.23907964769313003,0.9219572354422505,2.3154189215651484,0.26595633577752376,-0.9639850763677792,132.0,7.0,85.0
115,1593,0.9798319327731092,proton,539.5,125.9827550649643,52.94574737548828,10.189675785930381,78.17851257324219,3.147496885251627,0.8004451038575667,0.6057516304470529,10.189675785930381,104.58151260504202,16.536224388891092,0.4271487206920238,0.9446995401951852,2.379468820630704,0.40103624020825157,-0.9160621889586043,59.0,5.0,38.0
115,1592,1.0,proton,810.0,172.36753106117249,68.90386199951172,11.755509437275665,-88.21009063720703,3.512738995642899,0.7818532818532818,0.5992993021822051,11.755509437275665,102.39729119638825,18.614242268643324,0.3425973197024023,0.8981949911394007,2.501565602554962,-0.06243898100055782,-0.9980487832023102,93.0,3.0,61.0
115,1583,0.9613793103448276,alpha,681.0,101.74011445045471,32.199378967285156,21.14947622722481,-63.4349479675293,1.125000091630033,0.9632248939179632,0.7389323476620209,21.14947622722481,122.70620689655172,24.41058057959818,0.8267468183327921,0.9511328547746193,3.1596918236784486,-0.8000000179153028,-0.5999999761129288,28.0,5.0,7.0
115,1582,0.970160116448326,alpha,1275.0,229.9655101299286,67.74539947509766,18.820466184846598,-68.55226135253906,1.7924361004233746,0.6621656712542197,0.4979597622553955,18.820466184846598,132.52765647743814,29.01576203000443,0.3029665187110074,0.7394434043866883,3.3945553781029956,-0.6806630427625859,-0.7325966299521027,114.0,5.0,64.0
115,1585,0.8854166666666666,electron_positron,156.0,86.56854152679443,37.48208999633789,4.161987765763373,-43.451839447021484,4.905000207792351,0.6582278481012658,0.544648146832077,4.161987765763373,135.17708333333331,15.789629238619316,0.2615858577899911,0.9298350819034082,2.3095975047083135,-0.9985401406042779,0.054014698018122934,50.0,4.0,42.0
115,1591,0.9895890410958904,proton,1670.5,344.69343197345734,148.28146362304688,11.265737194546817,73.12856674194336,6.9782211854221945,0.6291902071563088,0.5301728485782667,11.265737194546817,130.19835616438354,18.444737083106677,0.17668119488937792,0.9167534702576204,2.3245888161025867,0.5554667084349223,-0.8315387758971153,184.0,9.0,128.0
116,1607,0.8740740740740741,electron_positron,102.0,68.97056245803833,30.0,3.4,-90.0,5.0,0.7183098591549296,0.5666666666666667,3.4,91.81481481481482,12.017385668232397,0.2694526756014918,0.954208884277004,2.2990187486012776,-1.2246467991473532e-16,-1.0,18.0,4.0,0.0
116,1598,0.6983632112236945,alpha,1201.0,193.48022890090942,57.48855972290039,20.8911130456028,-76.67546844482422,1.6556047161992682,0.780630484237894,0.6016401428678384,20.8911130456028,124.63055339049104,38.903430636413326,0.40316208857221525,0.780066570632447,3.365543159082435,-0.44852459931397937,-0.8937704872114732,93.0,9.0,41.0
116,1602,0.9223300970873787,electron_positron,164.0,99.39696860313416,34.92751693725586,4.695438278495756,23.198585510253906,2.353982461285657,0.45746164574616455,0.31645477047463777,4.695438278495756,132.1504854368932,19.97186552091985,0.20859669970599426,0.8451244862741464,2.8458068972292496,0.7241378105852249,0.6896552988854918,52.0,1.0,37.0
117,1617,0.8712871287128713,electron_positron,76.5,57.35533845424652,21.830110549926758,3.5043340630382955,60.255117416381836,3.2592591643361866,0.6071428571428571,0.5232008735700768,3.5043340630382955,95.07920792079209,21.463615618348456,0.2922291974843099,0.8804470942806855,2.627349885520344,0.8615384843406804,-0.5076922689976314,18.0,6.0,5.0
117,1615,0.9215686274509803,electron_positron,110.5,101.63960921764374,44.38624572753906,2.4895099413970314,-34.07719421386719,8.474418164272318,0.5483870967741935,0.47530823843526765,2.4895099413970314,91.50980392156863,9.383699987305045,0.13441451483725725,0.9153350144777389,2.2898897519188544,-0.9281898971295535,0.372106859472691,49.0,4.0,30.0
118,1620,0.9735547355473555,alpha,1544.0,200.1076455116272,87.36207580566406,17.673572723187238,46.84761047363281,3.6917148231784127,0.94434250764526,0.7468434077259165,17.673572723187238,220.21586715867159,37.729969153731346,0.48454017959298806,0.9674221674516676,2.2905550682742977,0.9979209974538749,-0.06444907168193693,72.0,3.0,30.0
119,1638,0.9484066767830045,alpha,1236.5,183.78174459934235,76.8902816772461,16.081356096344145,70.1447868347168,3.720606809416217,0.9022254651587012,0.7781529953012389,16.081356096344145,218.42185128983309,41.15223458996156,0.4600438666048292,0.938457412045261,2.3901817055474295,0.6389078174972598,-0.7692833033030733,85.0,8.0,54.0
119,1636,0.9615055603079555,alpha,1076.0,217.9655101299286,93.72613525390625,11.480255716136075,67.06789970397949,4.8909427833357455,0.7785817655571635,0.5990780873827242,11.480255716136075,214.58939264328484,36.81906037041312,0.2846076562126037,0.9291434346190236,2.325557428986643,0.7176913390932955,-0.6963613586281712,102.0,8.0,47.0
119,1656,0.982086406743941,v_track,886.5,149.09545290470123,62.68111801147461,14.143015123592953,-56.30992889404297,3.4769229694947046,0.9013726487036096,0.7845133542788649,14.143015123592953,221.35089567966278,32.90917590161391,0.5011408517326935,0.9522788677614349,2.3786342304457193,-0.9230769711402929,-0.3846152692632769,60.0,4.0,40.0
119,1656,0.968421052631579,v_track,1591.0,255.88224983215332,115.10423278808594,13.82225450326514,7.1250152587890625,6.186667530542611,0.8574508218808946,0.7429239660689357,13.82225450326514,223.46198830409358,31.35474286515858,0.305351264297212,0.9584232835017665,2.2230481332797596,0.24615380927256733,0.9692307785974424,146.0,7.0,94.0
119,1634,0.9753801593048516,alpha,1300.5,189.23758828639984,54.84402847290039,23.7127001099601,48.8140754699707,1.3495370967906961,0.774798927613941,0.5834941260610795,23.7127001099601,212.17233888486604,29.325694661429267,0.45635773014451836,0.8063633414410983,3.4504684202748925,0.9911504395323762,-0.13274338482492187,75.0,12.0,37.0
119,1633,1.0,alpha,852.0,124.56854152679443,47.599998474121094,17.89916023764603,53.130104064941406,1.8888890570854378,0.9498327759197325,0.7102842224310101,17.89916023764603,230.94156560088203,28.976017589445018,0.6899739582721953,0.9574193739004664,2.6169862504201378,0.9599999832790488,-0.2800000573289694,40.0,2.0,26.0
120,1662,1.0,alpha,2016.0,219.48022890090942,85.0208969116211,23.71181760286091,66.2973518371582,2.6309607129842645,0.891640866873065,0.7337591440775392,23.71181760286091,220.24348649928945,36.82059162695589,0.5259077646128832,0.9122522723777302,2.581485692030023,0.7361596532531863,-0.6768079232117103,85.0,21.0,35.0
120,1661,0.9898477157360406,alpha,722.5,156.75230705738068,51.12007522583008,14.133390782549816,55.00798034667969,2.093959749371499,0.7463842975206612,0.57892621030111,14.133390782549816,164.0418781725888,26.2469146850182,0.36950458574570627,0.7928516282551888,3.066355171914467,0.9395973089217928,-0.34228189707743095,64.0,8.0,35.0
120,1660,1.0,alpha,1502.0,210.16652059555054,91.74520874023438,16.371427136350345,60.708641052246094,3.5822262093489265,0.9214723926380368,0.6392285349563055,16.371427136350345,223.90715181932245,31.010281397701785,0.42731951617782177,0.9496363309454772,2.2907629017512185,0.8533936065095952,-0.521267064342786,78.0,7.0,37.0
120,1659,0.9975530179445351,alpha,1131.5,218.06601536273956,80.84442901611328,13.996016964563857,67.83365440368652,3.4011546465145837,0.7218500797448166,0.58881754390566,13.996016964563857,202.5236541598695,35.86072631311605,0.2990118819607387,0.8281743772958748,2.697353645967075,0.6988235237746576,-0.715294123154364,112.0,16.0,55.0
120,1659,0.9932108626198083,alpha,2368.0,315.5634891986847,133.40736389160156,17.750144601643488,-23.198591232299805,5.375661746525862,0.8559551780227724,0.7152436758130438,17.750144601643488,223.55710862619807,32.58253119761866,0.2988257809896249,0.9066451727395698,2.365412822751612,-0.7241379483349472,0.6896551542483049,147.0,13.0,77.0
120,1677,0.9833759590792839,v_track,4424.5,614.6000670194626,130.95980834960938,33.785174671212,42.31023025512695,1.2100744627521631,0.46689178494169786,0.3121765189218589,33.785174671212,226.76065643648764,30.3156392510665,0.14719357616730575,0.64754174870387,4.693043421220735,0.9955955075104425,0.09375278889198164,272.0,36.0,77.0
120,1657,0.9973521624007061,alpha,1067.5,147.63960921764374,50.087921142578125,21.31252357152736,63.4349479675293,1.696969822294557,0.9355828220858896,0.7220644920533384,21.31252357152736,229.6142983230362,29.878696333459388,0.6154205212052711,0.9148199167860275,2.9476090412572558,0.8000000179153028,-0.5999999761129288,56.0,9.0,35.0
121,1680,0.997179125528914,alpha,657.0,117.74011445045471,42.93250274658203,15.303091084115879,-26.565052032470703,1.9591837942596402,0.8836583725622058,0.6983419585634553,15.303091084115879,189.00423131170663,35.683512987965315,0.5955611040069905,0.9117969369916622,2.7424470254026434,-0.8000000179153027,0.599999976112929,56.0,7.0,23.0
121,1679,0.9869565217391304,alpha,620.5,162.2670258283615,52.52423858642578,11.813593432277957,-5.440331935882568,2.1940592077801706,0.6083333333333333,0.4934811840139539,11.813593432277957,171.7,30.668798760161927,0.29613592615495893,0.7988478385466495,3.0893741669640757,-0.1887640416830962,0.9820224725368877,77.0,5.0,38.0
121,1694,0.9980353634577603,v_track,3801.0,630.2985513210297,161.61318969726562,23.519119987174598,49.398704528808594,1.9005102757193542,0.3852820434848715,0.27657599788254184,23.519119987174598,204.2242141453831,40.53138652738561,0.12023062804864502,0.6547041585075115,3.900044003225894,0.988235298528373,-0.15294114797051026,297.0,31.0,119.0
121,1678,0.9953863898500577,alpha,3315.5,364.71781718730927,144.5413055419922,22.938079793646114,52.696048736572266,4.376146900246661,0.8080672678527906,0.6944755785218257,22.938079793646114,215.15599769319493,33.647464198024196,0.31321671927175254,0.8743288063279125,2.5232774522114116,0.964132021921312,-0.26542314199391653,174.0,25.0,89.0
122,1703,1.0,v_track,438.5,89.01219260692596,32.12887954711914,13.648157239872326,36.027374267578125,1.6125461417105746,0.9125910509885536,0.6850000251748198,13.648157239872326,154.06485355648533,35.16479403640678,0.6954733034215377,0.9385534373467981,2.7704729782557047,0.951351360842366,0.30810807880251745,32.0,7.0,7.0
122,1703,0.9906682721252258,v_track,3154.5,401.34523379802704,104.1485366821289,30.28847164341665,42.207298278808594,1.3825749032138814,0.5982362981225109,0.40208035643076667,30.28847164341665,182.4933774834437,41.73200944566957,0.2460957853771723,0.7496303083262086,3.8535849526428807,0.9952522277090096,0.0973293544633575,183.0,27.0,85.0
122,1703,1.0,v_track,426.0,82.28427076339722,28.0,15.214285714285714,-90.0,1.4736842105263157,0.9681818181818181,0.8007518796992481,15.214285714285714,146.7823275862069,17.804797341600082,0.7906528011908961,0.9684225244999898,2.938723955835615,-1.2246467991473532e-16,-1.0,26.0,6.0,0.0
122,1695,1.0,alpha,2760.5,408.17366087436676,137.98336791992188,20.006034362069244,48.66778564453125,3.883880999939978,0.6730464464220407,0.5631190042272383,20.006034362069244,183.07744796997613,38.17064442706935,0.2082129140071415,0.7655981476078182,2.9581366727564498,0.9918153651407119,-0.12768038796462167,188.0,22.0,83.0
123,1704,1.0,alpha,403.5,84.66904675960541,27.99422264099121,14.41368832328873,-85.6012954711914,1.3419117529410765,0.8956714761376249,0.6909246244233576,14.41368832328873,131.7931818181818,9.462147020611622,0.707300658525621,0.9341432290861021,3.0245185889043666,-0.15294114797051042,-0.988235298528373,34.0,3.0,16.0
123,1704,0.993801652892562,alpha,1377.0,170.36753106117249,47.30421829223633,29.109454710638275,-69.67686462402344,1.1641025092216075,0.9026548672566371,0.7163502641853879,29.109454710638275,194.3181818181818,42.089935521170744,0.5961700368076506,0.8570951372502952,3.60152936063069,-0.6513871750090584,-0.7587455095311723,71.0,21.0,13.0
123,1725,1.0,v_track,1999.5,234.35028612613678,99.88763427734375,20.01749280044288,46.68468475341797,3.3298683214521994,0.8744806472774984,0.6673059746917129,20.01749280044288,222.49666348903716,34.88570796106788,0.45750968945695875,0.9394759406812756,2.346139117435195,0.9982713906363222,-0.058772703162466196,94.0,1.0,46.0
124,1728,1.0,alpha,636.0,135.0538227558136,37.0,17.18918918918919,-90.0,1.2333333333333334,0.7464788732394366,0.572972972972973,17.18918918918919,180.61438848920864,39.254650205492176,0.43818067142529216,0.7985700741597079,3.650103317724692,-1.2246467991473532e-16,-1.0,59.0,6.0,14.0
124,1729,1.0,v_track,1328.5,155.29646337032318,59.13300323486328,22.46630354158557,57.52880859375,1.80140185558303,0.9273996509598604,0.6844036100646296,22.46630354158557,216.19541875447388,34.42335744908255,0.6922266127895639,0.9366852977834692,2.6262231727605614,0.9058823398633026,-0.4235294397368238,67.0,6.0,39.0
124,1727,0.9620476610767873,alpha,2159.5,264.43354642391205,114.47637176513672,18.864154818170665,50.82633972167969,4.572248056310822,0.8846784104875052,0.753444521968985,18.864154818170665,231.5052956751986,30.0892790140463,0.3880877847529431,0.9515842929539293,2.3099399670565393,0.9793899585632432,-0.20197848664025778,108.0,6.0,51.0
124,1726,1.0,alpha,596.0,104.56854152679443,38.31622314453125,15.55476900089682,43.53120040893555,1.7764707255637222,0.9197530864197531,0.7211721173239691,15.55476900089682,226.9157566302652,30.4416131473182,0.6849423544734174,0.9483085852597323,2.729093134580493,0.998685941562734,0.05124831826465465,37.0,4.0,11.0
125,1741,1.0,v_track,1053.5,140.1248904466629,44.61425018310547,23.613531454103413,-85.03025817871094,1.2907269268517392,0.8924184667513765,0.683158873247486,23.613531454103413,192.3375224416517,31.937960107630055,0.6742389410714237,0.9179363961807204,3.1408101642762882,-0.1726079175113455,-0.984990612550392,41.0,1.0,5.0
125,1732,0.9959785522788204,alpha,2873.0,273.8477599620819,114.92967224121094,24.9978960522069,51.60483932495117,3.679923910118033,0.9173052362707536,0.8004056184211051,24.9978960522069,221.5676943699732,34.22978809960091,0.4814232987770101,0.9475983711154708,2.382742024943206,0.9735403149698997,-0.22851532799422583,108.0,2.0,50.0
125,1731,1.0,alpha,660.5,105.9827550649643,38.18376159667969,17.29792907719795,45.0,1.636363680948739,0.9442458899213724,0.7413021062863334,17.29792907719795,202.90793201133147,25.386168067496506,0.7389452741580161,0.9483047349399678,2.7755975480996127,1.0,6.123233995736766e-17,35.0,8.0,8.0
126,1744,0.7062146892655368,alpha,1128.0,250.6518018245697,51.357452392578125,21.963706287016134,-86.90594482421875,1.171797953612703,0.56797583081571,0.501135178671661,21.963706287016134,170.2913640032284,40.98053453938645,0.22561984776284627,0.6938997965542708,4.880534180484241,-0.1077930536240467,-0.9941733538927723,91.0,25.0,23.0
126,1752,0.7857142857142857,electron_positron,24.0,38.97056245803833,15.0,1.6,0.0,3.75,0.46601941747572817,0.4,1.6,116.16666666666666,17.96679035207898,0.19858560201967665,0.889373326452066,2.5980374972025553,0.0,1.0,17.0,1.0,6.0
126,1742,0.8350877192982457,alpha,1340.5,203.0365778207779,86.83071899414062,15.438084764568833,54.057891845703125,3.5542668132272746,0.8385986862683766,0.631931567239462,15.438084764568833,179.13122807017544,40.10943328997204,0.4086279912865963,0.9317488899171438,2.3383035424879863,0.9504301112327544,-0.3109382634255455,89.0,5.0,45.0
126,1742,0.9454365079365079,alpha,947.5,149.23758828639984,59.970726013183594,15.799375178344638,51.34019088745117,2.5098038777439813,0.8955576559546313,0.6612114897495861,15.799375178344638,167.96230158730157,38.71736423254301,0.5346045348674998,0.9428448335014433,2.4885072802619126,0.9756097626754329,-0.21951216588696287,52.0,9.0,27.0
127,1760,0.9655756207674944,proton,1646.0,292.2497808933258,107.33448028564453,15.33523985600501,56.309932708740234,2.706293764810291,0.5863911649447809,0.3866573340992575,15.33523985600501,132.61286681715575,30.182574863912322,0.2421761141574869,0.841054322826789,2.7227949500996727,0.9230769199256638,-0.384615392178407,153.0,7.0,92.0
127,1759,0.7368421052631579,proton,62.5,132.06601536273956,55.22675704956055,1.1316978098843,41.98720932006836,5.99193569498472,0.2349624060150376,0.12278578111867837,1.1316978098843,81.71929824561403,17.130822110284402,0.045030599824840936,0.8591325925428753,2.391341125538539,0.9944751264848777,0.10497248593267922,51.0,6.0,8.0
127,1759,0.9588563458856346,proton,1292.0,338.3330411911011,121.20793914794922,10.659367769820381,71.35046005249023,3.830089942931252,0.48562300319488816,0.33682890394960846,10.659367769820381,102.98744769874476,15.405304699099345,0.1418350455958078,0.7816879430979646,2.7913438968558317,0.6059756257892183,-0.7954832122360379,163.0,21.0,70.0
127,1759,1.0,proton,384.5,175.722869515419,75.16150665283203,5.115650512116395,63.07232093811035,5.364646078237845,0.5540345821325648,0.3651291156818047,5.115650512116395,98.054704595186,12.562982020766118,0.15647668431361306,0.8966467608743285,2.3379370284190264,0.8075305676897976,-0.5898257219269037,76.0,8.0,31.0
127,1759,1.0,proton,418.0,145.1959581375122,63.27993392944336,6.605569475879459,59.30027770996094,4.581711729770387,0.6818923327895595,0.47826875393383284,6.605569475879459,92.15208333333334,7.970766629360193,0.24915929416080737,0.9198516706812854,2.294502366254121,0.8779783349926779,-0.4787003690028712,87.0,3.0,67.0
127,1759,0.9828821656050956,proton,2221.5,708.6488374471664,305.3624572753906,7.274961106291282,56.309932708740234,14.486840688420925,0.4297320824064223,0.34513477361185024,7.274961106291282,122.71019108280255,24.303228232299887,0.055589660744947755,0.8736476484012524,2.320680950009754,0.9230769199256638,-0.384615392178407,355.0,17.0,179.0
127,1755,0.9885496183206107,alpha,735.0,112.42640614509583,38.41930389404297,19.131007735774308,21.250503540039062,1.4959676832396613,0.9274447949526814,0.7449215998149267,19.131007735774308,208.16539440203564,38.548975800622905,0.730736072917703,0.9426226320074609,2.926299926077731,0.6756031665341846,0.7372654619395803,37.0,7.0,9.0
128,1771,0.9878542510121457,v_track,652.5,225.94826519489288,101.8330307006836,6.407547683795095,-44.104827880859375,10.041393085353985,0.7057869118442401,0.6318254947675254,6.407547683795095,188.12145748987854,41.400696090067406,0.1606099169763272,0.9405530068808874,2.2188111621564075,-0.9995118396653563,0.03124231695593516,90.0,10.0,39.0
128,1770,0.997083485235144,v_track,2597.5,310.9533175230026,137.42922973632812,18.900637113251427,84.17365789413452,5.664434933030695,0.904579488072436,0.7790295363384194,18.900637113251427,206.00802041560334,39.57785731292987,0.3375786958278293,0.9550238454046297,2.262643239139141,0.2019785681487957,-0.9793899417538258,169.0,1.0,109.0
128,1761,1.0,alpha,1047.5,356.29141104221344,87.22417449951172,12.009285338732141,67.83365440368652,1.9882719117529923,0.3740403499375112,0.273751226150748,12.009285338732141,216.35108153078204,26.3690662879854,0.10369389534135887,0.6078195655660442,4.084778251976554,0.6988235237746576,-0.715294123154364,174.0,21.0,68.0
129,1787,0.9988342723916844,v_track,4898.0,569.7300097942352,128.82882690429688,38.01944112740062,-77.86317443847656,1.0601211886218604,0.4842552770774631,0.3128586674833292,38.01944112740062,213.27491742762777,34.74661112984569,0.1896227553509172,0.7215336771966134,4.422379862369397,-0.41109518383612453,-0.9115924252793806,293.0,18.0,142.0
129,1773,0.9702062643239114,alpha,1228.0,189.82337474822998,81.05418395996094,15.150359179565687,-54.65989303588867,3.6096436932687577,0.8895327779789931,0.6747017339695892,15.150359179565687,226.59893048128342,32.99865078732089,0.4282613192314117,0.9465472185115033,2.3419318469975434,-0.9436867580805205,-0.3308402977623451,72.0,8.0,38.0
130,1802,0.9924892703862661,v_track,829.5,241.52185904979706,68.42890167236328,12.122070933881645,-38.92754364013672,2.541111357440392,0.5667919371370004,0.4501538293464306,12.122070933881645,170.70064377682402,40.36285899006222,0.17869539819400931,0.6795712529542084,3.5295299668289384,-0.9776186216547614,0.21038495809787464,111.0,14.0,46.0
130,1802,1.0,v_track,3027.5,369.8061298131943,125.2620849609375,24.169324667908203,73.02449989318848,2.7351067277635117,0.7200618385063622,0.5277389604788324,24.169324667908203,187.77241379310345,37.95946845348048,0.27819274803607996,0.7960946661561452,2.952259096825004,0.5584836998289949,-0.8295154953497356,183.0,17.0,63.0
130,1788,0.9876210979547901,alpha,1764.0,224.93607258796692,89.98614501953125,19.60301777142613,-52.12501525878906,3.156923297225301,0.9325931800158604,0.6877194648698945,19.60301777142613,206.36544671689987,43.47969387150717,0.43811712465276204,0.902843372870987,2.4996745058824907,-0.9692307785974426,-0.2461538092725672,81.0,5.0,43.0
131,1811,0.9958071278825996,proton,389.5,190.81118214130402,79.30914306640625,4.9111613735867525,-14.036243438720703,5.637930609011777,0.51657824933687,0.34912477885124804,4.9111613735867525,117.68134171907758,24.447160490769114,0.13443417357602286,0.8695461710721025,2.4059165786413317,-0.47058823439458186,0.882352941656223,83.0,11.0,24.0
131,1811,0.9794906853529312,proton,5473.0,908.915863275528,384.7783203125,14.223774342470934,-32.753665924072266,13.476736448403088,0.5914518830712703,0.49818310438944813,14.223774342470934,120.37156041702272,32.31598240487577,0.08325070993849948,0.8663742774785682,2.3621805473274757,-0.9100143296014217,0.4145767961669769,436.0,28.0,203.0
131,1811,0.9727272727272728,proton,488.5,144.61017167568207,56.141571044921875,8.701217135678746,-46.63657760620117,2.9324893901025035,0.6803621169916435,0.45449791404909423,8.701217135678746,105.54727272727273,24.73739425202594,0.2935463932747336,0.8756039614509782,2.575812699647677,-0.9983686775044532,-0.0570962676364139,59.0,5.0,15.0
131,1810,1.0,proton,396.0,105.25483322143555,40.21576690673828,9.846884206344674,-33.690067291259766,2.2307692226307188,0.8164948453608247,0.5462068217488528,9.846884206344674,117.56659142212189,15.754521050426273,0.4491805629246069,0.9207831411841066,2.6172529163878697,-0.9230769199256637,0.3846153921784071,40.0,7.0,20.0
131,1805,0.9230769230769231,electron_positron,106.0,86.91168737411499,35.83919906616211,2.9576553818715445,-68.1985855102539,3.9387754075329933,0.4796380090497738,0.32505024067550264,2.9576553818715445,111.67132867132867,10.36655206571292,0.1763434632641302,0.887363851602796,2.4250454708451734,-0.6896552988854919,-0.7241378105852248,35.0,3.0,11.0
132,1815,0.7083333333333334,alpha,434.5,147.35533845424652,57.0,7.62280701754386,0.0,3.0,0.6924302788844622,0.40120036934441367,7.62280701754386,185.18055555555554,34.20701941808342,0.25145941232083024,0.8842501830694283,2.58518137639029,0.0,1.0,53.0,16.0,0.0
132,1814,0.9781718963165075,alpha,675.5,132.46803629398346,43.602264404296875,15.492314659085261,34.2868766784668,1.8487261459421809,0.8556048131728943,0.6568706364844611,15.492314659085261,193.49658935879947,43.345328687913884,0.4837411365202021,0.8322549490224518,3.038099926776489,0.9308885716489846,0.365303253713012,45.0,14.0,12.0
132,1813,0.9992163009404389,alpha,1147.0,276.71067690849304,124.0,9.25,-90.0,8.857142857142858,0.7148644437519477,0.6607142857142857,9.25,215.63244514106583,37.21694233601947,0.18824413255182573,0.9454346800480081,2.231537717003976,-1.2246467991473532e-16,-1.0,148.0,4.0,76.0
132,1812,1.0,alpha,724.0,136.71067690849304,56.3087043762207,12.857692394459477,61.11341857910156,3.277680303915644,0.9124133585381222,0.7484349992063227,12.857692394459477,227.42656449553002,31.72755846425634,0.4867921462864896,0.9477329218130328,2.427878219237207,0.8459434757833251,-0.5332725717488449,62.0,2.0,47.0
133,1842,0.9868421052631579,electron_positron,52.5,49.55634891986847,20.435449600219727,2.5690650818583167,-74.74488067626953,3.9491526454546206,0.660377358490566,0.49647207978515806,2.5690650818583167,96.68421052631578,9.175497299466747,0.268639928520513,0.9132671877501939,2.4250187732270705,-0.5076923263580246,-0.861538450539021,21.0,5.0,9.0
133,1841,0.5986394557823129,electron_positron,238.0,129.0538227558136,35.417510986328125,6.719839801613185,-71.56505584716797,1.5999998621356515,0.45075757575757575,0.30357138197275213,6.719839801613185,95.2687074829932,11.255500863575346,0.17957466879958672,0.749052092528461,3.643785776070797,-0.5999998695864778,-0.800000097810125,59.0,9.0,11.0
133,1831,0.9426020408163265,alpha,1493.5,170.61017167568207,64.0,23.3359375,0.0,1.9393939393939394,0.9179471419791027,0.7071496212121212,23.3359375,131.4559948979592,41.232827003913584,0.6447706364443356,0.924936621488781,2.6657839324325323,0.0,1.0,54.0,8.0,23.0
133,1846,0.991304347826087,proton,297.0,101.4558436870575,40.0,7.425,0.0,4.0,0.7734375,0.7425,7.425,134.48695652173913,21.955435186201665,0.36258695893179244,0.9407925100204824,2.5363960921764375,0.0,1.0,58.0,3.0,41.0
133,1846,0.9096296296296297,proton,525.0,322.85281229019165,147.1005096435547,3.568988314671031,-0.8303154706954956,15.196107096423214,0.525,0.36869164346909733,3.568988314671031,111.0874074074074,10.603133217082853,0.06329363231952179,0.9265324706416754,2.194776979852141,-0.028979419868585658,0.9995800084155746,169.0,7.0,83.0
133,1844,0.8298714144411474,proton,1722.0,671.7300097942352,275.35577392578125,6.253727588309602,2.8221588134765625,14.112470046649658,0.3777972795085564,0.3205145910385524,6.253727588309602,112.5835806132542,13.851754592112115,0.04795716581444787,0.8442253772154776,2.4394985448000512,0.09835266744696462,0.9951516230233797,331.0,33.0,140.0
133,1833,1.0,electron_positron,40.0,35.79898953437805,15.55634880065918,2.5712974498427967,45.0,3.6666667415944008,0.7407407407407407,0.6060606484784898,2.5712974498427967,116.28571428571428,10.49270883878469,0.3922187204978647,0.9502334120503148,2.3012462624173815,1.0,6.123233995736766e-17,18.0,0.0,12.0
134,1867,0.9975801572897761,proton,2927.0,857.068103313446,311.1309509277344,9.407614354252551,-0.7538483142852783,11.402121232561447,0.4036127964699393,0.3447640263899282,9.407614354252551,149.07138535995162,28.8519236901391,0.050072805060063535,0.750608421319809,2.7546860920066907,-0.026311233549094225,0.9996537995671927,431.0,58.0,155.0
134,1853,0.9918032786885246,alpha,318.5,108.32590091228485,46.74509048461914,6.813549758873571,23.198593139648438,5.235293960575975,0.9035460992907801,0.7630948091640073,6.813549758873571,195.5737704918033,43.20783133949303,0.3410787647471547,0.9412125309487219,2.3173749326237387,0.7241379942515149,0.6896551060359033,45.0,2.0,31.0
134,1867,1.0,proton,341.5,125.9827550649643,49.18107604980469,6.943727698315706,-11.592175483703613,3.84675803638622,0.6164259927797834,0.5431121575893135,6.943727698315706,125.4911838790932,14.198238364453754,0.27038236907567403,0.8995866029012414,2.5616103831763275,-0.3936908540906503,0.9192429011993372,60.0,3.0,22.0
134,1867,1.0,proton,516.5,169.29646337032318,63.17425537109375,8.175798780152013,-7.594643592834473,4.488262885350417,0.6638817480719794,0.5808558250112728,8.175798780152013,132.67905405405406,15.523686145294823,0.22645630583896634,0.826853786640053,2.679833143673065,-0.26200874117856066,0.9650655001325175,83.0,12.0,51.0
134,1852,0.9854586129753915,alpha,1677.5,243.4385987520218,106.2258071899414,15.791831047237677,9.78240966796875,4.8540375215147495,0.8868622786148559,0.721615043128349,15.791831047237677,188.96588366890379,50.9390395357788,0.3557079025889053,0.9371765768633836,2.2917086270451343,0.33487306592127547,0.9422632486309148,138.0,7.0,102.0
134,1850,0.9794871794871794,alpha,901.0,167.53910398483276,70.20255279541016,12.83429112080533,-71.56504821777344,3.894736675025854,0.828886844526219,0.7120280151611137,12.83429112080533,208.00205128205127,44.340986375083304,0.40336877673783766,0.9308774045309,2.386510138357625,-0.6000000826393694,-0.7999999380204662,81.0,5.0,52.0
135,1880,0.8622222222222222,electron_positron,168.5,132.95331752300262,35.804359436035156,4.70613083585609,27.349876403808594,1.3269012934318025,0.2713365539452496,0.17440812212581888,4.70613083585609,121.90666666666667,16.535623497299525,0.11978747544270615,0.762863694443387,3.7133276399072312,0.8161350970093005,0.5778611454576433,61.0,5.0,24.0
135,1881,0.8805970149253731,proton,90.5,111.09545290470123,52.005863189697266,1.7401884027939507,38.65980911254883,11.892856317234141,0.5993377483443708,0.3979514879669494,1.7401884027939507,106.0820895522388,23.934627543243142,0.09214374846361886,0.9550518342615523,2.136210151910526,0.9756097626754329,0.21951216588696298,46.0,0.0,15.0
135,1881,0.8249400479616307,proton,355.5,149.5807341337204,62.423683166503906,5.694953933617917,35.70669174194336,4.323374473745742,0.6005067567567568,0.3944243148884441,5.694953933617917,141.52278177458032,30.77496388062963,0.1996632556524079,0.8872354345287142,2.396217694088008,0.9478428885369864,0.318737915300113,67.0,4.0,36.0
135,1881,0.9015918958031838,proton,1845.0,562.5239470005035,242.2228240966797,7.616953550436665,36.740562438964844,11.07950727043339,0.4680365296803653,0.3484068545370959,7.616953550436665,158.0217076700434,32.247565213623126,0.07326966464534869,0.8790533578667884,2.3223407996266294,0.9587261188067179,0.28433119617412206,289.0,14.0,179.0
135,1869,0.9111111111111111,alpha,589.5,94.32590091228485,29.979421615600586,19.663488093887644,48.366458892822266,1.195364378929385,0.960880195599022,0.7840389162379269,19.663488093887644,214.6968253968254,42.72624362945801,0.8325910722921748,0.9495445223057167,3.1463549271144,0.9931034555220647,-0.11724131793072938,23.0,5.0,5.0
135,1868,1.0,alpha,592.5,101.84061968326569,35.0,16.928571428571427,0.0,1.4583333333333333,0.9769167353668591,0.7053571428571429,16.928571428571427,187.76489028213166,32.359867496035854,0.7178871046037087,0.9681099989113088,2.909731990950448,0.0,1.0,20.0,2.0,11.0
136,1886,0.9861523244312562,proton,914.5,242.7766922712326,110.386962890625,8.284492806511185,-47.642547607421875,9.336397684684828,0.8179785330948122,0.7006925223057128,8.284492806511185,156.13946587537092,27.752996564518202,0.19497529842639968,0.9460645992549717,2.199323959223189,-0.9957486935538359,-0.09211155891542118,113.0,4.0,68.0
136,1882,0.8001561280249805,alpha,1196.5,213.80612981319427,95.54854583740234,12.522430242278284,-39.289405822753906,5.904347947024769,0.8919120387625792,0.7738138204486857,12.522430242278284,215.80249804839968,39.034473364652584,0.3289139266381472,0.9592831453087725,2.237670159596507,-0.9801980126150492,0.19801983755550284,84.0,4.0,38.0
137,1899,0.9284552845528455,proton,552.5,153.23758828639984,69.62986755371094,7.934813312316209,55.61965560913086,5.95910809189922,0.850654349499615,0.6790822943998713,7.934813312316209,172.609756097561,24.651731628796984,0.29567290606141294,0.9503903698525561,2.200745077795757,0.9320754674875005,-0.36226416177695175,70.0,2.0,40.0
137,1890,0.8642857142857143,alpha,240.0,92.08326029777527,39.18171691894531,6.125305853658347,-68.19859313964844,4.586956099427906,0.821917808219178,0.7170821305360987,6.125305853658347,182.9142857142857,39.48525687144609,0.3556802336971736,0.9420104416960254,2.3501588888579503,-0.6896551060359033,-0.7241379942515149,40.0,6.0,27.0
137,1898,0.9286300246103364,proton,1048.5,427.22748363018036,189.9998779296875,5.518424598083238,53.06324768066406,14.623259981659023,0.5299469294920395,0.4247232075423582,5.518424598083238,169.35192780968006,32.782000790936706,0.07218715608104809,0.9116890168826709,2.2485671479656566,0.9606508124610337,-0.27775891798096414,172.0,19.0,63.0
137,1888,0.8952254641909815,alpha,682.0,163.53910398483276,70.21253204345703,9.713365693433275,-26.565052032470703,5.064516208917071,0.8874430709173715,0.7006370026234664,9.713365693433275,206.21352785145888,34.69103152770352,0.32044316364273995,0.9172523550626142,2.3292010589165564,-0.8000000179153027,0.599999976112929,60.0,15.0,20.0
137,1887,0.8751445086705202,alpha,2323.0,637.269113779068,197.90936279296875,11.737696323291535,59.03624153137207,5.8877554506059315,0.42083333333333334,0.34919361332748533,11.737696323291535,219.58959537572255,46.93660677467305,0.07188087139730348,0.6637387070787115,3.2200048789288944,0.882352972987528,-0.47058817564838007,268.0,31.0,81.0
138,1909,0.8023255813953488,electron_positron,172.5,213.3208485841751,89.30673217773438,1.9315453134786973,-33.690067291259766,8.473686525099676,0.31392174704276615,0.18327072434886946,1.9315453134786973,131.5077519379845,24.29904809569851,0.047635678796023394,0.8534208333936004,2.3886312194206507,-0.9230769199256637,0.3846153921784071,91.0,8.0,35.0
138,1909,0.7372881355932204,electron_positron,84.0,74.28427076339722,31.044557571411133,2.705788278888388,-14.036243438720703,4.0,0.5,0.3486328671509421,2.705788278888388,121.19491525423729,10.170794408064891,0.19129138935002568,0.9075624040960396,2.392827489730614,-0.47058823439458186,0.882352941656223,43.0,0.0,28.0
138,1911,0.8590640129101668,proton,1567.5,631.1198381185532,284.02655029296875,5.518850256721245,-3.7266452312469482,13.867465210905321,0.38675055514433754,0.2694553162735518,5.518850256721245,166.60785368477676,38.26020820185616,0.04945312612078863,0.9124616448966006,2.222045218897893,-0.12971788816394542,0.991550941449952,336.0,23.0,151.0
138,1910,0.9384227583723442,proton,2421.5,763.2619735002518,355.8554992675781,6.804728337721159,-7.416913986206055,22.731260935269905,0.4942341055209715,0.43467097110126895,6.804728337721159,170.75405113431762,38.80908562087476,0.052233254412762824,0.9446465191681765,2.1448649102548583,-0.25601653509194666,0.9666724025022717,473.0,5.0,331.0
138,1900,0.9648666232921275,alpha,1443.5,221.0365778207779,80.94473266601562,17.833155443924873,-48.012786865234375,2.821243672979101,0.8041782729805014,0.6215559099196216,17.833155443924873,192.89785296031232,39.77783916402101,0.37127726496636765,0.8382290080261793,2.730709837943283,-0.9944751404628008,-0.1049723535103052,89.0,19.0,12.0
139,1929,0.543980343980344,proton,1833.0,468.27416610717773,171.98605346679688,10.657840929839544,-1.134421706199646,7.284695568828528,0.5180161085205596,0.4514268746207973,10.657840929839544,162.8108108108108,41.84900999338126,0.10504416439204546,0.7705745656603742,2.722744993957207,-0.03958843966437338,0.9992160704497002,217.0,32.0,80.0
139,1928,0.851221775440767,proton,2775.5,1036.0214208364487,411.6755065917969,6.74196048965354,-8.100056648254395,17.687591173402563,0.40247969837587005,0.2896675632598856,6.74196048965354,143.79894834519024,35.989951670240146,0.032494781847430224,0.798486524585351,2.516597184548391,-0.27899300492064205,0.9602931339988591,492.0,62.0,162.0
139,1919,1.0,electron_positron,44.0,49.455843687057495,20.236833572387695,2.174253192457744,-59.0362434387207,3.105262973047249,0.5,0.3336306496971502,2.174253192457744,117.96969696969697,11.132765858749979,0.22606186717988244,0.9084217512267332,2.443852864142635,-0.8823529416562229,-0.470588234394582,29.0,0.0,24.0
140,1936,0.9658511722731906,alpha,1840.0,280.1076455116272,123.2231216430664,14.932262512629944,-67.30620574951172,6.173109322708919,0.8854667949951877,0.7480616275317318,14.932262512629944,209.86901121304794,42.916065200985464,0.29469838850325647,0.9309478192852977,2.273174399225167,-0.7118739278225501,-0.7023072766862769,113.0,17.0,36.0
140,1934,0.9990398463754201,alpha,1949.0,304.1076455116272,85.68978881835938,22.744833741291927,-88.53119659423828,2.166558417821766,0.6796861377506539,0.575074483012316,22.744833741291927,184.63898223715793,33.617761252763216,0.2648299054952229,0.7124512185389525,3.5489368068844036,-0.051248451247731155,-0.9986859347385989,160.0,21.0,73.0
140,1933,0.9983844911147012,alpha,1169.5,153.63960921764374,59.53153610229492,19.645049944459878,19.653823852539062,2.335092451920131,0.9190569744597249,0.7705665072051426,19.645049944459878,229.48788368336028,31.780818915395376,0.6225922387207665,0.9378567981266279,2.5808104288395977,0.633484157345159,0.7737556606530862,65.0,3.0,35.0
141,1953,0.9973432518597237,alpha,1790.5,222.83556735515594,95.28678894042969,18.79064264742266,-42.455196380615234,3.579009341454435,0.8995227329816629,0.7057839425054145,18.79064264742266,220.11052072263547,37.39594143141497,0.4531220198418878,0.9381623779154485,2.33857778012087,-0.996057173375018,0.08871362560604469,89.0,5.0,21.0
141,1952,0.957960027567195,alpha,2730.0,414.0731556415558,176.2498016357422,15.489379134974163,-66.3057861328125,5.272762961814979,0.6441717791411042,0.46338676041856636,15.489379134974163,199.99035148173672,44.861912835273294,0.20008676326544894,0.8974770588757829,2.3493538818121698,-0.7359603606667754,-0.6770246284495343,185.0,15.0,80.0
141,1951,1.0,alpha,634.5,246.55129659175873,69.6153793334961,9.11436533241304,83.99099397659302,2.341549256694522,0.4027292922881625,0.3065663876815981,9.11436533241304,180.0754716981132,30.413851947363668,0.1311677016705945,0.6682184361199619,3.5416211037311442,0.20821918033254266,-0.9780821913017557,139.0,11.0,91.0
141,1960,1.0,proton,305.0,199.62236428260803,83.05987548828125,3.672049809935386,59.656755447387695,5.8720238671127705,0.37400367872470874,0.2596002461887833,3.672049809935386,152.78865979381442,11.926176496795527,0.09618144852977435,0.8756845455046071,2.4033549666321417,0.8719538471074075,-0.4895880804457885,97.0,9.0,48.0
141,1949,1.0,alpha,1398.5,159.29646337032318,61.12986755371094,22.877523802439566,15.52410888671875,2.0465950518866904,0.9510370622237334,0.7659271790889147,22.877523802439566,226.34513274336283,32.475785792360156,0.6925642457362298,0.9452644546442649,2.6058695977111266,0.5157592492189498,0.856733562343104,54.0,5.0,22.0
141,1960,1.0,proton,725.0,271.76449966430664,100.04608154296875,7.246660626969383,58.2664794921875,5.672590088246245,0.4996554100620262,0.4108840107623373,7.246660626969383,168.80760095011877,18.813462082435002,0.12335660870436728,0.7868391400128069,2.7163932407246416,0.8946775414700422,-0.44671254380095593,132.0,16.0,60.0
142,1976,0.9751605995717345,proton,2150.5,425.4041088819504,182.57708740234375,11.778586407509938,20.508094787597656,7.703168453206477,0.6193836405529954,0.4969541169081681,11.778586407509938,175.90149892933619,28.60204201058123,0.14932961666043618,0.8856013926610955,2.329997235329374,0.6562722545867699,0.7545241731446368,226.0,10.0,148.0
142,1964,0.9992927864214993,alpha,1334.0,178.71067690849304,71.10453033447266,18.761111193969235,81.46923446655273,2.7495222719829195,0.907791765906771,0.7254684452919824,18.761111193969235,202.32036775106081,41.80173004385906,0.5248856431678368,0.9169088464040209,2.513351485029796,0.29339853045447395,-0.9559902208323865,82.0,4.0,38.0
142,1976,0.9836812144212523,proton,2402.5,542.9432128667831,234.43118286132812,10.248210031944165,23.759925842285156,9.373507837487624,0.4995321759018609,0.40976492923072777,10.248210031944165,168.72447817836812,29.561744929006316,0.10241520609245822,0.8901441269612531,2.316002531062378,0.7375113691942071,0.6753347172397448,264.0,25.0,123.0
142,1963,0.9844255069056714,alpha,3256.5,332.0071402788162,137.0,23.77007299270073,-90.0,3.7027027027027026,0.8196576894034735,0.6424344052081279,23.77007299270073,201.89950044078756,40.09191477922114,0.37124968916094275,0.9120731179816365,2.423409783057053,-1.2246467991473532e-16,-1.0,160.0,11.0,79.0
142,1962,0.9846659364731654,alpha,847.0,149.88224983215332,52.47438430786133,16.14120891882687,-51.34019088745117,1.7499999681953387,0.772105742935278,0.5383029351780229,16.14120891882687,181.15224534501644,40.36470970527966,0.4737976118046488,0.8647939816342187,2.8562936337244276,-0.9756097626754329,-0.21951216588696287,74.0,12.0,24.0
143,1981,0.9552941176470588,alpha,372.5,115.84061968326569,46.0,8.097826086956522,0.0,3.5384615384615383,0.7325467059980334,0.6229096989966555,8.097826086956522,173.61176470588234,37.331108023973535,0.3488304569895326,0.898650770771972,2.5182743409405584,0.0,1.0,50.0,5.0,27.0
143,1980,1.0,alpha,2958.0,324.2497808933258,114.35436248779297,25.86696244592994,-19.653823852539062,3.0575541879756756,0.8423750533959846,0.6916189084190402,25.86696244592994,187.90032258064517,40.37752568621687,0.3535482167855563,0.8149486451585052,2.835482388596575,-0.633484157345159,0.7737556606530862,149.0,31.0,54.0
143,1979,0.9611992945326279,alpha,2164.0,235.82337474822998,97.73893737792969,22.140613127728255,12.994613647460938,3.404699919319737,0.9214392165211838,0.7712601113943343,22.140613127728255,215.54144620811286,41.736001064516714,0.48898261682818556,0.9302897061534985,2.412788404240222,0.4382021485283518,0.8988764525924218,93.0,11.0,33.0
143,1992,0.734966592427617,proton,330.5,272.69343197345734,117.03230285644531,2.824006636914591,70.92490196228027,6.901042512539348,0.23373408769448373,0.16652316823113397,2.824006636914591,145.1425389755011,26.848783737971985,0.05585113102700922,0.8928266696427595,2.3300697783239364,0.617725061632151,-0.7863941430552209,130.0,5.0,51.0
143,1992,0.9766497461928934,proton,841.5,318.5512965917587,136.98004150390625,6.143230727346531,83.99099397659302,8.665562370529965,0.5052536775743021,0.3886299671099125,6.143230727346531,164.88730964467007,22.0381877006133,0.10420900041038628,0.8891634326343422,2.325530734947796,0.20821918033254266,-0.9780821913017557,170.0,10.0,102.0
143,1982,0.96,electron_positron,23.5,56.38477599620819,24.071945190429688,0.9762401756108569,86.98721241950989,7.633333466899899,0.32413793103448274,0.3095706119830015,0.9762401756108569,142.8,20.796153490489434,0.09288680128197876,0.9211519543541599,2.3423439838432816,0.1049723783395007,-0.9944751378419416,25.0,1.0,7.0
143,1992,0.9770318021201413,proton,935.5,427.8650048971176,186.38644409179688,5.019141840268483,-86.2138900756836,11.557780162712247,0.4286368843069874,0.3112358212420407,5.019141840268483,180.20936395759716,29.233937946571693,0.06421553748042279,0.89035226630378,2.29558006206927,-0.13177577881236158,-0.9912795489257284,230.0,9.0,113.0
144,1994,1.0,alpha,1360.5,178.2670258283615,66.90545654296875,20.334664320334543,64.91640663146973,2.4262755268257075,0.8900883218842002,0.7374211452388423,20.334664320334543,202.8310152990264,37.10873711752195,0.5379802995591068,0.935378095039868,2.664461690263976,0.7679168071310775,-0.6405495900596703,66.0,3.0,33.0
144,2006,0.9773429454170958,v_track,908.0,143.88224983215332,61.38664627075195,14.791490579159106,-12.994616508483887,2.8536584522443325,0.9502878074306645,0.6876065834634291,14.791490579159106,201.9536560247168,39.7312407012837,0.5511645444908114,0.9596610232958949,2.34386887984638,-0.4382022382978294,0.8988764088298081,68.0,9.0,32.0
144,2006,0.967982924226254,v_track,877.0,132.08326029777527,50.9324836730957,17.218873629429183,-14.036243438720703,2.100000062913598,0.9314922995220393,0.7099523348829608,17.218873629429183,210.6168623265742,41.62211788843674,0.631704392398264,0.9214073998083605,2.593300989316298,-0.47058823439458186,0.882352941656223,49.0,8.0,23.0
144,2007,1.0,v_track,1167.0,217.9655101299286,50.00611877441406,23.337144105594987,85.60129451751709,1.1458698680057755,0.7634936211972522,0.5347611630597545,23.337144105594987,180.8293650793651,28.26358801591517,0.30867763457259156,0.6911690067804077,4.358776795159955,0.15294118086838251,-0.988235293437036,96.0,18.0,41.0
144,2006,0.967607973421927,v_track,2276.5,292.06601536273956,108.63217163085938,20.95603876663467,68.51455688476562,2.6424272499690775,0.6729234407330772,0.5097459349016031,20.95603876663467,217.04609634551497,35.74984540603631,0.3353632481727722,0.9085943798211037,2.6885775270626344,0.6816266484462294,-0.7317001517889417,154.0,23.0,84.0
144,2006,0.9981884057971014,v_track,510.5,93.01219260692596,34.0,15.014705882352942,-90.0,1.619047619047619,0.9506517690875232,0.7149859943977591,15.014705882352942,215.69202898550725,34.74299128902545,0.7415250825942808,0.9515935400023539,2.7356527237331165,-1.2246467991473532e-16,-1.0,22.0,7.0,1.0
145,2018,0.9909945184025059,v_track,2422.5,300.3502861261368,114.69652557373047,21.120953645999872,-13.348727226257324,3.8617432735623995,0.8504476040021064,0.7111261676469142,21.120953645999872,203.84455755677368,40.2355111124885,0.33745630721903974,0.8375263693445822,2.618652000343832,-0.44927930730325066,0.8933913498736773,137.0,27.0,55.0
145,2016,0.9834834834834835,v_track,3769.0,514.1320307254791,177.5328826904297,21.229869885975646,73.02808380126953,3.923815594280099,0.5918191096804585,0.46922064949728487,21.229869885975646,206.71546546546546,38.036504133598655,0.17917882259019444,0.7942734530602841,2.89598198899293,0.5583799214179543,-0.829585356281847,233.0,28.0,73.0
146,2019,0.9583736689254598,alpha,1960.0,251.42135381698608,107.35545349121094,18.25710698674905,-26.2319393157959,5.122829289221832,0.9416286331972136,0.87119973291186,18.25710698674905,215.59535333978704,41.20718151039941,0.38963827700130127,0.938719544364464,2.3419523241785725,-0.7929693970445179,0.6092614671476063,94.0,10.0,42.0
146,2030,0.9930109029913335,proton,3204.5,827.9137753248215,374.94451904296875,8.546597795800192,76.19248104095459,15.319434896911977,0.4625099227827091,0.3491957926389849,8.546597795800192,151.3296058149287,26.264213079056155,0.05874892477369993,0.9190759205600375,2.208096753722495,0.4635286131999921,-0.8860819514835476,433.0,19.0,230.0
147,2033,0.9217926186291739,alpha,1068.0,175.27921843528748,76.20619201660156,14.014609203505872,52.88313674926758,4.360049783628912,0.9151670951156813,0.8018297753557599,14.014609203505872,211.4885764499121,38.756147553558435,0.43683784965471556,0.9594522422706961,2.300065306991101,0.9623781014530762,-0.27171380134908946,75.0,3.0,54.0
147,2044,0.9611307420494699,proton,231.0,116.91168737411499,47.85185623168945,4.827398938957406,-10.304845809936523,5.631578758339682,0.6294277929155313,0.5681258672816217,4.827398938957406,175.81978798586573,21.716272675000525,0.21237626882659866,0.8921577536214497,2.443200673513085,-0.3519999784743509,0.9360000080951156,52.0,7.0,24.0
147,2032,0.9940142162364385,alpha,2560.0,248.02438521385193,102.05415344238281,25.084721333221495,-79.69515228271484,3.0921408333917983,0.927536231884058,0.7600424726711397,25.084721333221495,232.337822671156,31.824010693398147,0.5229510817817823,0.9500458738093152,2.4303213230207255,-0.3520000407923202,-0.9359999846592973,109.0,12.0,42.0
147,2043,0.9595375722543352,proton,387.0,295.9655101299286,120.92794799804688,3.2002527654421993,-4.236395359039307,9.22253685152134,0.34959349593495936,0.24406640112631744,3.2002527654421993,156.47013487475914,19.138542007039693,0.055518614647550285,0.8402909002770644,2.447453339195905,-0.14733971919724304,0.9890859452782036,147.0,18.0,80.0
147,2043,0.983451536643026,proton,308.5,255.5807341337204,98.4781265258789,3.132675355262062,-10.080597877502441,7.814236009424141,0.31902792140641156,0.24857768349696874,3.132675355262062,155.24113475177305,26.797436641079514,0.059348371401577144,0.8125344719982159,2.59530459351861,-0.3446625143454144,0.9387266647992359,129.0,14.0,72.0
147,2031,0.9747755451047456,alpha,2205.5,317.6051193475723,130.65554809570312,16.880262890822717,-35.8033447265625,5.311891740323677,0.80492700729927,0.6862787714041385,16.880262890822717,213.14835399743478,37.27540708208376,0.27475268047996315,0.889825421616446,2.4308582679928112,-0.9489128581436143,0.3155382506919202,152.0,21.0,69.0
147,2043,0.9920844327176781,proton,264.5,249.78174459934235,111.99008178710938,2.361816294614451,-6.6452789306640625,16.062242051861585,0.38444767441860467,0.3387448638375294,2.361816294614451,162.0,31.977894739630553,0.053273858294699765,0.9132081204921132,2.2303916615952812,-0.22988935768217905,0.9732167709325992,147.0,7.0,97.0
147,2043,1.0,proton,44.0,44.97056245803833,19.767436981201172,2.2258829023633155,8.746162414550781,4.000000385957738,0.6875,0.4504141066450471,2.2258829023633155,168.53846153846155,17.552625859289947,0.2734046531324739,0.9413356818975018,2.27498195647748,0.30057803974237945,0.9537572238387653,24.0,5.0,16.0
148,2059,0.9935442220787605,v_track,1433.0,249.88224983215332,111.28440856933594,12.876916168424142,74.43848991394043,4.951708496218816,0.8583408206049715,0.5729709670565017,12.876916168424142,216.1620400258231,37.40882894267315,0.288393348389806,0.9522287552238751,2.2454380900668918,0.5168773162702135,-0.8560594838708941,105.0,20.0,34.0
149,2070,0.8758782201405152,v_track,1172.0,231.7401144504547,96.0,12.208333333333334,-90.0,3.5555555555555554,0.7585760517799353,0.4521604938271605,12.208333333333334,148.50507416081186,41.51267610190003,0.274242678184032,0.9452765468912873,2.41395952552557,-1.2246467991473532e-16,-1.0,78.0,18.0,12.0
150,2071,0.9671232876712329,alpha,327.5,80.87005722522736,28.0,11.696428571428571,0.0,1.5555555555555556,0.923836389280677,0.6498015873015873,11.696428571428571,214.013698630137,36.24116071755647,0.6292825189426066,0.9616196301248363,2.8882163294724057,0.0,1.0,25.0,2.0,10.0
150,2084,0.9722367731796753,v_track,1785.5,267.78174459934235,119.44091796875,14.948813441530568,8.746162414550781,6.042306753391362,0.8863241499131298,0.7562342784118592,14.948813441530568,216.2812991094814,34.79529256512465,0.3129016009634069,0.9522309328074815,2.2419598672994425,0.30057803974237945,0.9537572238387653,161.0,5.0,115.0
150,2083,0.981409759876065,v_track,2450.5,315.26197350025177,135.39724731445312,18.098595419069635,-60.945396423339844,6.034631623197412,0.872374510501958,0.8066512312301257,18.098595419069635,223.75677769171187,31.47025482830283,0.3098285190637604,0.9302774799142878,2.328422325810451,-0.8490565941395809,-0.5283019022756732,148.0,9.0,100.0
151,2085,0.9605543710021321,alpha,879.0,133.39696860313416,50.91266632080078,17.264858895061984,-71.56504821777344,2.175675557820019,0.9296668429402433,0.7377875531113431,17.264858895061984,223.1918976545842,33.6770922759092,0.6207358352863256,0.9394612508449597,2.6201135835746583,-0.6000000826393694,-0.7999999380204662,48.0,7.0,17.0
151,2103,0.9985107967237528,v_track,2556.5,288.8944424390793,121.13822174072266,21.10399148397429,9.865806579589844,4.3913043327952,0.8962313759859772,0.7650273209491515,21.10399148397429,216.168652271035,36.08217745100495,0.38492603534308656,0.9298804018440153,2.384833112850315,0.33761466695573417,0.9412844079534988,135.0,8.0,63.0
151,2102,0.9930555555555556,v_track,2879.0,346.81832242012024,128.30015563964844,22.439567478671915,-62.02052307128906,4.427619148922726,0.8531634316194991,0.7743861117453564,22.439567478671915,215.80489417989418,35.28248103677651,0.30077896634401735,0.8272027860266213,2.703179280578701,-0.8286367594615544,-0.5597866744296922,168.0,20.0,83.0
152,2112,0.975,electron_positron,54.5,56.870057225227356,22.93086814880371,2.3767089691649215,50.52754211425781,3.1172839154050473,0.448559670781893,0.32309621219304935,2.3767089691649215,149.70000000000002,16.001093712618403,0.21175761444656618,0.9106807259254436,2.4800655978737653,0.9814432858325378,-0.19175264455603092,32.0,1.0,24.0
152,2105,0.9323715058611362,alpha,1044.5,143.15432798862457,46.32591247558594,22.54677661342253,-72.25532531738281,1.5012347669123263,0.9239274657231313,0.730649503163349,22.54677661342253,224.55996393146978,40.913302763409604,0.6404855604460624,0.9113376274321789,3.0901566820527897,-0.5805516108489978,-0.8142234503750392,53.0,11.0,30.0
152,2114,0.972027972027972,v_track,2440.0,306.59292674064636,116.55813598632812,20.933759615769798,9.162345886230469,3.906083010005154,0.8197547455064673,0.7015297737798556,20.933759615769798,192.7851592851593,40.16358446561901,0.32619359404660475,0.8535961916454897,2.6303863230672175,0.31440158429660087,0.9492900735769796,126.0,23.0,44.0
152,2113,0.9992012779552716,v_track,2374.0,306.04877042770386,120.60426330566406,19.68421293684489,-60.64224624633789,4.146067458461211,0.8167899535523826,0.6766931156988457,19.68421293684489,189.12460063897763,31.645684238309656,0.3184999001942557,0.866205921086762,2.537628123908374,-0.854599410350554,-0.519287827537374,130.0,19.0,41.0
153,2123,0.9940476190476191,alpha,1273.5,159.29646337032318,52.0,24.490384615384617,-90.0,1.5757575757575757,0.8645621181262729,0.7421328671328671,24.490384615384617,177.07291666666666,36.19845323343331,0.6306618283482935,0.9009003776703735,3.063393526352369,-1.2246467991473532e-16,-1.0,64.0,14.0,12.0
153,2124,0.9710144927536232,alpha,2769.5,294.3502861261368,122.99922180175781,22.516402619714952,-71.05349731445312,4.25439433825999,0.8991883116883117,0.7788151373647852,22.516402619714952,212.3671497584541,41.92987405646439,0.40168194278170105,0.9231564257248797,2.3931068978676264,-0.6141888646855613,-0.789159070464416,133.0,11.0,73.0
153,2123,1.0,alpha,876.0,192.36753106117249,48.437416076660156,18.08519262492422,78.0238676071167,1.362802456302849,0.6453038674033149,0.5088327769786417,18.08519262492422,228.13721413721416,21.99149069356224,0.2974749690692376,0.740931077958243,3.9714655867835584,0.4059753937934411,-0.9138840077571444,81.0,10.0,31.0
153,2119,0.9703903095558546,alpha,1398.5,201.5807341337204,77.90254974365234,17.951915625379804,-12.200468063354492,2.4513715113528325,0.8309566250742721,0.5648956893333467,17.951915625379804,185.36608344549126,42.73597973684943,0.4324882268987232,0.9025480256525937,2.5876012376622577,-0.413119308968282,0.9106769111806718,92.0,10.0,45.0
153,2115,0.9970171513795675,alpha,1269.5,167.09545290470123,59.59880447387695,21.300762845946696,-42.27368927001953,1.9910113436323416,0.9185962373371924,0.7115924694914166,21.300762845946696,181.04548844146157,31.208306715640287,0.5713645688584772,0.8811553066835419,2.803671220920911,-0.9954751139975914,0.09502261526332761,69.0,9.0,31.0
154,2145,0.9390444810543658,alpha,549.5,133.29646337032318,40.60134506225586,13.534034381309956,-79.04593658447266,1.4752589784294259,0.6632468316234158,0.4917621744990215,13.534034381309956,172.3822075782537,34.706188003526826,0.3886335655687895,0.8398769362967441,3.283055356070932,-0.3731193830801986,-0.9277833399936927,54.0,13.0,26.0
154,2144,0.9720744680851063,alpha,2140.0,262.30865597724915,102.17647552490234,20.94415557990588,-61.927513122558594,3.1017857796318657,0.8498808578236696,0.6358047056371251,20.94415557990588,207.2956560283688,46.82347545270786,0.39083944955911815,0.8692768805429951,2.567211822777343,-0.8304498258537351,-0.5570934272987801,128.0,15.0,51.0
154,2160,1.0,electron_positron,73.5,83.49747383594513,36.06244659423828,2.0381312678808414,-45.0,7.285714299476521,0.5306859205776173,0.41176468944794586,2.0381312678808414,146.01834862385323,22.705526810265116,0.13248006434004178,0.9065051203716383,2.3153579893075134,-1.0,6.123233995736766e-17,36.0,2.0,14.0
154,2143,1.0,alpha,325.0,138.76955199241638,48.0,6.770833333333333,-90.0,1.92,0.46494992846924177,0.2708333333333333,6.770833333333333,187.81794871794872,21.183452320207326,0.21208250900209366,0.913519501911553,2.891032333175341,-1.2246467991473532e-16,-1.0,57.0,15.0,19.0
154,2140,0.9958041958041958,alpha,635.5,182.2670258283615,40.00229263305664,15.886589446996913,2.7263107299804688,1.4425384666547583,0.6403022670025189,0.5728925737198044,15.886589446996913,164.82377622377624,40.544610599649275,0.24038601886350006,0.6673823223549474,4.55641449104699,0.0950226152633275,0.9954751139975915,94.0,10.0,33.0
154,2136,0.9096267190569745,alpha,455.5,113.69848430156708,46.45347213745117,9.805510310450446,-81.25383758544922,3.680722706297875,0.8742802303262955,0.7769357765060522,9.805510310450446,221.7190569744597,33.463724756110935,0.44278091654764345,0.9488195352429165,2.4475777389716886,-0.3005780397423795,-0.9537572238387653,63.0,2.0,46.0
155,2169,0.9337121212121212,proton,3243.5,956.433546423912,437.6670227050781,7.4108850604118555,-2.430192708969116,26.156001606769223,0.48800120364101407,0.4428917681520936,7.4108850604118555,158.6750541125541,34.29458713422612,0.044556817709572025,0.9287949471503198,2.185299546930692,-0.08472802476717116,0.9964041157176408,602.0,20.0,374.0
155,2162,0.8817847286108556,alpha,2047.0,307.50461411476135,109.41682434082031,18.708274639957015,-68.96248626708984,2.7165777082560654,0.6386895475819033,0.46448507487782265,18.708274639957015,196.15041398344067,49.30821252829689,0.2720347802920373,0.8264504581577667,2.8103960790976834,-0.6701031629346401,-0.7422679779062217,141.0,13.0,81.0
155,2169,0.9663865546218487,proton,282.5,163.15432798862457,66.29094696044922,4.261517038948717,-6.581944465637207,5.507937017325204,0.41882876204596,0.3540780230940402,4.261517038948717,135.7983193277311,29.544984407136166,0.13336169866907557,0.90045021198784,2.461185659121243,-0.227737219835007,0.9737226292439863,67.0,13.0,15.0
155,2167,0.7821782178217822,electron_positron,79.0,50.28427076339722,21.085901260375977,3.746579243850228,60.255117416381836,3.2692306839263763,0.7745098039215687,0.5808825372228101,3.746579243850228,140.24752475247524,19.363846040420558,0.392620202590597,0.9405545609806095,2.3847342422061883,0.8615384843406804,-0.5076922689976314,21.0,2.0,12.0
156,2179,0.9887931034482759,proton,1018.0,323.4213538169861,125.97799682617188,8.080776212092546,-1.0708245038986206,7.20577249468121,0.5250128932439402,0.4622095638265761,8.080776212092546,157.42586206896553,31.355740058267774,0.12229825506112196,0.8351355190904581,2.5672844620894577,-0.03737012307870385,0.9993014929945229,167.0,15.0,78.0
156,2179,0.9973206311402203,proton,3041.5,702.1736608743668,305.0262451171875,9.971273123830677,-4.717602729797363,13.979823169943892,0.5598711458812702,0.4569988231563889,9.971273123830677,149.60256028579934,30.48250669878909,0.07751908100112472,0.8865249683989777,2.302010637165336,-0.16393213180499694,0.9864716195420267,383.0,25.0,224.0
156,2170,0.8798017348203222,alpha,3077.0,355.50461411476135,113.43074798583984,27.126683501938277,-73.04468536376953,2.1676326366190306,0.6642918825561313,0.5183839966335833,27.126683501938277,218.4141883519207,44.626215859483985,0.3059474773288161,0.7916998760826297,3.134111521147166,-0.5578990797754512,-0.8299088002821182,170.0,14.0,91.0
157,2190,0.927536231884058,electron_positron,110.5,65.84061968326569,28.53998374938965,3.871761139400198,57.2647705078125,4.203539382974778,0.7647058823529411,0.5702561211615298,3.871761139400198,112.68115942028986,20.122085892986572,0.3203201967466343,0.9278356501182995,2.306960657771003,0.9097473390838542,-0.4151623526162348,38.0,1.0,29.0
157,2188,0.7876857749469215,electron_positron,395.0,169.88224983215332,69.57011413574219,5.677725340931498,-18.434947967529297,5.500000376972869,0.5298457411133467,0.4488635947116878,5.677725340931498,100.1868365180467,14.438357028646006,0.17199307129394198,0.8848032188608099,2.4418854553075255,-0.5999999761129289,0.8000000179153027,89.0,6.0,46.0
157,2187,0.952,electron_positron,63.0,151.82337474822998,66.02227783203125,0.9542233632150606,53.972625732421875,9.977778021191186,0.1917808219178082,0.14420933680926654,0.9542233632150606,89.776,13.672081919005668,0.03434576008954432,0.8917179562486286,2.2995779566177226,0.9513513608423659,-0.3081080788025175,66.0,6.0,22.0
157,2191,0.9798196650923143,proton,4369.5,643.345233798027,247.0660858154297,17.685551562363067,-6.81278133392334,6.658851402507557,0.5835336538461539,0.4766557070610554,17.685551562363067,112.2155431515672,22.55009972414483,0.13266410516604027,0.8215126412697178,2.6039398797884266,-0.23557573272909468,0.9718559945532826,327.0,32.0,174.0
157,2185,0.6161616161616161,electron_positron,72.5,62.18376553058624,26.60921287536621,2.7246202411014466,-36.38435363769531,5.064516181729373,0.6223175965665236,0.51857540336716,2.7246202411014466,100.86868686868688,7.878684278003012,0.2356100634783659,0.9252086122027727,2.33692615493161,-0.9551167154275689,0.29622974177292233,30.0,2.0,16.0
157,2182,0.8842105263157894,electron_positron,71.5,55.35533845424652,24.079280853271484,2.969357782555445,-49.398704528808594,4.624999771030148,0.7447916666666666,0.5703359310483592,2.969357782555445,103.85263157894737,7.416863319210099,0.29322222497882106,0.9322567479114302,2.298878392239267,-0.988235298528373,-0.15294114797051026,26.0,4.0,14.0
158,2194,0.9853971962616822,alpha,1627.5,187.29646337032318,57.552005767822266,28.278771144236067,88.02506601810455,1.5434382625738463,0.8842705786471068,0.7583842964337869,28.278771144236067,170.80490654205607,42.66145006584089,0.5830042322875116,0.8624003097549898,3.254386374054785,0.06888360944188894,-0.9976247031575839,89.0,22.0,26.0
158,2205,0.9800868935553947,proton,2526.0,569.4112491607666,228.44358825683594,11.057434438300161,47.6754264831543,9.731720618824752,0.5445139038585902,0.47104785709076924,11.057434438300161,128.9811730629978,20.591497835949404,0.09790190101093081,0.8288219348949423,2.4925683119658646,0.9956423223337009,-0.09325430809327238,322.0,34.0,181.0
158,2192,0.9447058823529412,alpha,1597.5,219.9827550649643,93.871826171875,17.017885612186248,80.53767776489258,3.6602562929783375,0.8765432098765432,0.6635624920211994,17.017885612186248,225.19294117647055,37.1663250117482,0.41483315273163335,0.9434786620826805,2.343437472519028,0.32432432521855864,-0.9459459456393513,89.0,9.0,34.0
158,2205,0.9897380502295436,proton,3369.5,826.9574934244156,355.4422607421875,9.479739389920196,47.1885871887207,17.289178910617427,0.5511122015047432,0.4611069882239938,9.479739389920196,142.66351606805293,27.17434902020839,0.06191686387412459,0.8713069064116862,2.3265592889761404,0.9970832366061567,-0.07632181391313267,376.0,39.0,121.0
159,2214,0.9988249118683902,proton,770.0,181.53910398483276,68.98528289794922,11.161801005282106,-72.80146026611328,3.423250955639239,0.6547619047619048,0.5538811229419902,11.161801005282106,118.95417156286722,20.37663037505899,0.2936028142153117,0.8879824051893713,2.6315627965661283,-0.5649249442604676,-0.8251422952147754,83.0,15.0,44.0
159,2211,0.9475409836065574,electron_positron,229.5,175.09545290470123,71.03578186035156,3.23076615741587,65.13630294799805,4.7839047545463895,0.28421052631578947,0.2175759480155155,3.23076615741587,96.10491803278688,13.22449820833038,0.09406819657159009,0.8652968175943282,2.4648909087665056,0.762977483902221,-0.6464250606669238,96.0,5.0,59.0
159,2214,0.9559955995599559,proton,4231.0,734.5239470005035,302.7852783203125,13.97359879407374,-67.07858276367188,9.526411815181474,0.605033605033605,0.4396457363810325,13.97359879407374,100.80748074807481,15.552463083216141,0.0985464470057865,0.849832660558758,2.4258905554300445,-0.7174316096882453,-0.6966289438575843,375.0,41.0,178.0
159,2207,0.9736842105263158,alpha,826.0,113.0538227558136,38.18376159667969,21.632232275193804,45.0,1.3846152569278873,0.9638273045507585,0.784425567234993,21.632232275193804,131.37643020594965,23.36226382948078,0.8121185066779039,0.9539458597151899,2.9607827523636203,1.0,6.123233995736766e-17,27.0,5.0,7.0
159,2214,0.9805707346690953,proton,1469.0,413.64674949645996,175.47853088378906,8.371394452651575,-68.62937927246094,10.727723348947782,0.5727095516569201,0.5117777273416794,8.371394452651575,106.3424408014572,16.193368244406493,0.10788782253784412,0.8788334034628953,2.3572499006753036,-0.678688485063992,-0.7344262660346125,196.0,13.0,82.0
159,2214,0.9517326732673267,proton,720.5,198.2670258283615,77.8151626586914,9.259120914007692,-63.4349479675293,3.954545207812168,0.6433035714285714,0.47054598343055487,9.259120914007692,139.57549504950495,32.391352951706935,0.23032594699402933,0.8593624695096114,2.5479227833525124,-0.8000000179153028,-0.5999999761129288,84.0,11.0,26.0
160,2229,0.9879518072289156,proton,126.0,92.91168737411499,35.67170715332031,3.5322111010398323,30.963756561279297,4.0,0.5070422535211268,0.39607984959711184,3.5322111010398323,163.5722891566265,19.140670213071086,0.18341705430378358,0.8537091129377921,2.604632488565011,0.882352941656223,0.47058823439458186,36.0,7.0,15.0
160,2216,0.9913594470046083,alpha,1657.5,182.75230705738068,70.4202880859375,23.537251054373243,-50.194427490234375,2.1235522141578462,0.9290919282511211,0.7097753069499955,23.537251054373243,229.68663594470047,32.301766315734206,0.6236453158481303,0.9426062323923702,2.595165569819292,-0.9836065662996889,-0.1803278201835086,60.0,7.0,11.0
160,2229,1.0,proton,66.5,45.21320307254791,18.34120750427246,3.625715481628419,18.434951782226562,3.0526311278330107,0.7189189189189189,0.6034483791378926,3.625715481628419,150.50574712643677,12.529389416665524,0.4087906547774372,0.9354345897864302,2.4651159451751363,0.6000000826393695,0.7999999380204662,25.0,0.0,20.0
160,2215,0.9918433931484503,alpha,1737.0,232.6518018245697,98.17269897460938,17.693310035708034,20.095230102539062,4.1014355049128834,0.8687171792948237,0.7391868690362969,17.693310035708034,213.07286568787381,38.093501605905814,0.4032708602962746,0.9339533335272299,2.369821796228104,0.6453305061039283,0.7639034872885762,114.0,3.0,71.0
161,2243,0.9789473684210527,electron_positron,121.0,151.7401144504547,68.44233703613281,1.7679115769544862,-78.87081146240234,13.296875233045519,0.3683409436834094,0.3434672262785258,1.7679115769544862,86.1157894736842,12.529429069107035,0.06603807721855061,0.9307811530912148,2.2170504547550216,-0.3787839343086542,-0.9254851328409642,78.0,1.0,39.0
161,2238,0.9262295081967213,electron_positron,93.5,63.69848430156708,27.11151885986328,3.4487186233752567,21.801414489746094,3.5609753958961803,0.6091205211726385,0.45297359504963436,3.4487186233752567,90.71311475409837,8.034229545928223,0.28957647552894933,0.9365398351015577,2.349498920765677,0.6896552988854918,0.7241378105852248,35.0,2.0,21.0
161,2241,0.8622754491017964,electron_positron,129.0,82.28427076339722,31.997236251831055,4.031598197566764,-77.47119140625,2.9797978057612355,0.5108910891089109,0.37544953471201525,4.031598197566764,87.52095808383234,14.80930211124733,0.23942303134653894,0.8829935104196927,2.5716055635488977,-0.42352943973682394,-0.9058823398633026,45.0,0.0,29.0
161,2239,0.9053497942386831,electron_positron,185.0,136.36753106117249,56.82021713256836,3.2558833692657823,29.054603576660156,4.71774233075981,0.42577675489067895,0.2703336870284104,3.2558833692657823,87.13991769547326,10.302271673728825,0.12501428378214127,0.87579138782338,2.399982575621116,0.8490565941395808,0.5283019022756733,65.0,7.0,36.0
161,2248,0.8622327790973872,proton,762.0,175.39696860313416,70.223876953125,10.851010127348012,-9.130176544189453,3.614337885459052,0.7639097744360902,0.558488347559519,10.851010127348012,112.90380047505938,22.52829331769654,0.31125810499650525,0.9024605993337429,2.4976827855889105,-0.31333540770971086,0.9496425234136208,92.0,5.0,59.0
161,2247,0.9475378178307049,proton,5627.5,1266.6833273172379,572.4415283203125,9.830698371085168,-4.868332862854004,29.0371515895614,0.5622439804176241,0.4986631205287509,9.830698371085168,90.1102349533312,10.183965139860815,0.04407468928284718,0.9134484601724483,2.212773295875311,-0.1691201337700901,0.9855954445681995,713.0,39.0,414.0
161,2231,0.573394495412844,electron_positron,183.5,78.18376553058624,32.35643768310547,5.671205272878737,83.65980815887451,2.929999489619103,0.7710084033613446,0.5135493813565281,5.671205272878737,114.89908256880734,23.946593848739397,0.3772356827368645,0.9254936580213137,2.4163279745535453,0.21951219836453736,-0.9756097553679791,36.0,4.0,14.0
161,2230,1.0,electron_positron,95.5,63.35533845424652,27.631221771240234,3.4562351527792563,43.15238952636719,3.740740731177087,0.6773049645390071,0.4679083581452182,3.4562351527792563,124.08943089430896,20.476839238626933,0.2989832131762196,0.9381820994499563,2.292889506615646,0.9979209974538749,0.06444907168193705,25.0,3.0,8.0
162,2263,1.0,proton,85.0,60.14213538169861,26.0,3.269230769230769,-90.0,4.333333333333333,0.794392523364486,0.5448717948717948,3.269230769230769,132.4736842105263,15.917666741604162,0.29530520504515223,0.9597224149894805,2.3131590531422543,-1.2246467991473532e-16,-1.0,22.0,5.0,4.0
162,2263,1.0,proton,284.0,76.42640614509583,31.372529983520508,9.05250549283659,60.945396423339844,2.2907801072728975,0.9311475409836065,0.6610018227685708,9.05250549283659,143.83596214511041,22.83471470553347,0.6110001660001457,0.9506794423897427,2.4360931740360563,0.8490565941395809,-0.5283019022756732,34.0,3.0,20.0
162,2263,1.0,proton,214.5,173.52185904979706,73.53910827636719,2.9168153520965734,45.0,6.117647506834335,0.4544491525423729,0.24264705657824992,2.9168153520965734,129.19081272084804,23.66638684133974,0.08952179398933681,0.8926558380353327,2.359586118418582,1.0,6.123233995736766e-17,72.0,4.0,23.0
162,2253,0.9365733113673805,alpha,1113.0,233.13708305358887,102.28771209716797,10.881072390618224,-66.8014144897461,6.601694708694707,0.8106336489439184,0.7022692809653451,10.881072390618224,204.5535420098847,46.82939012043811,0.2573251955976391,0.9336717063739367,2.279228641189284,-0.7241378105852249,-0.6896552988854918,117.0,12.0,82.0
162,2263,0.9776470588235294,proton,705.5,365.2863587141037,164.40878295898438,4.291133279515873,53.00472640991211,13.032960719173753,0.4807495741056218,0.3401653516687227,4.291133279515873,122.9670588235294,15.747159506588908,0.06644158339555542,0.910735292404193,2.2218177894135556,0.9612162074251867,-0.27579594373946215,182.0,6.0,110.0
162,2250,0.9967213114754099,alpha,2347.0,226.2497808933258,93.33808135986328,25.14514939460973,-45.0,2.8695647278823606,0.935432443204464,0.7730567494944517,25.14514939460973,192.4110655737705,37.56771318931182,0.5761646632259096,0.9502569517758814,2.4239814831957376,-1.0,6.123233995736766e-17,90.0,5.0,52.0
162,2263,0.9890788224121557,proton,1807.5,769.3838995695114,362.0427551269531,4.992504267531015,52.535064697265625,35.112215738823785,0.5258181818181819,0.4841911195186819,4.992504267531015,143.73979107312442,26.414255963305113,0.03837089968877627,0.9464706974401532,2.125118894589455,0.9656083111960028,-0.2600011333613828,399.0,3.0,274.0
163,2295,0.9933184855233853,proton,401.0,110.56854152679443,40.24921798706055,9.962926487886419,63.4349479675293,2.195121778692814,0.7733847637415622,0.5433605423117979,9.962926487886419,153.82850779510022,36.31315771708369,0.41218394795031243,0.8621854727549801,2.7470978830530415,0.8000000179153028,-0.5999999761129288,50.0,8.0,18.0
163,2268,0.8869521912350598,alpha,1890.5,270.69343197345734,108.99253845214844,17.345224057057777,-64.74683380126953,3.870909441680043,0.7542389786554957,0.6160219086923862,17.345224057057777,213.88794820717132,46.34261905427939,0.3242135108525036,0.893082594851482,2.4835959948974056,-0.7716948787937151,-0.6359929355295963,133.0,13.0,77.0
163,2295,0.9867695700110254,proton,733.5,425.77163994312286,174.1928253173828,4.21085081238879,53.48894500732422,13.06812344996414,0.40081967213114755,0.3159023234476881,4.21085081238879,120.37706725468578,19.54665475821711,0.05084596820758844,0.8256358725551965,2.444254745666812,0.9564175086714345,-0.29200265256796315,205.0,19.0,100.0
163,2285,0.903954802259887,electron_positron,136.0,93.25483322143555,29.96063232421875,4.539290043290043,39.80556869506836,2.3168319285044663,0.5018450184501845,0.35101969782311754,4.539290043290043,128.75706214689265,20.93311296696372,0.19651969115722664,0.7603948462122633,3.1125789406671758,0.9836065422875784,0.18032795115864375,41.0,5.0,15.0
163,2295,1.0,proton,316.0,216.59292674064636,84.18878173828125,3.753469209025417,48.96465301513672,6.501617333573724,0.3542600896860987,0.2898678418497462,3.753469209025417,118.08888888888889,17.192792058459606,0.08464638337321469,0.8284706907274211,2.5727053209294746,0.9904390326136043,-0.1379511604714783,85.0,17.0,24.0
163,2294,0.967032967032967,proton,67.0,54.28427076339722,22.962120056152344,2.9178490416458036,59.74355888366699,3.584269841055997,0.6146788990825688,0.4554613552733796,2.9178490416458036,120.8901098901099,8.567060030742233,0.28571737448345236,0.9170856927105179,2.3640792152749235,0.8704663891605804,-0.4922278591686385,27.0,2.0,17.0
163,2265,0.9872758820127241,alpha,1628.5,233.37972366809845,78.44163513183594,20.760658510789572,-44.02897644042969,2.468325957245861,0.7982843137254902,0.6532764418484366,20.760658510789572,154.65934065934064,32.786569493979535,0.3757261170991813,0.7990388135123467,2.975202177719267,-0.9994256155348297,0.033888626599892294,109.0,18.0,38.0
163,2275,0.7215909090909091,electron_positron,132.0,102.56854152679443,28.0,4.714285714285714,-90.0,1.5555555555555556,0.39111111111111113,0.2619047619047619,4.714285714285714,145.26704545454547,18.480709977451006,0.15767231168686102,0.728819946955168,3.6631621973855153,-1.2246467991473532e-16,-1.0,49.0,4.0,27.0
164,2306,0.8454935622317596,electron_positron,187.0,101.5979790687561,40.993377685546875,4.561712416928527,-80.13419342041016,4.31081077557478,0.6161449752883031,0.47970379978964245,4.561712416928527,115.06437768240343,27.623622590853387,0.22765716954971466,0.908402279561623,2.478399800282296,-0.3376146669557341,-0.9412844079534988,45.0,5.0,19.0
164,2308,0.7133891213389121,electron_positron,407.0,170.6518018245697,53.23517608642578,7.645320818310945,-42.397438049316406,2.029375839572756,0.43251859723698194,0.2914469434509678,7.645320818310945,128.5774058577406,32.584124660351165,0.17562345512467187,0.7831527456822854,3.2056210643038243,-0.995876289457241,0.09072164073073964,88.0,4.0,51.0
164,2306,0.9801980198019802,electron_positron,80.0,48.28427076339722,20.80125617980957,3.845921578411731,33.690067291259766,3.26086942871653,0.8290155440414507,0.6028985938097728,3.845921578411731,104.2871287128713,23.669480133190753,0.43120967620813727,0.9547725370435778,2.3212189853353005,0.9230769199256637,0.3846153921784071,27.0,0.0,22.0
164,2305,0.5251641137855579,electron_positron,376.5,185.09545290470123,68.87360382080078,5.466535495653733,64.72227668762207,3.457755550184639,0.37782237832413446,0.2744439437140268,5.466535495653733,103.89934354485777,20.082617640579915,0.13809671401178056,0.8226881462919168,2.6874657726099684,0.7722397715150788,-0.6353312012567451,96.0,10.0,53.0
164,2300,0.8936170212765957,electron_positron,106.0,80.42640614509583,31.52838897705078,3.362049360566961,-10.784297943115234,3.4564100162135962,0.45493562231759654,0.36857643101671644,3.362049360566961,111.18439716312056,12.013351223339432,0.20592942361120167,0.8849093866790545,2.550920258045454,-0.3676148821025074,0.9299781171924206,39.0,1.0,24.0
164,2297,0.752827140549273,electron_positron,528.5,220.00714027881622,66.62256622314453,7.932747565289676,12.847702026367188,2.0307611127758247,0.3449738903394256,0.24180268317945647,7.932747565289676,117.40710823909532,19.71965916415597,0.13720859073041666,0.7596753276082073,3.302291592039969,0.4335868038290023,0.9011118041316241,108.0,8.0,55.0
164,2309,0.8975188781014024,proton,4176.0,1118.9646337032318,443.3360900878906,9.41949029949742,59.312063217163086,9.916323723062492,0.3428852943591428,0.2106905284826813,9.41949029949742,105.69665587918016,17.544318965848476,0.041911927421991305,0.8035494042482576,2.5239646821475756,0.8777813272913335,-0.4790615215801252,555.0,34.0,298.0
164,2297,0.7254901960784313,electron_positron,159.0,101.25483322143555,41.96885299682617,3.78852383723768,78.69006824493408,5.21951194055519,0.5955056179775281,0.47116478039167364,3.78852383723768,121.6421568627451,15.896552445787421,0.1948836760394939,0.8834532611411062,2.412618549024744,0.38461536144962505,-0.9230769327293226,43.0,9.0,10.0
164,2297,0.9814814814814815,electron_positron,73.0,80.42640614509583,33.16115188598633,2.2013710576455967,-27.758541107177734,4.593548738240025,0.42441860465116277,0.30493829885684237,2.2013710576455967,112.25925925925925,13.469698758193836,0.14181932003412945,0.8783586554141073,2.4253200377844375,-0.8242950208482547,0.5661605060446864,38.0,6.0,19.0
164,2297,0.6217391304347826,electron_positron,184.5,101.84061968326569,37.245662689208984,4.953596920520207,-78.31063079833984,2.5011340464992364,0.4973045822102426,0.33264571002347737,4.953596920520207,130.8695652173913,13.615222771416907,0.22354459206647137,0.8516570207557878,2.734294742801596,-0.3968072984456144,-0.9179019380632624,46.0,5.0,27.0
164,2309,0.848512173128945,proton,1001.0,261.22034335136414,111.15727233886719,9.005258755796142,60.75117301940918,5.529514057566189,0.5981475948610696,0.4479662358967816,9.005258755796142,149.7781785392245,32.108633121613444,0.1843444001699783,0.9083432456824081,2.3500067773795665,0.8526187693599369,-0.5225334765688671,137.0,6.0,90.0
165,2320,0.9303621169916435,proton,304.5,114.04163014888763,48.0,6.34375,0.0,3.6923076923076925,0.8553370786516854,0.4879807692307692,6.34375,202.75766016713092,36.45793227437559,0.29421873759962264,0.9580549137854396,2.3758672947684922,0.0,1.0,40.0,15.0,5.0
165,2322,0.9728183118741058,proton,643.5,130.1248904466629,55.007080078125,11.698494068146413,-50.90614318847656,3.240000107851887,0.9063380281690141,0.6890589718390124,11.698494068146413,204.4907010014306,36.18867837951866,0.4775706862207298,0.9460488377285112,2.365602578101768,-0.9788235145867772,-0.2047059532402251,50.0,2.0,28.0
165,2320,0.7208401305057096,proton,4588.5,712.256921172142,292.94976806640625,15.663094838019713,5.582603454589844,5.579817596441008,0.44643899591360187,0.29833514724645693,15.663094838019713,204.7610114192496,41.59029737232748,0.11365989327434456,0.8654843472721924,2.431327820715962,0.19363862651008243,0.9810729240598217,371.0,23.0,197.0
165,2319,0.9825418994413407,proton,1256.5,389.1787132024765,176.49899291992188,7.1190207899377524,78.09169960021973,13.198606888025301,0.6396029524051922,0.5323608666520732,7.1190207899377524,150.8526536312849,20.41171735177484,0.10424955298453838,0.9208172658390223,2.204991126374574,0.4038103785532739,-0.9148427067931741,224.0,10.0,143.0
165,2319,0.738255033557047,proton,300.5,326.20815074443817,119.08914184570312,2.5233198874616156,81.75367832183838,6.205530581393846,0.22136279926335176,0.131485864165267,2.5233198874616156,129.49888143176733,23.087216672714792,0.035486627176857445,0.7555628325733882,2.7391930589867473,0.28389223215850956,-0.9588561938685378,146.0,15.0,25.0
165,2312,1.0,electron_positron,23.5,36.38477599620819,15.799478530883789,1.4873908625568708,57.52880859375,4.039215633687693,0.5108695652173914,0.3802589062480828,1.4873908625568708,132.05,10.215062408032377,0.22306853509683244,0.951852989825558,2.302909929912282,0.9058823398633026,-0.4235294397368238,16.0,0.0,9.0
165,2311,0.9952406134320465,alpha,1761.5,300.4924215078354,122.52044677734375,14.377192104116071,-27.16498565673828,5.246114783057522,0.744348193534756,0.615606635628173,14.377192104116071,218.68588048651506,37.670489672663024,0.2451463687515234,0.8760711109256327,2.452589991398904,-0.8123886650717193,0.5831163321868029,148.0,16.0,62.0
165,2310,0.9934086629001884,alpha,1005.0,129.39696860313416,45.396263122558594,22.138386088889092,81.86989784240723,1.565853885753474,0.9575988565983802,0.7636196351230384,22.138386088889092,200.045197740113,41.61273153844672,0.7542715401343227,0.9301197604394329,2.8503881091224312,0.2799999934131037,-0.9600000019211781,43.0,7.0,7.0
165,2319,0.9613325401546698,proton,1428.5,544.835567355156,247.40399169921875,5.773956960794303,81.12671566009521,15.84646087185931,0.500262651024339,0.36982743255922795,5.773956960794303,174.7317073170732,26.902715430992657,0.060472678735718745,0.9256107928400351,2.202210092137638,0.30480726155882293,-0.9524140555982,283.0,14.0,126.0
166,2334,0.949864163991109,proton,3627.0,1019.2833943367004,416.20458984375,8.714464204639443,32.744537353515625,13.700258452118865,0.32022248708780293,0.2868551063315278,8.714464204639443,140.4067671029884,37.711874673317276,0.04386998861387315,0.836259103103795,2.4489960447561523,0.9098821796586148,0.41486674865514134,496.0,46.0,239.0
167,2346,0.9732782369146006,proton,3341.5,712.9331082105637,317.8414306640625,10.513103949408489,-51.85432815551758,15.331543554015944,0.5661160525201185,0.5071148552015303,10.513103949408489,177.1699724517906,38.01810546996548,0.08261402130936689,0.9108468199788183,2.2430464987558123,-0.9715133271353188,-0.2369849260996635,379.0,14.0,248.0
167,2346,0.9270462633451957,proton,1965.0,705.6610300540924,322.6932678222656,6.08937401533363,-53.57771682739258,23.20561732600935,0.57489760093622,0.4379009333179124,6.08937401533363,165.1174377224199,39.44219043508236,0.0495884062113269,0.918099151299853,2.1867857201246585,-0.9555080835513027,-0.2949649170123743,340.0,15.0,160.0
167,2345,0.9028006589785832,proton,526.5,199.1787132024765,85.79563903808594,6.136675545551668,-47.202598571777344,5.6882886121804015,0.567654986522911,0.4068642883691524,6.136675545551668,188.82207578253707,36.79756241892237,0.16677171505112867,0.9218462583243557,2.3215482212803167,-0.997045789151803,-0.07680946774101807,100.0,4.0,63.0
168,2365,0.7323943661971831,electron_positron,178.5,78.18376553058624,27.712947845458984,6.4410325814274145,34.38034439086914,2.064724876784253,0.649090909090909,0.47988255443674266,6.4410325814274145,139.7887323943662,27.732753212412813,0.3669567812998926,0.8684728496636306,2.8211998942363454,0.9320754674875004,0.36226416177695187,35.0,0.0,12.0
168,2371,0.5516422635536209,proton,2326.0,443.0782079696655,181.26075744628906,12.832341830466184,88.43064522743225,7.80023587970086,0.6649514008004574,0.5522171184584652,12.832341830466184,146.25009893153938,38.61982743900831,0.14888769050339834,0.854136013538924,2.444424343205991,0.05475342096722855,-0.9984999063056468,211.0,20.0,92.0
168,2369,1.0,proton,1218.5,250.75230705738068,105.30358123779297,11.571306366574795,85.42607879638672,5.502084207213459,0.701294964028777,0.6045976904868093,11.571306366574795,128.34259954921112,19.732314064403617,0.24352610499840016,0.9011449476975278,2.3812324719625666,0.1589825099838707,-0.9872813993584749,129.0,7.0,66.0
168,2349,0.9515235457063712,alpha,606.5,268.3502861261368,120.5067138671875,5.032914603151771,-65.69544982910156,14.232639530284011,0.6723946784922394,0.5944204852545232,5.032914603151771,179.7229916897507,42.97945457661754,0.1058367618535234,0.9170711930493891,2.226849256066265,-0.7502160969452712,-0.6611927161457569,133.0,10.0,76.0
168,2348,0.9635995955510617,alpha,928.0,134.08326029777527,39.0,23.794871794871796,-90.0,1.21875,0.9238427078148332,0.7435897435897436,23.794871794871796,183.98179979777555,45.14707649530766,0.648647453221923,0.9353547689504443,3.438032315327571,-1.2246467991473532e-16,-1.0,44.0,5.0,21.0
168,2369,0.9707446808510638,proton,1030.0,210.56854152679443,94.7344741821289,10.872493977427949,82.67359352111816,5.553155868709422,0.8501857201815931,0.637325052569422,10.872493977427949,144.76241134751774,25.01365453775866,0.29191748625706476,0.9482344609985605,2.2227234947435526,0.2529612466381687,-0.9674764119601384,110.0,3.0,49.0
168,2347,0.7534121929026387,alpha,1004.5,212.2670258283615,66.84236907958984,15.027893442913914,38.65980911254883,2.3010749991119317,0.6621621621621622,0.5173411769656494,15.027893442913914,155.69699727024567,34.0978106572923,0.28015265034714454,0.7511437623854239,3.175635884114358,0.9756097626754329,0.21951216588696298,101.0,8.0,51.0
169,2387,0.9968421052631579,proton,1813.5,191.29646337032318,75.0,24.18,-90.0,2.272727272727273,0.9499738082765846,0.7327272727272728,24.18,158.63631578947368,41.46823574617415,0.6227497214299835,0.9492370502743527,2.550619511604309,-1.2246467991473532e-16,-1.0,75.0,10.0,24.0
169,2387,0.9858206309819213,proton,2577.5,552.5168067216873,196.93226623535156,13.088256430866736,84.20078229904175,7.511710827006655,0.575591782045556,0.4992335660266344,13.088256430866736,116.17476072314781,18.945984179806327,0.1061005296050498,0.7468785101112202,2.805618486415937,0.201051171429554,-0.9795807401469284,243.0,38.0,53.0
169,2373,0.9316582914572864,alpha,894.5,226.75230705738068,98.23440551757812,9.105770990184672,-67.89054870605469,6.854544790305892,0.7564482029598308,0.6353773382516182,9.105770990184672,176.74271356783922,40.359242771125565,0.2186184345202761,0.9043121158341312,2.3082778977759015,-0.697401582605959,-0.7166805652302174,102.0,17.0,41.0
169,2372,0.7818740399385561,alpha,588.0,140.56854152679443,49.97560501098633,11.76574050220578,-38.65980911254883,2.0915032314533177,0.7304347826086957,0.4924019284087683,11.76574050220578,167.76497695852535,38.0049928297821,0.373947739658054,0.8346475531330908,2.8127431673091845,-0.9756097626754329,0.21951216588696298,46.0,11.0,8.0
169,2386,1.0,proton,735.5,171.4385987520218,59.41363525390625,12.379313214160605,83.36748504638672,2.5720001113024775,0.650022094564737,0.5358971022157066,12.379313214160605,136.48518518518517,21.54599794474244,0.3144671787289816,0.8281001859718361,2.8855093282774726,0.2294557212116116,-0.973319100810859,78.0,13.0,33.0
170,2390,0.973651191969887,alpha,703.0,212.5096664428711,83.98114776611328,8.370926317390285,-84.2894058227539,5.11515203617176,0.6669829222011385,0.5098591997848373,8.370926317390285,198.24592220828103,44.134103260105185,0.19561754751846558,0.8405673610877004,2.530444892640769,-0.19801983755550268,-0.9801980126150492,104.0,11.0,45.0
170,2400,0.9917525773195877,v_track,1829.0,255.62236428260803,110.0347900390625,16.622015631153587,23.198593139648438,4.341968787907137,0.8393758604864617,0.6559041284756592,16.622015631153587,212.11546391752577,37.08481596691891,0.3517433332081567,0.928542224384383,2.323104939736439,0.7241379942515149,0.6896551060359033,122.0,7.0,76.0
170,2399,0.9809474768280123,v_track,1812.0,294.45079135894775,119.05037689208984,15.220447404735568,79.38034439086914,4.560000099358052,0.7379352474037875,0.5829905245976565,15.220447404735568,210.56333676622037,38.61349388729575,0.26262895501740185,0.8823745473957906,2.473329350530701,0.362264161776952,-0.9320754674875004,139.0,15.0,68.0
171,2412,0.9590570719602978,proton,681.5,307.0609630346298,134.60739135742188,5.0628720542575465,-49.332313537597656,10.177704849755166,0.47,0.3828052601025746,5.0628720542575465,168.84491315136475,38.79454718123958,0.09082941328613714,0.9001288548371227,2.281159748644808,-0.9885870829184378,-0.15065052103067497,147.0,6.0,79.0
171,2412,0.9931153184165232,proton,478.5,250.634556889534,110.05265808105469,4.347918608631704,-50.806724548339844,11.465838731485025,0.5646017699115045,0.4529880009574787,4.347918608631704,135.32185886402755,19.699585970837568,0.09572159037052419,0.8942840591113241,2.2774057552061993,-0.9795280233879159,-0.2013078523003079,127.0,13.0,79.0
171,2403,0.7764705882352941,alpha,65.0,42.14213538169861,18.0,3.611111111111111,-90.0,3.0,0.9154929577464789,0.6018518518518519,3.611111111111111,166.45882352941177,23.925154343924724,0.459928312360253,0.9712951532586895,2.3412297434277005,-1.2246467991473532e-16,-1.0,7.0,2.0,0.0
171,2412,0.9831578947368421,proton,781.5,423.22748363018036,192.35418701171875,4.062817722560876,-52.30575942993164,18.190477942675162,0.4795949677815281,0.3842110084292102,4.062817722560876,134.37157894736842,22.60614338093867,0.05482657568258534,0.9170538501909276,2.2002509547889186,-0.9676584743902714,-0.25226390336449733,207.0,14.0,125.0
171,2402,0.9954873646209387,alpha,3181.0,315.4802289009094,131.3087921142578,24.22533897983058,-86.03534698486328,4.266367185604532,0.9003679592414379,0.7871079279578045,24.22533897983058,201.82701564380267,41.30107068624338,0.40163286071260335,0.9257679879088525,2.4025826741776406,-0.13795116047147826,-0.9904390326136043,159.0,17.0,97.0
171,2412,0.9943181818181818,proton,546.0,390.2152910232544,174.22984313964844,3.1337914915206055,-55.561012268066406,15.731913441820678,0.3432882741276328,0.2829626406183526,3.1337914915206055,145.96164772727272,25.243022339459458,0.0450602855253269,0.9039212316998824,2.239658166428409,-0.9328150828856161,-0.3603554094794486,174.0,18.0,65.0
171,2412,0.9103343465045592,proton,561.0,234.2497808933258,99.29133605957031,5.650039794644574,-56.309932708740234,7.019607190069388,0.5123287671232877,0.39944129609526435,5.650039794644574,175.75075987841944,30.653746346508516,0.12847373158127656,0.8829329529494423,2.3592167271551925,-0.9230769199256638,-0.384615392178407,106.0,9.0,55.0
171,2401,1.0,alpha,108.5,57.55634891986847,26.0,4.173076923076923,0.0,4.333333333333333,0.9517543859649122,0.6955128205128205,4.173076923076923,162.72794117647058,12.374943203532569,0.4115789252495212,0.9779883709263495,2.2137057276872487,0.0,1.0,12.0,4.0,0.0
172,2414,0.9955654101995566,alpha,842.5,129.8406196832657,37.0,22.77027027027027,-90.0,1.0571428571428572,0.9192580469176214,0.6505791505791506,22.77027027027027,188.519955654102,36.321658904037704,0.6279985116311148,0.9336343926435637,3.509205937385559,-1.2246467991473532e-16,-1.0,41.0,8.0,17.0
172,2426,0.6412620364679369,v_track,4614.0,646.3229365348816,159.09902954101562,29.00080543112624,45.0,2.027027055925377,0.5534364879453041,0.3694894772275507,29.00080543112624,196.70723212456463,41.16799805256775,0.1387996329233662,0.608543684508629,4.062393959280939,1.0,6.123233995736766e-17,294.0,28.0,156.0
173,2431,0.9907773386034255,alpha,705.0,117.5979790687561,39.0,18.076923076923077,-90.0,1.6956521739130435,0.90153452685422,0.7859531772575251,18.076923076923077,186.03820816864297,40.48461201775403,0.6406181872341774,0.9328807058586052,3.015332796634772,-1.2246467991473532e-16,-1.0,44.0,6.0,20.0
173,2445,0.988,proton,643.5,255.3208485841751,111.24893188476562,5.7843251984347415,-55.30484390258789,9.113989560391051,0.5514138817480719,0.4738767247405847,5.7843251984347415,150.356,18.97092329504996,0.12404688326610608,0.908443935093544,2.2950408984478403,-0.9360000315309297,-0.3519999161563801,130.0,6.0,79.0
173,2430,0.9894444444444445,alpha,1704.0,220.6518018245697,72.82775115966797,23.397674277544844,82.14668703079224,2.1889117777663887,0.8619119878603946,0.7032407836701502,23.397674277544844,191.80333333333334,39.52640734721257,0.43980939065962193,0.8093260936436456,3.029776401317287,0.27071177411540104,-0.9626604465517902,96.0,22.0,34.0
173,2429,0.9982435597189696,alpha,1603.0,237.82337474822998,92.95223236083984,17.24541691238965,84.09385871887207,3.3089132144035656,0.8033074417439239,0.6139022857222454,17.24541691238965,187.19964871194378,44.0315309086831,0.35615111746721856,0.8622983477315648,2.5585547405144773,0.20470588807110723,-0.9788235282158982,106.0,16.0,51.0
173,2429,0.9769736842105263,alpha,566.0,96.08326029777527,35.0,16.17142857142857,-90.0,1.5217391304347827,0.9585097375105842,0.7031055900621118,16.17142857142857,194.32894736842104,41.959375138934874,0.7704258265240584,0.958069751261508,2.745236008507865,-1.2246467991473532e-16,-1.0,30.0,7.0,8.0
173,2428,0.9947771587743732,alpha,2733.0,331.50461411476135,134.25018310546875,20.357514133540647,53.972625732421875,4.442822093549289,0.8246831623415811,0.6737034652025885,20.357514133540647,225.56337047353762,32.59474333961349,0.31251462091967674,0.880221979696486,2.4693047446671033,0.9513513608423659,-0.3081080788025175,154.0,12.0,84.0
174,2452,1.0,alpha,1665.0,284.9360725879669,102.66925811767578,16.217123124544617,12.094757080078125,3.410672499529695,0.7326732673267327,0.5387327898968122,16.217123124544617,176.62996087199554,39.32434558194757,0.2577087913043406,0.7850178430952833,2.775281304374319,0.40975609765860277,0.9121951219073656,136.0,23.0,48.0
174,2449,0.9926444833625219,alpha,2720.0,300.30865597724915,129.72442626953125,20.96752383663349,77.47119331359863,5.111110910713583,0.9110701725004187,0.8261153503149872,20.96752383663349,214.8227670753065,38.678830786520464,0.37900336634797305,0.9406246694920457,2.3149738612317416,0.4235293794240581,-0.9058823680614786,143.0,7.0,71.0
174,2448,0.9895311788802913,alpha,2093.5,255.11983811855316,108.8944320678711,19.2250417238521,-45.0,4.277777170030647,0.9086371527777778,0.7552309426428966,19.2250417238521,219.44196631770598,35.206496966219895,0.40419819327009604,0.9429642675418232,2.342818023602378,-1.0,6.123233995736766e-17,121.0,7.0,71.0
174,2447,0.9881136950904392,alpha,1815.5,277.1787132024765,106.1121597290039,17.10925500561426,-70.82099151611328,3.468456331988262,0.7115422300607486,0.5592450856845991,17.10925500561426,207.08733850129198,34.88612882492547,0.2969520780656021,0.8616842955372066,2.612129598628031,-0.620573368356305,-0.7841483880535046,134.0,7.0,70.0
175,2471,0.9967014843320505,alpha,1730.0,207.48022890090942,62.19801712036133,27.814391520749332,-39.289405822753906,1.5085324298393565,0.8321308321308322,0.6746020784569898,27.814391520749332,172.77350192413414,37.3774904318103,0.505012967918186,0.8214442972272756,3.3358013407309746,-0.9801980126150492,0.19801983755550284,79.0,19.0,31.0
175,2468,1.0,alpha,862.5,157.15432798862457,45.80812454223633,18.82853770196926,11.768287658691406,1.5554016199805152,0.8285302593659942,0.6393175519880707,18.82853770196926,166.5728051391863,35.52678739098024,0.4388501751460457,0.8056769500397644,3.430708625578505,0.39933440184589974,0.9168053422086815,59.0,9.0,23.0
175,2466,1.0,alpha,1409.0,187.1959581375122,73.58265686035156,19.148533908935402,-55.61965560913086,2.409672744007877,0.9272787101020072,0.6270730389042899,19.148533908935402,196.03217158176943,47.657784049816364,0.5052751298587294,0.9257934978528033,2.5440228190289598,-0.9320754674875005,-0.36226416177695175,56.0,12.0,4.0
176,2487,0.9904761904761905,alpha,377.5,92.5269113779068,38.19204330444336,9.884257749469002,79.69515323638916,3.007042065802787,0.9207317073170732,0.778234843445323,9.884257749469002,200.51904761904763,37.16920280538989,0.5541032396804019,0.9512168004815748,2.4226750750238595,0.3520000096333356,-0.9359999963772071,43.0,1.0,25.0
176,2486,0.9807445442875481,alpha,1457.5,230.89444243907928,69.0,21.1231884057971,-90.0,1.9166666666666667,0.7717765422292825,0.586755233494364,21.1231884057971,206.68164313222078,39.11851331630633,0.3435511985817567,0.7583178395517379,3.346296267233033,-1.2246467991473532e-16,-1.0,73.0,16.0,21.0
176,2485,0.8629690048939641,alpha,567.0,104.91168737411499,42.19999694824219,13.436019928992389,73.73979568481445,2.283549674976638,0.9387417218543046,0.7270573734747209,13.436019928992389,215.36867862969007,39.06869924130212,0.6473589826355701,0.9522912177357481,2.486059122297757,0.5375999884290191,-0.8432000073773236,45.0,2.0,29.0
176,2484,0.9505494505494505,alpha,829.0,188.99494767189026,80.17233276367188,10.34022550452269,-28.009178161621094,4.431983453576637,0.7112827112827113,0.5716150043604743,10.34022550452269,209.33516483516485,36.14675178398839,0.29165135975477513,0.9299802063767283,2.357358719110749,-0.8292166832649591,0.5589272691460495,86.0,8.0,57.0
176,2483,1.0,alpha,113.5,161.2132030725479,75.0,1.5133333333333334,0.0,9.375,0.3367952522255193,0.18916666666666668,1.5133333333333334,142.42708333333331,38.13169197871668,0.054878788053623166,0.9611535849185505,2.149509374300639,0.0,1.0,70.0,3.0,3.0
176,2483,0.9709507042253521,alpha,1067.0,150.08326029777527,63.0,16.936507936507937,0.0,3.0,0.9669234254644313,0.8065003779289494,16.936507936507937,217.8406690140845,38.63981564492182,0.5952642113927142,0.9691207823904266,2.3822739729805598,0.0,1.0,59.0,5.0,28.0
176,2482,0.9983886561392201,alpha,2957.0,333.0782079696655,136.6929473876953,21.632425494588322,11.309928894042969,4.741496775067722,0.8536374133949192,0.7503684548447768,21.632425494588322,211.86013535288433,35.34790624504081,0.3349413371337794,0.8961814118604619,2.4366890489600213,0.3846152692632769,0.9230769711402929,160.0,11.0,92.0
176,2481,0.9804582210242587,alpha,1351.0,280.56854152679443,128.99009704589844,10.473672250353257,-7.678963661193848,9.171814298724275,0.8478192657671791,0.7447283094279694,10.473672250353257,219.0667115902965,32.73801909977451,0.2156687711985122,0.962540049507365,2.1751169117033844,-0.26484810419319665,0.9642901439428226,170.0,5.0,116.0
177,2509,0.9688581314878892,alpha,536.0,91.94112491607666,30.0,17.866666666666667,-90.0,1.3043478260869565,0.950354609929078,0.7768115942028986,17.866666666666667,213.41522491349482,40.81188056426243,0.796810461645463,0.9571561000330089,3.064704163869222,-1.2246467991473532e-16,-1.0,31.0,9.0,6.0
177,2508,0.9696551724137931,alpha,673.0,121.0538227558136,43.72865676879883,15.390365259977466,75.52970600128174,1.7654477573955005,0.843358395989975,0.6213519426718762,15.390365259977466,203.1765517241379,38.114119048825266,0.5771223735394121,0.928191627684195,2.7682950198046705,0.48390243592847165,-0.8751219529314136,47.0,3.0,18.0
177,2507,0.9708365310821182,alpha,1211.5,201.29646337032318,72.31224822998047,16.75373162437114,-29.744882583618164,2.350806660383785,0.6730555555555555,0.5446488645131808,16.75373162437114,222.05218726016884,36.74230907945059,0.3757171272555954,0.8638061916205219,2.783711864829922,-0.8615384843406804,0.5076922689976313,96.0,12.0,42.0
177,2506,0.9754479097544791,alpha,1384.0,278.7939372062683,119.01150512695312,11.629127776542662,67.61986351013184,5.285023997463038,0.6904464953853829,0.5164225030431344,11.629127776542662,207.24220305242204,38.182155143348744,0.22375837729826764,0.9160259060794439,2.3425797103302783,0.7041420474739484,-0.7100591362549994,140.0,8.0,85.0
177,2505,0.989247311827957,alpha,1230.5,159.63960921764374,60.0,20.508333333333333,0.0,2.3076923076923075,0.9262325931501694,0.7887820512820513,20.508333333333333,206.91705069124424,40.18164441612117,0.6067505379543421,0.9213029428324128,2.6606601536273957,0.0,1.0,67.0,12.0,30.0
177,2504,0.9976842917792358,alpha,2429.0,369.22034335136414,132.0923614501953,18.388648467881627,6.8427734375,4.066014932620031,0.7434955616773798,0.5660321190434482,18.388648467881627,191.43110768043226,36.38495163934339,0.22390620811451942,0.7736951393875745,2.7951680119715068,0.23659306078035627,0.971608832602186,182.0,30.0,55.0
177,2503,0.9470319634703196,alpha,2044.5,318.4091612100601,138.00161743164062,14.815043751300575,-5.545317649841309,6.526965324246848,0.7995698083691827,0.7006966921227427,14.815043751300575,224.3470319634703,32.417779774819024,0.25341123739053945,0.9283012126399153,2.307285719805311,-0.19236157671888607,0.9813241176095817,163.0,14.0,95.0
177,2501,0.9614093959731543,alpha,556.0,92.91168737411499,33.941131591796875,16.381304155880823,45.0,1.6000001438612301,0.9737302977232924,0.7722220143178289,16.381304155880823,225.4731543624161,31.189090182719966,0.8093641443881243,0.9622537921247711,2.7374363498408085,1.0,6.123233995736766e-17,24.0,5.0,7.0
177,2501,1.0,alpha,46.0,76.14213538169861,36.0,1.2777777777777777,0.0,18.0,0.6865671641791045,0.6388888888888888,1.2777777777777777,177.53012048192772,17.24755079480032,0.0997051499790528,0.9640512174376175,2.1150593161582947,0.0,1.0,17.0,6.0,4.0
178,2540,0.9725631768953069,alpha,1277.5,246.55129659175873,66.24348449707031,19.284915485635402,-34.824485778808594,1.7829011091455482,0.6442259203227433,0.5190411928079983,19.284915485635402,191.1841155234657,38.725918806331826,0.26409257507357675,0.7043621482216007,3.721895043167041,-0.9375795768254004,0.3477708111959702,114.0,13.0,37.0
178,2539,0.9659248956884562,alpha,1322.0,263.9655101299286,111.32501220703125,11.875139052681845,70.14478492736816,5.421119887116288,0.7285753651143566,0.5782757280191776,11.875139052681845,206.6404728789986,39.83621827987387,0.23842234123491898,0.8991329303915242,2.3711249152080183,0.6389078687153923,-0.7692832607652106,135.0,9.0,79.0
178,2538,0.8989501312335958,alpha,2137.5,345.9482651948929,150.1499786376953,14.235766261130712,22.655235290527344,6.886640246331629,0.7912270960577457,0.652924507620679,14.235766261130712,214.5214348206474,39.27244302489203,0.2244365959981038,0.9129522314472213,2.3040180780155115,0.7109280046518446,0.7032647952242077,163.0,12.0,93.0
178,2537,0.977977977977978,alpha,911.0,212.1076455116272,86.81381225585938,10.493721866689633,-32.0053825378418,5.648275254427428,0.7633012149141182,0.6827419278833319,10.493721866689633,203.31431431431432,38.62246755847705,0.2544576984688352,0.8843919570717789,2.4432476814461204,-0.8988763942422683,0.43820226822098757,85.0,5.0,47.0
178,2536,0.9619932432432432,alpha,1111.5,162.46803629398346,56.0,19.848214285714285,0.0,2.0,0.8721067085131424,0.7088647959183674,19.848214285714285,180.2981418918919,34.37577709087443,0.5291556875627685,0.8608918283806107,2.9012149338211333,0.0,1.0,60.0,9.0,23.0
178,2535,0.9794520547945206,alpha,791.0,198.6518018245697,57.13889694213867,13.84345940036261,-4.39870548248291,1.8813132324908384,0.6310331072995612,0.45579954719330745,13.84345940036261,186.59931506849313,36.265358257937244,0.251884434377417,0.7157585175326986,3.4766474758120225,-0.15294118086838254,0.988235293437036,79.0,18.0,16.0
178,2534,1.0,alpha,2169.5,352.29141104221344,129.7386932373047,16.722073776647136,-2.0454084873199463,4.642400939776397,0.7184964398079152,0.5983609752699068,16.722073776647136,212.27260981912144,36.82477327534515,0.21966729812042712,0.8071000654777469,2.7153920102913185,-0.07133757956326534,0.9974522293032658,156.0,21.0,51.0
178,2532,0.9828571428571429,alpha,817.0,135.53910398483276,54.44721603393555,15.005358575005653,-45.0,2.4838706028493576,0.8794402583423035,0.6845413184475728,15.005358575005653,218.84342857142857,30.472611585099248,0.558859579900377,0.9455534558375283,2.4893670210861605,-1.0,6.123233995736766e-17,58.0,5.0,37.0
178,2531,0.9767080745341615,alpha,602.5,93.84061968326569,29.0,20.775862068965516,0.0,1.0740740740740742,0.9757085020242915,0.7694763729246488,20.775862068965516,202.861801242236,28.17752893935539,0.8597757293720775,0.9576529313382794,3.2358834373539893,0.0,1.0,22.0,8.0,0.0
178,2530,0.99,alpha,72.0,57.31370830535889,27.0,2.6666666666666665,0.0,6.75,0.9171974522292994,0.6666666666666666,2.6666666666666665,196.02,25.39999212598301,0.27543894254369394,0.9756088407193884,2.122729937235514,0.0,1.0,14.0,8.0,0.0
179,2568,0.9710071210579858,alpha,1850.5,274.14927566051483,108.15155029296875,17.11024941378308,21.181350708007812,3.778094477814625,0.7619929997941116,0.5977180969586849,17.11024941378308,221.8382502543235,36.36121039450483,0.30940316214672703,0.8699203949916908,2.534862190304988,0.6738215227955558,0.7388941435804443,119.0,14.0,53.0
179,2567,0.9458128078817734,alpha,955.5,136.46803629398346,48.71485900878906,19.614138672301404,27.824092864990234,1.8654750313211839,0.9091341579448144,0.7510990834941768,19.614138672301404,230.88768472906403,33.00355550422267,0.6447311756068007,0.9376259213191767,2.801363671592729,0.8255883434758541,0.5642728835561702,51.0,9.0,21.0
179,2566,0.9394904458598726,alpha,273.0,88.28427076339722,39.00774002075195,6.998611041161706,-79.3803482055664,3.8719511964237165,0.9024793388429752,0.6946898328309749,6.998611041161706,204.40445859872614,37.45118409759524,0.44015520605671016,0.9648782172899821,2.263250081046232,-0.36226403766359255,-0.9320755157258832,45.0,2.0,28.0
179,2566,0.9864130434782609,alpha,316.5,116.32590091228485,51.994693756103516,6.087159614491371,-68.19859313964844,5.384615339032307,0.83399209486166,0.630391500815035,6.087159614491371,199.0163043478261,37.46570541167385,0.29392107607085993,0.9410922662988997,2.237264853562671,-0.6896551060359033,-0.7241379942515149,66.0,2.0,52.0
179,2565,0.9118942731277533,alpha,411.5,88.38477599620819,32.0,12.859375,0.0,2.1333333333333333,0.9625730994152046,0.8572916666666667,12.859375,219.82599118942733,36.375284890840184,0.6619493688540126,0.9716813093275343,2.762024249881506,0.0,1.0,30.0,6.0,0.0
179,2564,0.9906832298136646,alpha,585.0,133.39696860313416,43.80499267578125,13.354642114195187,-29.054603576660156,1.6703703932671505,0.7095209217707702,0.5092387291406486,13.354642114195187,190.7562111801242,29.747298148496323,0.41311770607793,0.8493294608367128,3.045245768911775,-0.8490565941395808,0.5283019022756733,54.0,13.0,11.0
179,2562,0.9923139158576052,alpha,2364.5,254.00714027881622,105.32756042480469,22.449015152952875,-57.2647705078125,3.4781745741813546,0.9043794224517117,0.7413215819819216,22.449015152952875,221.59749190938513,32.59653639035892,0.4605293699804022,0.9216513097997242,2.4115923624772138,-0.9097473390838542,-0.4151623526162348,105.0,9.0,40.0
180,2598,0.9455231930960086,proton,1711.0,341.1614682674408,137.61697387695312,12.433059322535671,-32.57405471801758,5.359160763990349,0.6345262377155572,0.48417547502006464,12.433059322535671,144.60086299892123,31.978321933598945,0.18473106070224593,0.8553640096352363,2.4790653264362725,-0.907397224822313,0.4202740491450368,172.0,16.0,75.0
180,2595,0.806282722513089,electron_positron,150.5,91.84061968326569,30.647146224975586,4.910734555681127,-84.2894058227539,2.184397046456294,0.5025041736227045,0.35001608243115495,4.910734555681127,110.41361256544504,28.325180240211523,0.22422124161569867,0.7983569989283061,2.9967103301912363,-0.19801983755550268,-0.9801980126150492,47.0,5.0,23.0
180,2594,0.8295454545454546,electron_positron,143.0,77.25483322143555,27.333240509033203,5.231725084069002,77.47119235992432,1.9090908182599027,0.5731462925851704,0.3654099600212177,5.231725084069002,108.19886363636364,22.574125344569044,0.30108878758673646,0.8592206895642486,2.8264059358751865,0.4235294095804415,-0.905882353962391,36.0,6.0,23.0
180,2598,0.9568464730290457,proton,2212.5,491.99703562259674,213.9757080078125,10.33995877662533,-42.878902435302734,8.015685994311097,0.5559045226130653,0.3873423928314501,10.33995877662533,118.5,21.531550718620966,0.11485983055448308,0.896865284382092,2.299312572456278,-0.9972602709565805,0.07397264340016281,288.0,9.0,198.0
180,2598,0.9944933920704846,proton,808.0,251.0193328857422,113.84320068359375,7.09748140554909,-44.21517562866211,9.944162593005839,0.7382366377341252,0.6199624454847834,7.09748140554909,106.47246696035243,13.9218362247964,0.16114130731702103,0.9399909165908193,2.204956742066698,-0.9996247656999235,0.02739211199183115,120.0,3.0,74.0
180,2586,0.8717948717948718,electron_positron,186.0,109.74011445045471,44.821868896484375,4.149760029631183,38.65980911254883,4.783333014438603,0.5276595744680851,0.4428571284605554,4.149760029631183,130.3931623931624,23.047686449685724,0.19408500836904022,0.8870588959170396,2.448360970933593,0.9756097626754329,0.21951216588696298,54.0,2.0,36.0
180,2598,0.9053010808028822,proton,1760.0,450.9848430156708,192.39064025878906,9.148054175777904,-44.249446868896484,7.919673979986175,0.5108853410740203,0.3765755263663478,9.148054175777904,127.12300566134844,20.48126067733775,0.10874233134514014,0.8803199368830782,2.34411010020571,-0.9996568193668545,0.02619624960455454,224.0,11.0,111.0
180,2598,0.9545454545454546,proton,1286.0,240.2497808933258,104.95313262939453,12.253088285997727,-48.012786865234375,5.3484849707209845,0.8502479338842975,0.6244259404242068,12.253088285997727,168.66666666666666,32.934650410945636,0.27997859646134343,0.9180535200271694,2.289114911335561,-0.9944751404628008,-0.1049723535103052,121.0,7.0,70.0
181,2613,0.9537512846865365,proton,1677.5,630.6833273172379,266.057861328125,6.305019485709409,-27.12130355834961,14.660286908354646,0.4621212121212121,0.3474183929835846,6.305019485709409,134.76413155190133,17.600347101102937,0.05299680552188369,0.8559117980132673,2.3704743177628793,-0.8114985893845553,0.5843543782901578,324.0,29.0,190.0
181,2599,0.7714285714285715,alpha,16.0,38.485281229019165,18.0,0.8888888888888888,-90.0,9.0,0.6153846153846154,0.4444444444444444,0.8888888888888888,126.17142857142856,7.427692255667269,0.1357502123761747,0.9687091763050475,2.1380711793899536,-1.2246467991473532e-16,-1.0,11.0,6.0,0.0
181,2600,0.9686539643515673,alpha,3050.0,456.534051656723,189.8218536376953,16.067696851287746,13.207931518554688,5.4161003201726166,0.6535947712418301,0.45845226138606515,16.067696851287746,187.30885064535954,49.23793131185916,0.18389221818709536,0.875609718457073,2.405065817806677,0.44488315089314,0.8955886232257484,213.0,18.0,83.0
181,2613,0.9782433521353747,proton,1073.5,389.74725472927094,164.19061279296875,6.538132611476381,-24.200971603393555,10.512466058306137,0.5572281339216195,0.4186103943074708,6.538132611476381,138.65753424657532,19.857093229747708,0.08880671040668506,0.8610772247716383,2.373748706454437,-0.7478206073626296,0.6639008504315895,196.0,15.0,94.0
181,2613,1.0,proton,292.5,97.01219260692596,39.811256408691406,7.347168273145551,-25.641006469726562,3.1098588443533273,0.7677165354330708,0.5739245202571814,7.347168273145551,152.94940476190476,24.728053032710648,0.39055580182012545,0.9224411085043535,2.4368030893329635,-0.7802340843129605,0.6254876287156413,31.0,8.0,2.0
182,2617,0.8422575976845152,alpha,648.0,97.25483322143555,30.410520553588867,21.30841525248166,-63.4349479675293,1.1147539550873016,0.9715142428785607,0.781099427005476,21.30841525248166,140.93921852387842,23.92164752329276,0.8609193775639973,0.9584567655069347,3.1980653882611065,-0.8000000179153028,-0.5999999761129288,28.0,7.0,5.0
182,2616,0.9274111675126904,alpha,1870.5,227.23758828639984,79.12679290771484,23.639274779928893,-39.80556869506836,2.2071428784240985,0.8369127516778524,0.6593879906453707,23.639274779928893,188.59390862944164,49.492619184663724,0.45520522017182646,0.8343083890942967,2.8718159795939893,-0.9836065422875784,0.18032795115864375,103.0,18.0,32.0
182,2630,0.9907505285412262,proton,3460.5,772.991983294487,311.3501281738281,11.114496789505054,-48.22690963745117,10.581089619849342,0.5190490475476226,0.37772101556233256,11.114496789505054,132.52589852008458,24.458714523842662,0.07277776894739886,0.8204781679620282,2.4827096999392344,-0.9936627753681331,-0.1124023525007331,429.0,40.0,218.0
182,2630,0.9985052316890882,proton,530.5,334.2325359582901,128.409912109375,4.131301013181435,-48.85680389404297,8.459010527183413,0.3310452418096724,0.27214969769388897,4.131301013181435,110.9357249626308,12.753746550771021,0.059675738747075206,0.8027357837522873,2.602856200645965,-0.9909513499525134,-0.1342215408468073,153.0,24.0,68.0
182,2624,0.9651162790697675,electron_positron,59.0,56.97056245803833,24.933963775634766,2.3662503295065442,-12.094757080078125,5.949999817939513,0.6704545454545454,0.5646590793366476,2.3662503295065442,118.18604651162791,9.570438530822646,0.22843406141641834,0.9402513936510174,2.2848578337034975,-0.40975609765860277,0.9121951219073656,30.0,0.0,18.0
182,2630,0.9995615957913196,proton,2034.0,588.9259679317474,237.7653045654297,8.554654362702745,-50.142765045166016,11.094643589652991,0.5206706770766671,0.39917868319908245,8.554654362702745,127.46339324857519,21.31333631410958,0.07369523427698169,0.823841256447706,2.476921386861485,-0.9839301626210873,-0.1785537316452405,289.0,34.0,114.0
182,2630,0.9553368660105981,proton,1187.5,316.7766922712326,125.97179412841797,9.426713402124292,-52.52381896972656,6.881502968469004,0.579127042184833,0.5149561987939557,9.426713402124292,157.82816048448146,28.585873289545418,0.14870892801958568,0.8525823306502038,2.5146636551695423,-0.9657103002259715,-0.2596220638494809,157.0,17.0,84.0
182,2614,0.8409266409266409,alpha,1222.0,158.911687374115,61.02408981323242,20.024878760830322,9.727577209472656,2.423937113487118,0.9353233830845771,0.7954079605285875,20.024878760830322,208.16679536679536,38.80498686458281,0.6080921424063896,0.951895420030278,2.6040812384170406,0.33306894869522197,0.9429024739680449,66.0,11.0,19.0
183,2637,0.9914367269267365,alpha,3003.0,346.04877042770386,113.5376968383789,26.449365132664045,-27.09555435180664,2.571026719280619,0.7337813072693953,0.5989378537499261,26.449365132664045,201.57754519505232,39.93268713879521,0.3151305992509146,0.7833868977947461,3.0478755520318934,-0.8109730340898598,0.5850835307706816,151.0,24.0,36.0
183,2636,0.9876160990712074,alpha,897.0,162.71067690849304,64.8459701538086,13.83277939820161,-63.4349479675293,2.5000001103007277,0.864578313253012,0.5332937411414232,13.83277939820161,224.1300309597523,34.76964763104562,0.4257652411662996,0.9175357736973729,2.509187178826356,-0.8000000179153028,-0.5999999761129288,44.0,8.0,4.0
183,2634,0.9970059880239521,alpha,940.5,138.81118214130402,47.35019302368164,19.862643422163455,5.194427490234375,1.7091502957484839,0.9065060240963856,0.7169610240523947,19.862643422163455,182.75648702594808,29.843179323424646,0.6133660844577948,0.873680378852123,2.9315864049778897,0.18032782018350862,0.9836065662996888,47.0,10.0,2.0
183,2635,0.9903596588802372,alpha,2563.5,297.722869515419,127.12356567382812,20.165419262840633,18.434951782226562,4.417582398645005,0.8853393196339147,0.7007544252289785,20.165419262840633,205.54208379681126,42.32418748110686,0.3634283425685749,0.9247009479587737,2.3419958993229644,0.6000000826393695,0.7999999380204662,143.0,8.0,69.0
183,2633,0.9807008633824277,alpha,1883.5,196.75230705738068,74.27814483642578,25.35739152004692,-21.801410675048828,2.409638569126703,0.9349714569372053,0.8226127450235824,25.35739152004692,228.58456069070593,34.28739239309146,0.6114146233379971,0.9326757548125709,2.648858658097421,-0.6896552024607037,0.7241379024183764,84.0,10.0,45.0
183,2640,1.0,electron_positron,30.0,38.14213538169861,16.76007080078125,1.7899685721256968,71.56505012512207,5.300000082934037,0.6593406593406593,0.566037798615582,1.7899685721256968,165.39583333333331,11.96303261324494,0.2591320388842364,0.9486574019376744,2.2757741202334696,0.6000000293761505,-0.7999999779678862,17.0,2.0,10.0
183,2631,1.0,alpha,348.0,128.62741661071777,59.0,5.898305084745763,0.0,7.375,0.8529411764705882,0.7372881355932204,5.898305084745763,211.72926829268292,26.945968917966688,0.26431512370369764,0.9739256244171389,2.180125705266403,0.0,1.0,42.0,16.0,0.0
184,2671,0.969173859432799,proton,714.0,223.48022890090942,95.51751708984375,7.475068675920583,-24.304548263549805,6.236083925593152,0.6386404293381037,0.4880272962787237,7.475068675920583,113.73982737361283,14.234087685950708,0.17965109174302143,0.8864156804167069,2.3396779534240193,-0.7502160529237017,0.6611927660944134,99.0,16.0,40.0
184,2665,0.7752808988764045,electron_positron,65.5,52.870057225227356,22.47190284729004,2.914750942326135,-69.44395446777344,3.490909538049821,0.6752577319587629,0.4527935144056152,2.914750942326135,107.92134831460673,22.09134495175783,0.29446359034602376,0.932995119335258,2.352718307146078,-0.6575342547976938,-0.7534246503583762,22.0,4.0,14.0
184,2658,0.7835880933226066,alpha,1179.5,154.40916121006012,62.80000305175781,18.781846221056593,-36.86989974975586,2.638655674995476,0.9581640942323314,0.7891532278627196,18.781846221056593,160.4416733708769,55.54097674332061,0.6216725359763924,0.9546071280416517,2.4587444857733667,-0.9600000205633031,0.27999992949723684,56.0,4.0,27.0
185,2678,0.9876543209876543,alpha,134.5,63.35533845424652,25.57354736328125,5.259340759003048,-48.179832458496094,3.0046080099102577,0.8126888217522659,0.6179141730660757,5.259340759003048,170.22839506172838,30.33399972637115,0.4210810698659847,0.9353335987678798,2.4773777980137686,-0.9938461448036537,-0.1107693119005213,32.0,0.0,18.0
185,2677,0.9489322191272052,alpha,1008.0,160.85281229019165,64.00192260742188,15.749526872542873,-60.25511932373047,2.7593581761946537,0.8435146443514644,0.6790200040320192,15.749526872542873,214.3816155988858,38.038368890923195,0.4895680636794606,0.9313103744845777,2.5132496921512577,-0.861538450539021,-0.5076923263580244,70.0,4.0,31.0
185,2681,0.9978483055406132,proton,1708.5,366.5168067216873,145.90573120117188,11.709615420413847,50.94686508178711,7.332841835507609,0.7175556488870223,0.5884947570299832,11.709615420413847,167.6568047337278,30.417774607296842,0.15982218320309635,0.8337373169331636,2.5120110341405395,0.9785315440204599,-0.20609710661951255,175.0,18.0,96.0
185,2676,0.9,alpha,1021.0,161.68123936653137,48.24942398071289,21.160874384907313,85.23635864257812,1.3480276765495907,0.8048876625936146,0.5912079767469772,21.160874384907313,215.2788990825688,43.534771662914565,0.49081332738491945,0.8613201349350926,3.3509465197172394,0.16551722990527143,-0.9862068984774369,71.0,11.0,29.0
185,2681,1.0,proton,764.5,235.3208485841751,101.94747161865234,7.498959884554183,49.63546371459961,6.673317031412317,0.6988117001828154,0.4908698167882498,7.498959884554183,145.29152148664343,24.46096770143518,0.17348684222112337,0.8939811675219365,2.3082558581190034,0.9869375890932952,-0.16110305780683992,137.0,8.0,91.0
185,2681,1.0,proton,287.0,191.76449966430664,80.5016860961914,3.5651427183408795,46.218875885009766,8.011975992205581,0.39861111111111114,0.3548228522071297,3.5651427183408795,129.6813186813187,10.717531207519613,0.09807432718308066,0.8905762957308082,2.3821178035347903,0.9990950216595502,-0.04253395931609215,82.0,7.0,32.0
185,2675,0.899617184176946,alpha,2215.5,290.9533175230026,124.25985717773438,17.82957143457096,-8.530765533447266,5.036072398657356,0.8577235772357723,0.7226067582960471,17.82957143457096,218.87409612930668,38.411109425374306,0.3288781277448603,0.9489199992392162,2.3414908413007365,-0.29339853045447395,0.9559902208323865,168.0,6.0,130.0
185,2674,0.9069591527987897,alpha,1206.0,272.2497808933258,62.80040740966797,19.203697073696677,80.53767776489258,1.6050421102056607,0.6289439374185137,0.49080481713835666,19.203697073696677,197.4894099848714,37.83674174029498,0.20446646755714426,0.6245118763176769,4.335159469863783,0.32432432521855864,-0.9459459456393513,131.0,19.0,57.0
185,2681,0.9867424242424242,proton,902.0,378.0731556415558,157.23388671875,5.736676862879058,51.07245635986328,9.99049497741421,0.4053021792855538,0.36450311432012134,5.736676862879058,158.4223484848485,18.524748816840642,0.07929845340322517,0.8586203355083476,2.404527188962956,0.9776186216547614,-0.21038495809787452,172.0,21.0,86.0
185,2673,0.8730445246690735,alpha,1566.5,223.37972366809845,88.749267578125,17.650849891476877,19.133644104003906,3.3427741500869024,0.8101887768295837,0.6648258217156958,17.650849891476877,216.14259927797835,33.343138184668135,0.39450522949943356,0.8950343872557049,2.5169754045740125,0.6193308796320619,0.7851300921084202,93.0,9.0,25.0
186,2693,0.8953488372093024,electron_positron,60.5,58.5269113779068,22.430280685424805,2.697246675085653,72.64597511291504,3.3873874626423714,0.51931330472103,0.40733416130525457,2.697246675085653,123.37209302325581,17.09756307375745,0.22194942641123344,0.881928703677091,2.6092812746626746,0.5693950249910911,-0.8220640519542226,26.0,3.0,17.0
186,2691,0.9368421052631579,electron_positron,154.5,77.69848430156708,28.94950294494629,5.33687919595079,58.24052047729492,2.234374835535916,0.5896946564885496,0.4119099591590492,5.33687919595079,147.6578947368421,29.77465923247434,0.32159793685720756,0.894077172202054,2.6839315496824754,0.8950819584639622,-0.4459016569068989,33.0,4.0,10.0
186,2691,1.0,electron_positron,45.0,46.62741661071777,20.124608993530273,2.2360682890518144,-63.4349479675293,4.090908421204456,0.6338028169014085,0.45454550679772676,2.2360682890518144,113.25757575757576,10.879937898191411,0.2600995912375058,0.9402684369694343,2.3169352818585303,-0.8000000179153028,-0.5999999761129288,21.0,2.0,14.0
186,2683,0.9380097879282219,alpha,1708.5,300.83556735515594,115.29631042480469,14.818340619097865,52.4314079284668,4.0148624733705605,0.6512292738707833,0.5160061015832761,14.818340619097865,201.19195214790645,49.38590390549959,0.23722829375003607,0.8445627312698107,2.609238459121018,0.9665427513117436,-0.2565055747673429,114.0,20.0,28.0
186,2695,0.9744721084147494,proton,2821.0,743.4213538169861,344.05328369140625,8.199311367509738,-0.5806806087493896,25.12830300622855,0.6645465253239105,0.5988455575096294,8.199311367509738,128.77749763630632,21.716644355967926,0.06414205756232524,0.9465106797657293,2.1607738947894695,-0.02026818910010999,0.9997945791564397,440.0,15.0,280.0
186,2695,0.9020054694621695,proton,1932.0,579.9898953437805,252.42733764648438,7.6536876632027,4.103874206542969,15.423886119430364,0.5055606437262855,0.4676577743582269,7.6536876632027,135.67228805834094,23.129174092860364,0.07217322827270593,0.8957195480880602,2.297650883423871,0.14276278510633034,0.9897569333875281,315.0,22.0,184.0
186,2694,0.9502859656841179,proton,2049.0,535.4701242446899,218.62982177734375,9.372005993247965,-54.668670654296875,7.746432501485254,0.4338803599788248,0.33206637246471926,9.372005993247965,158.2371315442147,27.947496388343104,0.08980103297576521,0.8628745642633994,2.44920898664054,-0.9435853454159825,-0.33112942472121215,288.0,19.0,167.0
186,2694,1.0,proton,170.0,74.08326029777527,33.4128303527832,5.08786589478013,-49.763641357421875,4.515872918180485,0.8854166666666666,0.6876447030371929,5.08786589478013,157.01492537313433,24.298614421513275,0.3892410288836043,0.9570435903987515,2.2172099614304095,-0.9862068984774369,-0.16551722990527146,31.0,2.0,14.0
186,2694,1.0,proton,303.0,120.71067690849304,52.47438430786133,5.774245929639364,-51.34019088745117,4.363636219445221,0.7680608365019012,0.4801715924999178,5.774245929639364,151.78248587570621,19.469391551349126,0.26131306378213115,0.932955811385712,2.3003733821877175,-0.9756097626754329,-0.21951216588696287,54.0,4.0,25.0
187,2701,0.9994535519125683,alpha,1751.5,188.55129659175873,74.2462158203125,23.590427884417775,-45.0,2.5609756739416594,0.9363806468858594,0.8137049313877697,23.590427884417775,224.72677595628414,35.668995797334134,0.6191002212717596,0.9435515999109089,2.5395408305802745,-1.0,6.123233995736766e-17,65.0,7.0,16.0
187,2700,0.970954356846473,alpha,669.0,121.74011445045471,36.06244659423828,18.55115398928276,-45.0,1.378378427636931,0.8745098039215686,0.7090619988795649,18.55115398928276,197.0331950207469,37.726085705082795,0.5672422491744754,0.8370402847253333,3.3758140655355646,-1.0,6.123233995736766e-17,43.0,11.0,0.0
187,2699,0.9834834834834835,alpha,608.5,132.46803629398346,51.43760681152344,11.829866078910952,-21.801410675048828,2.6634614672379797,0.8178763440860215,0.612555568131646,11.829866078910952,179.13813813813815,32.62396757289242,0.435760890558909,0.8858216566829215,2.5753149204505172,-0.6896552024607037,0.7241379024183764,63.0,6.0,32.0
187,2715,0.9738190096755834,v_track,1639.0,277.0782079696655,120.79109954833984,13.568880539448045,64.09349060058594,6.509695366030108,0.8669664110023804,0.7312565172445692,13.568880539448045,220.0051223676722,33.45889138297179,0.26827739295029773,0.9315595178350073,2.2938627846398614,0.7859973882023182,-0.6182298162812387,122.0,13.0,75.0
187,2714,0.9949980761831474,v_track,2473.5,293.3208485841751,125.79402923583984,19.663095418961888,-65.46227264404297,5.436752168669127,0.9291885800150262,0.849828702611676,19.663095418961888,233.26279338207004,27.31096850042018,0.3612733391965483,0.9347785454089538,2.331754935953712,-0.7555729114113999,-0.6550645583004019,123.0,9.0,67.0
188,2719,0.9880352644836272,alpha,1506.0,198.45079135894775,69.29645538330078,21.732713335333447,-45.0,2.33333305503033,0.8953626634958383,0.7317785321102024,21.732713335333447,201.55163727959697,40.83257242534384,0.48053958140493847,0.836538134203446,2.8637942627981934,-1.0,6.123233995736766e-17,76.0,5.0,29.0
188,2718,0.9943820224719101,alpha,480.5,121.15432798862457,31.09306526184082,15.453606646807414,-50.90614318847656,1.0919931191600445,0.7150297619047619,0.5427329850694994,15.453606646807414,158.24157303370788,24.42583504714385,0.41136315480009544,0.816545812788484,3.8965064064401544,-0.9788235145867772,-0.2047059532402251,63.0,7.0,31.0
188,2716,0.9605650382577987,alpha,1560.0,313.2792184352875,138.99851989746094,11.223141089205917,-16.301708221435547,8.977193143678193,0.7845109378928841,0.7248444466234406,11.223141089205917,207.71806945261918,36.91118426703723,0.19974287153524728,0.9290768989424144,2.253831326163712,-0.5388210179495083,0.8424202695898619,163.0,9.0,105.0
188,2734,0.9979516591560835,v_track,2311.0,306.04877042770386,120.48657989501953,19.180559378592903,67.2034797668457,4.28612115870402,0.8083245890171389,0.6823183250781619,19.180559378592903,206.95739451044653,35.22769366673122,0.3100477124468934,0.8630273500699034,2.5401067130826145,0.7143876885111039,-0.6997501200455503,146.0,17.0,79.0
188,2733,0.993764358385297,v_track,2919.5,296.4924215078354,123.38665771484375,23.661391385989187,-65.71417236328125,4.023196546613687,0.8965146629817289,0.7715131431162382,23.661391385989187,227.32162783065309,31.259791008225044,0.41734109335914366,0.9254299932390442,2.4029536661334374,-0.7497838210518873,-0.661682870935036,122.0,12.0,70.0
189,2737,0.9854955680902499,alpha,1178.0,150.5096664428711,55.154327392578125,21.358251576802264,45.0,2.052631784427875,0.9188767550702028,0.7948719188306255,21.358251576802264,214.86381950040288,37.765466336579465,0.6534710735499067,0.9414597554946235,2.7288822755750717,1.0,6.123233995736766e-17,60.0,12.0,32.0
189,2736,0.9987301587301587,alpha,1493.5,176.32590091228485,65.29607391357422,22.8727381370095,12.52880859375,2.22140240174494,0.9366572593289433,0.7781410487143136,22.8727381370095,216.8711111111111,37.243879527480814,0.6036467517059756,0.9413072023867335,2.700405864304637,0.42352943973682394,0.9058823398633026,81.0,2.0,50.0
189,2760,0.9892400806993947,v_track,1348.5,290.32590091228485,133.95462036132812,10.066842012336467,-83.60104370117188,9.48257756556801,0.8031566408576534,0.7126264847364526,10.066842012336467,218.39071956960322,35.22341024671306,0.2010431360090106,0.9635242040967157,2.167345180996087,-0.22151297078854332,-0.9751574251229562,159.0,2.0,74.0
189,2759,0.9983766233766234,v_track,1725.5,290.634556889534,128.37266540527344,13.441334995675161,64.09349060058594,6.40384533777153,0.7944290976058932,0.6705183706650977,13.441334995675161,221.25703463203465,34.65337721269814,0.2567026340554743,0.9346062459440616,2.2639909825974134,0.7859973882023182,-0.6182298162812387,135.0,6.0,77.0
190,2762,0.9947172156619019,alpha,3087.0,306.3919162750244,121.16517639160156,25.477617347932753,16.798370361328125,3.3878786210980607,0.8307319698600646,0.7123752690344887,25.477617347932753,223.75792417650715,35.90894855559538,0.41323004238493877,0.9009667144097423,2.5287126664577007,0.5533441675225403,0.8329527191076255,139.0,10.0,70.0
190,2761,1.0,alpha,1085.0,162.56854152679443,62.65956497192383,17.3157920979209,-10.885527610778809,2.6844660527380664,0.9041666666666667,0.7418445385627378,17.3157920979209,169.7144089732528,29.67768281204667,0.5159012536250529,0.9293539511001615,2.5944728725716066,-0.3708987341474698,0.9286733166231301,75.0,8.0,52.0
191,2778,0.9777397260273972,alpha,1094.0,157.5979790687561,59.0,18.54237288135593,0.0,2.4583333333333335,0.9101497504159733,0.7725988700564972,18.54237288135593,231.07020547945203,30.727456419950872,0.5535105434103648,0.948135682285887,2.671152187606036,0.0,1.0,75.0,4.0,42.0
191,2794,0.9951573849878934,v_track,5542.0,576.5828220844269,177.34039306640625,31.25063559504327,-78.83049774169922,1.618016139955254,0.44398157420388545,0.2851241722335991,31.25063559504327,227.75838810100313,31.788902547550077,0.20948502672481312,0.8039500078705492,3.251277456391572,-0.380085914766914,-0.924951186493535,307.0,16.0,191.0
192,2808,0.9889553612517257,v_track,2063.0,236.22539567947388,77.2903823852539,26.691548629129258,-17.52556800842285,1.6923077180075428,0.7608334869998156,0.5844234736153544,26.691548629129258,217.80625862862402,31.782013475011986,0.4645750922211145,0.8847342080422069,3.0563362269578174,-0.5743072943471101,0.8186398058118735,106.0,12.0,30.0
192,2809,0.9994503481128618,v_track,5194.0,633.6955199241638,179.11993408203125,28.997330903557124,-83.65980529785156,1.851598211148656,0.4515540099978266,0.29975114888398213,28.997330903557124,217.3821912788567,33.543152009300016,0.16253636234057156,0.7123987934852556,3.5378280098849935,-0.21951229579725912,-0.9756097334456112,324.0,30.0,169.0
192,2808,0.9255583126550868,v_track,360.0,93.94112491607666,40.299156188964844,8.933189526647686,81.46923446655273,3.1712059222841296,0.9137055837563451,0.7029671638521566,8.933189526647686,214.63275434243175,36.17148458219682,0.5126262625781798,0.9545632533565072,2.3310940922827723,0.29339853045447395,-0.9559902208323865,39.0,4.0,13.0
193,2832,1.0,v_track,1084.5,324.57568180561066,80.15416717529297,13.53017613704669,-33.690067291259766,2.3688526687838194,0.5099929461556548,0.3998668438693194,13.53017613704669,186.44462674323216,31.405221715976943,0.129362221290748,0.577624278209101,4.049392480066328,-0.9230769199256637,0.3846153921784071,170.0,12.0,93.0
193,2812,0.991304347826087,alpha,1196.0,162.5096664428711,66.3577880859375,18.02350612487422,34.99202346801758,2.5552051154350637,0.9210627647285329,0.69402185299955,18.02350612487422,196.50592885375494,40.2847591845378,0.5690922166132047,0.9398138775255491,2.4489916124451114,0.939597354499376,0.34228177196247833,61.0,4.0,17.0
193,2831,0.9971428571428571,v_track,2983.5,399.34523379802704,138.82725524902344,21.490736776782793,64.98310470581055,3.585023548162146,0.7409660995902149,0.5549688155536917,21.490736776782793,190.22380952380954,39.81688727753146,0.23509256545185825,0.7540882831693009,2.8765621929331933,0.7664233983841316,-0.6423357178371125,183.0,27.0,78.0
193,2830,0.9821840976575388,v_track,2824.0,469.1614682674408,127.0951919555664,22.21956595326828,84.44702911376953,1.6362341536855542,0.4557411441943032,0.28605655440936584,22.21956595326828,194.01022764764105,41.581490481829796,0.16122407090140792,0.7329111915632338,3.691417913208422,0.19262372896725644,-0.9812726935152883,225.0,30.0,95.0
193,2810,0.9686221009549796,alpha,1354.0,243.53910398483276,104.2156753540039,12.992287344496685,88.00212013721466,5.900000129577711,0.7853828306264501,0.735537113353229,12.992287344496685,221.61732605729878,33.2848953194144,0.286873954836928,0.936044034207649,2.3368759369218646,0.06968264707990841,-0.9975692099779027,133.0,2.0,90.0
194,2838,1.0,alpha,55.5,44.72792184352875,18.8271484375,2.9478707401836193,11.309928894042969,3.3103444575274352,0.8043478260869565,0.518318937074782,2.9478707401836193,144.61038961038963,8.989396125732895,0.3486144675198704,0.9521365577313478,2.37571409138303,0.3846152692632769,0.9230769711402929,14.0,6.0,0.0
194,2838,0.9960199004975124,alpha,1918.0,219.27921843528748,91.62837219238281,20.93238103120472,57.264774322509766,3.1122450486832727,0.9254523522316044,0.71098828520861,20.93238103120472,202.83333333333331,42.542230506299084,0.5012605400253606,0.9321175802076724,2.393136680141923,0.9097472838016348,-0.41516247375641696,88.0,10.0,24.0
194,2837,0.9964204360559714,alpha,2924.0,334.9360725879669,133.95849609375,21.827656216397482,83.29016256332397,4.326415269960692,0.8357867657567529,0.7049609238370697,21.827656216397482,219.80898145135046,40.8347605290198,0.32753927638648717,0.8716986780296431,2.5002973484680213,0.2320819326168055,-0.972696240638797,154.0,13.0,58.0
194,2835,0.9782214156079855,alpha,495.5,126.81118214130402,35.22695541381836,14.06593315202119,6.115501403808594,1.569620109010379,0.7249451353328457,0.6267408371813953,14.06593315202119,174.52268602540835,38.17833467452834,0.38720273891566503,0.802088744623732,3.599833725385198,0.2118536462791575,0.9773014031291604,60.0,11.0,30.0
194,2852,0.896964856230032,proton,1025.5,479.5807341337204,221.71034240722656,4.625404430238137,-84.54608154296875,14.739275389571716,0.42498963945296314,0.3074962987527406,4.625404430238137,161.13817891373802,42.29750760268622,0.05603018706137958,0.9352850389463756,2.163095906698165,-0.1892297534877486,-0.981932839044996,253.0,15.0,99.0
194,2852,0.96,proton,101.5,154.5269113779068,71.99320983886719,1.4098551825536594,-86.63353729248047,11.04504562369724,0.37316176470588236,0.21629699313259837,1.4098551825536594,129.65142857142857,22.87653034916631,0.053415544266620256,0.9521904369473454,2.14640952561726,-0.11724145017045244,-0.9931034399104302,78.0,2.0,20.0
194,2834,0.994789199431549,alpha,1977.5,319.26197350025177,122.54291534423828,16.1372038068864,26.965713500976562,5.004469905505333,0.7409142000749345,0.6590193368887088,16.1372038068864,191.30270014211274,42.827756855522914,0.24379902722669702,0.8403237163023963,2.6053074761882824,0.8083129392835282,0.5887530825285107,144.0,21.0,58.0
194,2833,1.0,alpha,308.5,212.35028612613678,97.61045837402344,3.1605219885136764,61.18920707702637,18.566665599429097,0.7199533255542591,0.6011687257478592,3.1605219885136764,191.91414141414143,22.049363856697912,0.08597245557379626,0.9354519674114925,2.1754870293965185,0.844529735151779,-0.5355086614093801,106.0,12.0,79.0
194,2852,0.967930029154519,proton,269.0,159.25483322143555,68.29371643066406,3.9388689627559685,-86.63353729248047,8.076389847528874,0.5075471698113208,0.46580919833007195,3.9388689627559685,166.10204081632654,13.53275139306693,0.13328365716714782,0.9162535445965537,2.3319104823226415,-0.11724145017045244,-0.9931034399104302,71.0,5.0,25.0
195,2857,0.9901234567901235,alpha,1134.0,188.99494767189026,61.36817169189453,18.478634261639215,52.76516342163086,2.1482720965162168,0.7957894736842105,0.6468684543074181,18.478634261639215,172.96296296296296,37.380100043829394,0.3989537297489927,0.801222880320646,3.079690048788802,0.9634888680835051,-0.26774839136615947,96.0,11.0,52.0
195,2856,0.9719165085388994,alpha,2494.0,319.76449966430664,127.29670715332031,19.592022887097503,83.99099397659302,3.854199966389874,0.7506395786305493,0.593193458350908,19.592022887097503,185.14990512333966,41.28595052335817,0.30651082705763943,0.8760120914902466,2.511962067323327,0.20821918033254266,-0.9780821913017557,141.0,29.0,34.0
195,2865,0.5276381909547738,proton,3051.0,759.7543950080872,289.137939453125,10.55205693784308,-85.71084594726562,10.364611385066155,0.4793401413982718,0.37825533958183793,10.55205693784308,154.54803428909253,40.16781949344304,0.06642103360570208,0.7872263902011842,2.6276537643073934,-0.14916099453302428,-0.9888129235148169,372.0,46.0,174.0
195,2854,1.0,alpha,295.0,82.42640614509583,32.605430603027344,9.047572583587039,-34.99201965332031,2.163043423246322,0.8404558404558404,0.6002157312854081,9.047572583587039,138.36555891238672,17.464748039504823,0.5456311430568981,0.9399625892414732,2.527996245430438,-0.9395973089217927,0.34228189707743106,31.0,5.0,14.0
195,2854,0.9500713266761769,alpha,652.5,110.32590091228485,41.284156799316406,15.805094510512184,-22.380136489868164,1.7651162957589168,0.9106769016050245,0.6757514756115062,15.805094510512184,172.80456490727533,42.369245457249775,0.6736517075244209,0.9339446455360305,2.672354468775578,-0.7041420474739484,0.7100591362549995,38.0,10.0,3.0
195,2864,1.0,proton,1114.5,258.5512965917587,100.80415344238281,11.056092055145534,-88.87669372558594,4.864711261135132,0.6608360509931811,0.5335563435444668,11.056092055145534,146.2915309446254,25.61989810849051,0.20950601525834153,0.8298052168937136,2.56488733611101,-0.03920073909534351,-0.999231355620098,127.0,19.0,58.0
195,2853,0.9761686526122824,alpha,992.5,234.35028612613678,100.16841888427734,9.908312530585276,61.630950927734375,6.610917642136126,0.7576335877862596,0.6539290411274142,9.908312530585276,210.85609532538956,37.90857358685012,0.22709595738236138,0.9134315811504344,2.339562596040147,0.8361722427363734,-0.548466936539682,112.0,14.0,50.0
195,2864,0.9619834710743802,proton,1065.0,312.85281229019165,125.30793762207031,8.499062551105485,-87.61405944824219,6.417911141789766,0.6365809922295278,0.4352974701891582,8.499062551105485,170.2479338842975,34.03561114934887,0.13673488988650614,0.8609713294256388,2.496671944547983,-0.08318878713934245,-0.996533805595317,153.0,10.0,45.0
196,2872,0.6907894736842105,electron_positron,111.5,91.01219260692596,36.1378059387207,3.0854114438787965,75.9637565612793,3.5476189963501685,0.4018018018018018,0.30289233022119966,3.0854114438787965,112.2828947368421,13.980445819240206,0.16915528723099002,0.8867891464821414,2.518475879837763,0.47058823439458175,-0.882352941656223,50.0,2.0,32.0
196,2873,0.61640625,proton,2339.0,528.6416971683502,197.98989868164062,11.813734011556887,-45.0,5.957447218798503,0.4467577117753796,0.35547114928293605,11.813734011556887,107.028125,16.429085001434984,0.10517614645572478,0.8078023704302361,2.6700437784373214,-1.0,6.123233995736766e-17,283.0,27.0,154.0
196,2873,0.8316715542521994,proton,1543.0,387.445739030838,160.79104614257812,9.596305497208947,-49.88276290893555,6.599244076824791,0.46546003016591253,0.3938550294380336,9.596305497208947,107.02463343108505,17.910840856127976,0.12916772542786295,0.8749561482982775,2.409622602288927,-0.9855101331150732,-0.1696165602985473,196.0,14.0,116.0
196,2868,0.7364341085271318,electron_positron,409.0,260.8771975040436,70.08116149902344,5.836090487822456,-46.84761047363281,1.5572440323896413,0.20257553244180287,0.12968131364052965,5.836090487822456,104.76937984496124,20.00763208068047,0.07551981741198188,0.7425060864631798,3.722501053406183,-0.9979209974538749,-0.06444907168193693,118.0,8.0,54.0
196,2866,0.8463444857496902,alpha,743.0,141.7401144504547,51.683841705322266,14.375866334322586,-12.094758033752441,2.508474654723003,0.8160351455244371,0.6977325049662548,14.375866334322586,203.53035935563815,50.8590028778057,0.46474328086452094,0.9041788884474936,2.742445409894108,-0.40975612802513445,0.912195108266784,56.0,6.0,20.0
197,2887,0.9976705490848585,v_track,2878.0,284.30865597724915,118.15202331542969,24.358448710748036,-2.7591075897216797,3.4424961974302017,0.8735771740780088,0.7097116469870736,24.358448710748036,210.19700499168053,37.55306560660823,0.44742524959429214,0.9290779991968197,2.4062952795842705,-0.09616219890953433,0.9953656772768906,129.0,10.0,64.0
197,2877,0.9994186046511628,alpha,1609.0,248.99494767189026,79.01011657714844,20.364480774166587,82.87498378753662,2.665272093325061,0.8209183673469388,0.6869611722372659,20.364480774166587,172.23372093023255,33.936894619090246,0.3261255602564514,0.7566170246930202,3.151431214871861,0.24615384153778863,-0.9692307704031012,127.0,17.0,49.0
197,2886,0.9781021897810219,v_track,1254.5,257.5807341337204,112.61993408203125,11.139235786501478,74.60445022583008,7.414903879843085,0.8005743458838545,0.7334080180836758,11.139235786501478,200.93357664233577,40.415352249196204,0.23760401573766132,0.9345294488214169,2.287168219669718,0.5119094259845993,-0.8590394284246318,129.0,10.0,84.0
197,2876,0.863013698630137,alpha,55.0,37.31370830535889,16.0,3.4375,-90.0,3.2,0.9322033898305084,0.6875,3.4375,192.31506849315068,34.86171378473824,0.4964045221303119,0.9767943889038817,2.3321067690849304,-1.2246467991473532e-16,-1.0,9.0,4.0,0.0
197,2875,0.9534282018111255,alpha,1401.0,336.8771975040436,131.58724975585938,10.646928198585712,-23.8387393951416,6.997736753598063,0.6829149402875945,0.5661977198124797,10.646928198585712,202.32406209573094,34.50122000289621,0.15513320618582407,0.8247789043312135,2.5601051631451317,-0.739366497316257,0.6733031877588946,153.0,27.0,56.0
198,2909,0.9960159362549801,v_track,2638.0,277.13708305358887,99.70970916748047,26.456801669825378,-2.97373104095459,2.514883855138283,0.8232173506007178,0.6672949297874347,26.456801669825378,170.0644693951467,36.17549744173125,0.4316138498173929,0.862991899594911,2.7794392879843532,-0.1036164829989947,0.9946173256337932,136.0,16.0,58.0
198,2892,1.0,alpha,299.0,114.08326029777527,46.0,6.5,-90.0,3.5384615384615383,0.6321353065539113,0.5,6.5,149.96857142857144,29.88208513884024,0.2886936319436368,0.9113116633520542,2.4800708760385928,-1.2246467991473532e-16,-1.0,65.0,3.0,53.0
198,2908,0.9950221238938053,v_track,1689.0,271.62236428260803,115.06464385986328,14.6787053202635,72.12130355834961,5.316311715737988,0.7689506032324152,0.6781976674000988,14.6787053202635,195.15597345132744,46.652891284494174,0.28767920066724284,0.9193329749443433,2.3606066570146056,0.5843543782901578,-0.8114985893845553,129.0,11.0,84.0
198,2890,1.0,alpha,378.0,102.28427076339722,44.0,8.590909090909092,-90.0,3.3846153846153846,0.9509433962264151,0.6608391608391608,8.590909090909092,177.8732394366197,33.79769816486232,0.454029380750204,0.9662104130556217,2.3246425173499365,-1.2246467991473532e-16,-1.0,21.0,8.0,0.0
198,2889,0.5299739357080799,alpha,1038.5,260.69343197345734,105.66314697265625,9.82840308805818,-24.973909378051758,6.256617694559881,0.6402589395807645,0.5819679086969175,9.82840308805818,199.74630755864465,48.68587517122161,0.19202429791194933,0.8707830579361469,2.4672124524260117,-0.7654587166458169,0.6434850061275236,107.0,13.0,39.0
199,2919,0.9518796992481203,proton,580.0,195.33809351921082,87.22529602050781,6.6494471954974435,-65.77225494384766,7.713709809366797,0.760655737704918,0.5880393463693808,6.6494471954974435,150.3127819548872,36.88794128928154,0.19101345854745058,0.9245703041400897,2.239466100215748,-0.7484407423800087,-0.6632016700413694,87.0,8.0,37.0
199,2919,0.9312775330396476,proton,1960.5,730.9087229967117,309.07659912109375,6.343087783335845,-64.2761001586914,14.234840341892355,0.34277471806976134,0.2921374252439526,6.343087783335845,157.6740088105727,41.22210586181568,0.04611587153435319,0.8633435837316769,2.364814175758248,-0.7820406793343495,-0.6232273869674447,391.0,23.0,244.0
200,2924,0.9543147208121827,alpha,730.5,132.46803629398346,53.25920104980469,13.715939886459841,64.29004669189453,2.886075651068704,0.8665480427046264,0.7432563643006237,13.715939886459841,201.81345177664974,45.9831625746805,0.5231279055929055,0.9363805272868552,2.4872328852644183,0.7817371834740475,-0.6236080307164616,60.0,4.0,40.0
200,2920,0.9878516624040921,alpha,1476.0,202.16652059555054,82.84099578857422,17.81726530384822,-55.86406326293945,2.736329986507526,0.8731144631765749,0.5885240376987881,17.81726530384822,202.64194373401537,39.72777804181919,0.45381385218005843,0.9366348953494482,2.4404163502756226,-0.928950950726634,-0.3702028243329362,69.0,12.0,27.0
200,2932,0.9590443686006825,proton,217.5,170.1248904466629,72.2724609375,3.0094450524950345,-76.23921203613281,6.776952350036687,0.36462699077954736,0.282194150527815,3.0094450524950345,131.11945392491467,15.78793109633084,0.0944350921030013,0.8868123235853347,2.353937976372273,-0.4620826030249153,-0.8868368891637958,67.0,7.0,8.0
200,2932,1.0,proton,191.5,107.49747383594513,45.68384552001953,4.191853768441649,-65.55604553222656,4.08888913168416,0.606973058637084,0.3751878836005445,4.191853768441649,152.43514644351464,23.368858222043748,0.2082486166712708,0.9038197526758537,2.353074103379447,-0.753424650358376,-0.657534254797694,55.0,2.0,34.0
200,2931,1.0,proton,329.0,225.82337474822998,100.31891632080078,3.2795410084766137,-66.69510650634766,14.059406440806706,0.548790658882402,0.4596182023141073,3.2795410084766137,159.8130841121495,16.64072295850498,0.08107145648443055,0.9094923514431515,2.2510547664419525,-0.7266920253282876,-0.686963390818078,109.0,10.0,57.0
201,2937,1.0,electron_positron,65.5,51.69848430156708,23.205698013305664,2.8225826244245558,60.64224815368652,5.0117643811825925,0.8238993710691824,0.6095967917847065,2.8225826244245558,97.77272727272728,14.3064887318555,0.30796087349353524,0.9485013775844303,2.2278357786059373,0.8545993757768734,-0.5192878844357707,22.0,3.0,12.0
201,2938,0.518348623853211,electron_positron,1126.0,429.10259318351746,89.86719512939453,12.529599909941979,10.684913635253906,1.3057652186830022,0.24720087815587266,0.18205437193025856,12.529599909941979,108.76681957186544,21.148591091971056,0.07684683339119426,0.6183887169946636,4.774852409332212,0.3643864272285138,0.9312478357836002,225.0,20.0,116.0
201,2937,0.7361344537815127,electron_positron,501.5,217.722869515419,68.03375244140625,7.371341165282843,-33.070674896240234,2.650721490866605,0.3862148633038121,0.2872011573983532,7.371341165282843,103.46722689075631,27.53863934575831,0.1329452124264238,0.7222262744438891,3.200218446026945,-0.9145461037618882,0.4044816733721685,104.0,12.0,51.0
201,2941,0.7233273056057866,proton,465.5,193.29646337032318,80.99596405029297,5.747199943332439,-11.309932708740234,4.588889032971973,0.49919571045576405,0.3256120610389843,5.747199943332439,98.46473779385171,17.67035719230833,0.1565603318480808,0.9103536062051745,2.386495001779339,-0.3846153921784071,0.9230769199256637,96.0,8.0,46.0
201,2941,0.8010899182561307,proton,254.5,263.1787132024765,117.95294189453125,2.157640122512278,-18.43494987487793,9.815788354252286,0.29002849002849,0.17955413783711172,2.157640122512278,96.18528610354223,27.485810089085906,0.04617385474843936,0.9054671178946806,2.2312178821092927,-0.6000000293761506,0.7999999779678862,125.0,10.0,49.0
201,2941,0.6594401756311745,proton,3230.5,933.9381605386734,397.5692443847656,8.12562854302064,-14.250033378601074,11.94729682249183,0.362082492714638,0.2441821077558669,8.12562854302064,102.42947310647641,21.66491441540636,0.046541820566311114,0.8638062573991199,2.3491207474661007,-0.47715978419808314,0.8788165567079621,508.0,33.0,293.0
201,2935,0.9927536231884058,electron_positron,105.0,76.42640614509583,29.82512092590332,3.5205221886898297,-12.26477336883545,3.065502097798182,0.4883720930232558,0.36184826145669197,3.5205221886898297,119.42028985507247,8.910026589692448,0.225897948697237,0.8844493710437068,2.562484367958387,-0.4151624434713721,0.9097472976221912,33.0,4.0,16.0
202,2953,0.6376811594202898,proton,1752.5,428.6589421033859,157.29905700683594,11.141198385721024,-58.24052047729492,4.614014428262853,0.4673956527537005,0.3268020233434814,11.141198385721024,120.35714285714286,24.613740412532454,0.1198516769527751,0.7779686545710732,2.725120863787233,-0.8950819584639622,-0.4459016569068989,212.0,24.0,114.0
202,2952,0.7580893682588598,proton,517.5,321.0609630346298,137.21571350097656,3.7714339472958174,-53.303462982177734,7.108150359643564,0.3165137614678899,0.19537062399673283,3.7714339472958174,97.25885978428352,13.91934236112336,0.06308777488776263,0.87948293100135,2.3398265026865515,-0.9582880332018283,-0.2858042081953509,138.0,7.0,43.0
202,2952,0.7729166666666667,proton,426.5,123.63960921764374,47.29755401611328,9.017379627172696,-62.7004280090332,3.4446766513393445,0.8131553860819828,0.6567349560487359,9.017379627172696,113.54166666666667,19.02745640442307,0.35060140491716313,0.8614173609913836,2.614080406262073,-0.815119140983551,-0.5792933505593154,53.0,8.0,22.0
202,2944,0.7160493827160493,electron_positron,274.5,113.15432798862457,43.47058868408203,6.3146142785159896,-61.927513122558594,3.0791666739847923,0.5760755508919203,0.4472851745068461,6.3146142785159896,132.6327160493827,34.39024827729068,0.2694076187959822,0.8691059183077228,2.6030088713765034,-0.8304498258537351,-0.5570934272987801,55.0,4.0,30.0
202,2951,0.8615819209039548,proton,1271.0,344.3330411911011,153.12008666992188,8.300674507452905,-59.534454345703125,10.100332573974859,0.705131761442441,0.5475413117700273,8.300674507452905,124.99364406779661,17.691465568245274,0.13470943602229768,0.9158780110349887,2.248777731777108,-0.8740360021798785,-0.48586116009968877,159.0,8.0,71.0
203,2968,0.625,electron_positron,81.0,50.62741661071777,20.180051803588867,4.013864819989945,4.763641357421875,3.197368103937078,0.7465437788018433,0.6359648366546116,4.013864819989945,107.25,21.922832319823048,0.39712145306161023,0.9093596433976469,2.5087852649473414,0.16551722990527143,0.9862068984774369,21.0,3.0,7.0
203,2971,0.8957512045554096,proton,2113.0,411.73000979423523,147.49325561523438,14.326078783644064,-54.09027862548828,3.422553630771306,0.516310323762981,0.33243400012530705,14.326078783644064,107.383267630311,20.931040864476355,0.15663337861938828,0.7758624231937646,2.7915175380514703,-0.9500779845541115,-0.31201253703272486,210.0,17.0,105.0
203,2970,0.8637316561844863,proton,384.5,204.1248904466629,80.8753890991211,4.754227513251971,-67.57413482666016,4.309617189847183,0.41680216802168024,0.2533391287978085,4.754227513251971,101.19706498951783,16.0704343223897,0.11596162132431587,0.8482213960657294,2.5239432257505046,-0.7052745691727664,-0.7089342579380465,85.0,7.0,9.0
203,2970,0.7791147400085947,proton,2167.5,374.57568180561066,126.9446029663086,17.074376927826226,-57.40741729736328,2.4174117342127257,0.5551286976565502,0.3251481211111657,17.074376927826226,128.61323592608508,19.616060269913632,0.1941287297322319,0.7843546191601017,2.9507019050272185,-0.9076688467111964,-0.41968710334005566,180.0,18.0,93.0
203,2956,0.8544303797468354,electron_positron,109.0,105.11269783973694,40.0,2.725,0.0,5.714285714285714,0.5202863961813843,0.3892857142857143,2.725,123.35443037974683,15.221186080203871,0.12397268183151754,0.8329080321339168,2.6278174459934234,0.0,1.0,45.0,4.0,12.0
204,2981,1.0,electron_positron,31.0,38.485281229019165,16.73495864868164,1.8524097161388648,75.9637565612793,4.312500472312823,0.7126436781609196,0.47735509501214346,1.8524097161388648,127.32000000000001,15.86750137860393,0.26301603647883853,0.9571770898871247,2.299693834741025,0.47058823439458175,-0.882352941656223,25.0,0.0,22.0
204,2974,0.5109243697478991,alpha,1052.0,302.99494767189026,95.94526672363281,10.964584662943837,11.560127258300781,3.3559191002768505,0.5651356432984153,0.3835130210536206,10.964584662943837,180.7655462184874,47.52630043570622,0.14399745952152976,0.7281044877104232,3.1579978671033064,0.3926622563427388,0.9196827455399113,115.0,29.0,25.0
204,2972,0.9699570815450643,alpha,414.5,111.35533845424652,47.07391357421875,8.805301461636104,77.47119235992432,3.773913129906804,0.878177966101695,0.7059205465562901,8.805301461636104,202.24678111587983,45.38865591979245,0.42006095403288307,0.9481724546707211,2.36554239916082,0.4235294095804415,-0.905882353962391,58.0,5.0,40.0
204,2983,0.9521276595744681,proton,1895.5,398.0904005765915,122.46036529541016,15.478477427594639,-13.448614120483398,2.926730739039797,0.494198931038978,0.3699265110927509,15.478477427594639,142.4821083172147,34.05677318552535,0.15030389746619222,0.7033364378514607,3.25076933762431,-0.4523915668986515,0.891819415688503,202.0,34.0,101.0
204,2983,0.888622754491018,proton,723.0,254.30865597724915,103.30633544921875,6.998602717404469,-26.565052032470703,4.914893781132518,0.5508571428571428,0.3329649514989983,6.998602717404469,117.87784431137725,23.234692729864328,0.1404836802913308,0.84655083523806,2.461694676046825,-0.8000000179153027,0.599999976112929,123.0,9.0,38.0
204,2983,0.9805705853418594,proton,3787.5,653.9970356225967,281.70391845703125,13.444967399620014,-29.604450225830078,10.256114997606346,0.6025773605918383,0.4894966763147964,13.444967399620014,122.2176586325627,19.15338180215118,0.11127841879302278,0.8860409495262364,2.3215759269686975,-0.8590394284246317,0.5119094259845994,344.0,30.0,192.0
205,2986,0.9887505022097228,alpha,2374.0,267.76449966430664,107.83366394042969,22.015388453381902,-71.56504821777344,3.2788464025590547,0.8612370760021767,0.6694113377357598,22.015388453381902,215.4367215749297,36.85662383656415,0.41608741812755284,0.8955591280819357,2.4831253050274467,-0.6000000826393694,-0.7999999380204662,123.0,16.0,60.0
205,2985,0.9871200412158682,alpha,1830.5,255.86500489711761,83.72704315185547,21.86270924055001,19.983108520507812,2.684931366087798,0.8458872458410351,0.7010861912458379,21.86270924055001,183.37145801133437,36.44999806552424,0.3513644475717705,0.7719000428069268,3.05594220535241,0.6423358198925554,0.7664233128519504,108.0,18.0,46.0
205,2984,0.980720871751886,alpha,1123.0,160.36753106117249,65.1919174194336,17.22606182565257,-69.44395446777344,2.916230638538007,0.9381787802840434,0.7705735812940359,17.22606182565257,217.75775356244762,39.36080859126942,0.5487275105063925,0.942762888409629,2.4599296570676907,-0.6575342547976938,-0.7534246503583762,65.0,8.0,29.0
206,3009,0.6363636363636364,electron_positron,54.0,54.76955199241638,23.702274322509766,2.278262383821828,-58.5704345703125,5.050505489766907,0.6352941176470588,0.4854545399339216,2.278262383821828,112.70129870129871,10.458408578827195,0.2262170042982818,0.9320878036511477,2.310729816353631,-0.889887637501153,-0.4561797810322336,23.0,5.0,12.0
206,3009,0.8571428571428571,electron_positron,88.5,67.69848430156708,28.06044578552246,3.1539057032964455,55.61965560913086,3.4179895372278275,0.5160349854227405,0.3841712557835513,3.1539057032964455,114.73949579831933,13.406045409713247,0.24265835208145442,0.9214223919399812,2.412594754160873,0.9320754674875005,-0.36226416177695175,37.0,0.0,30.0
206,3012,1.0,proton,1713.5,506.634556889534,220.7256317138672,7.76303135569347,-86.7295150756836,10.702627745475601,0.5187708144111414,0.37641679460293587,7.76303135569347,98.0437242798354,11.857636394418929,0.08388887195555149,0.8882747575087787,2.2953136568493258,-0.113913647018276,-0.9934906547235337,250.0,22.0,101.0
206,3012,1.0,proton,483.5,121.9827550649643,45.06830978393555,10.728159150364721,-85.36454010009766,2.3730497149079244,0.7398622800306044,0.5648859505783912,10.728159150364721,105.42830540037244,13.229917126883223,0.408328286733179,0.8923317610288078,2.7066192552986457,-0.16110292638814908,-0.9869376105454563,59.0,5.0,31.0
206,2994,0.553757225433526,alpha,2453.5,317.0365778207779,76.41497039794922,32.107582941180404,-1.5911402702331543,1.0860300212904264,0.6501059883412824,0.45632156635802484,32.107582941180404,174.8651252408478,48.71987797755747,0.3067447817834915,0.7766027234518732,4.148880463732881,-0.055512721631873055,0.9984579799556024,162.0,11.0,97.0
207,3018,0.9925046845721424,alpha,1514.5,196.2670258283615,68.51252746582031,22.10544634710137,85.23635864257812,2.2980503199778384,0.8784802784222738,0.741461889237004,22.10544634710137,187.74953154278575,39.78661511273712,0.49406542070327825,0.8678724433838295,2.8646881539478404,0.16551722990527143,-0.9862068984774369,96.0,14.0,35.0
207,3033,1.0,proton,568.5,132.95331752300262,55.43997573852539,10.254333491797468,-39.80556869506836,3.356589462393952,0.8403547671840355,0.6208442064400561,10.254333491797468,183.72,31.094385345267757,0.404149434950614,0.9113058141013805,2.398148912439242,-0.9836065422875784,0.18032795115864375,69.0,6.0,36.0
207,3032,1.0,proton,175.5,66.5269113779068,28.279237747192383,6.205966425577506,-19.98310661315918,2.853448106633164,0.8796992481203008,0.6261980363544715,6.205966425577506,149.62926829268292,9.57533018987298,0.49830157822869914,0.9489681243804867,2.3525001618727055,-0.6423357688648353,0.7664233556180428,32.0,3.0,13.0
207,3017,0.7674011892270024,alpha,2696.5,359.8650048971176,93.7228775024414,28.770990305219325,-50.10216522216797,1.1904152561441672,0.5780898274198735,0.3654329306397666,28.770990305219325,218.62889122070655,37.221293807329666,0.26165621647331805,0.8055380663019351,3.8396708945235214,-0.9841822210028943,-0.17715912582142093,197.0,4.0,115.0
207,3014,0.9714707329070339,alpha,1934.0,246.53405165672302,106.77312469482422,18.11317225685491,45.0,4.5757582816883655,0.8686278913092297,0.776239322384179,18.11317225685491,225.94392523364485,34.80188894888535,0.39986418537496077,0.9510514552191945,2.3089522982619393,1.0,6.123233995736766e-17,110.0,3.0,63.0
208,3044,0.9610738255033557,proton,1330.0,365.22034335136414,156.94979858398438,8.474047192155602,13.201087951660156,8.66489606471044,0.5996393146979261,0.4678358228550942,8.474047192155602,87.75838926174497,10.030926009105674,0.12530014804883782,0.8916756626314527,2.326988289544911,0.4446691950206198,0.8956948738268596,186.0,6.0,109.0
208,3036,0.9892833221701273,alpha,1430.5,145.78174459934235,46.84779739379883,30.5350535047642,-35.537681579589844,1.1818181293277539,0.9767838852850802,0.7703004584949827,30.5350535047642,168.80308104487608,51.20752274504849,0.8458462724050178,0.9587665358153078,3.1118164078006205,-0.9459459888257391,0.32432419925823386,31.0,9.0,1.0
208,3043,0.9957716701902748,proton,396.5,176.2670258283615,77.71223449707031,5.102156726878671,14.6763916015625,6.366037543341761,0.5865384615384616,0.4179589158068518,5.102156726878671,81.19027484143764,7.495294544246461,0.16036548509681445,0.9207458971637221,2.2682017441540254,0.4901856296628734,0.8716180634154,80.0,4.0,26.0
208,3043,0.9511533242876526,proton,1951.0,600.8427076339722,264.36639404296875,7.379909262154155,18.434951782226562,17.41666940495635,0.5651796060254924,0.48619432255305156,7.379909262154155,94.70058796924468,12.438210725041774,0.06791184733880776,0.8958760305908531,2.2727650759434814,0.6000000826393695,0.7999999380204662,307.0,20.0,182.0
209,3049,0.9703429101019463,alpha,967.0,256.7939372062683,74.38468933105469,12.999987076591708,-35.639808654785156,2.2252290846496567,0.5379694019471488,0.3888965538883345,12.999987076591708,171.5681186283596,43.84248855682405,0.18427516387119927,0.6929567895730275,3.452241845944768,-0.9470961613244878,0.3209499356666392,131.0,23.0,51.0
209,3048,1.0,alpha,740.0,235.62236428260803,67.98538970947266,10.884691595684021,35.417057037353516,2.6142063097528645,0.5154998258446535,0.41854330129972656,10.884691595684021,144.7039239001189,27.80121548962409,0.16749759082163018,0.7100208305543873,3.465779416570409,0.944572010996386,0.32830430402637606,123.0,14.0,56.0
209,3059,0.9186746987951807,proton,534.0,298.59292674064636,121.45393371582031,4.396728732141859,17.70043182373047,8.032172667990544,0.3988050784167289,0.2907710213282163,4.396728732141859,153.4081325301205,27.164170570396852,0.07526483081208485,0.8427028624889301,2.458487079054174,0.5792934590989893,0.8151190638459682,152.0,9.0,89.0
209,3045,1.0,alpha,1153.0,146.22539567947388,42.0,27.452380952380953,-90.0,1.105263157894737,0.9257326374949819,0.7224310776942355,27.452380952380953,219.82676518883414,33.07885348666859,0.6776314605500076,0.9233601699288136,3.4815570399874733,-1.2246467991473532e-16,-1.0,45.0,7.0,26.0
210,3064,0.9952153110047847,alpha,3573.0,441.445739030838,170.29293823242188,20.981492462849175,33.690067291259766,4.651514387399256,0.7233525660491953,0.5731048807605275,20.981492462849175,203.21770334928232,40.001344677547216,0.2304030488978146,0.8318980642973008,2.592272724946099,0.9230769199256637,0.3846153921784071,209.0,31.0,88.0
210,3063,0.9995196926032661,alpha,1975.0,232.71067690849304,95.0601577758789,20.776317294322308,1.1233062744140625,3.5394160743600573,0.9103480064530998,0.7735736308254758,20.776317294322308,197.15802113352544,32.13397305541546,0.4582941832127058,0.9199681206262091,2.448035879102468,0.03920073909534348,0.999231355620098,128.0,14.0,77.0
210,3061,0.9525691699604744,alpha,1919.5,269.546244263649,121.75249481201172,15.765590700738793,46.005088806152344,6.316602296734994,0.9190806799138137,0.8179295757629583,15.765590700738793,216.07509881422922,35.573329215473386,0.3319948987225293,0.9694612794697226,2.2138868257265183,0.9993846119551472,-0.03507702078654677,117.0,2.0,71.0
210,3062,0.9817559863169898,alpha,801.5,170.95331752300262,64.812255859375,12.366488241653514,37.56858825683594,2.6053923650842967,0.6818375159506593,0.4971213178818598,12.366488241653514,203.76510832383124,36.34657720125934,0.3446341616588516,0.8658133210929189,2.6376696082593534,0.9665427171559517,0.256505703470293,79.0,7.0,27.0
210,3082,0.7525874815179892,v_track,1875.5,332.7523070573807,95.41328430175781,19.656591990570934,-89.13195037841797,2.691452718298356,0.6891420172698879,0.5544803151119404,19.656591990570934,223.65845243962545,33.075673108381686,0.21285545373086937,0.6865334125746887,3.4874840489192795,-0.03029601149550468,-0.9995409704896865,139.0,34.0,50.0
210,3060,0.9357997823721437,alpha,1701.0,313.4213538169861,135.65895080566406,12.538796665446268,13.091896057128906,6.5453549556076,0.7440944881889764,0.6049794311700378,12.538796665446268,217.64798694232863,36.49536205237436,0.21759905914283026,0.9050537699275579,2.3103625080071017,0.44125201781127765,0.8973832273769529,147.0,11.0,78.0
211,3087,0.995100707675558,alpha,1740.5,230.35028612613678,85.13865661621094,20.443122656325748,24.77513885498047,2.655773340631619,0.8379874819451132,0.6376927039696159,20.443122656325748,180.23135547087645,38.2433593092989,0.4121984739194252,0.8499976142387555,2.7055898610723044,0.7609755709429972,0.6487805333300155,112.0,10.0,63.0
211,3101,1.0,v_track,611.0,142.56854152679443,46.000003814697266,13.282607594149416,-36.86989974975586,1.7557252853124112,0.7561881188118812,0.5069697407390152,13.282607594149416,155.45777777777778,25.369201119311946,0.3777492934162863,0.8214483783695034,3.099315863127015,-0.9600000205633031,0.27999992949723684,75.0,13.0,33.0
211,3101,1.0,v_track,445.5,135.63960921764374,33.08185958862305,13.466594851070852,22.833656311035156,1.1758620857973363,0.6875,0.4786568381305112,13.466594851070852,156.74455445544555,21.93636374845335,0.3042877806238066,0.7419551433222465,4.1001204558733635,0.715294169681353,0.6988234761510691,60.0,12.0,16.0
211,3085,0.9649941656942824,alpha,753.0,267.3036036491394,124.20018005371094,6.062793143088534,37.405357360839844,14.766666216901283,0.789308176100629,0.7208302165696518,6.062793143088534,196.49941656942823,36.81804656349635,0.13243269370310037,0.9547188877969788,2.1521998078709927,0.9650655088546605,0.26200870905199936,116.0,8.0,58.0
211,3084,0.9764829764829764,alpha,2730.5,297.546244263649,130.2949981689453,20.956291786884503,47.62640380859375,5.008968644719393,0.8920287487749101,0.8056288418223683,20.956291786884503,222.85222885222885,36.53707439940329,0.38756370524998385,0.9538824038018721,2.283635200469012,0.9958004426017648,-0.0915504151499556,116.0,12.0,38.0
211,3100,0.9749163879598662,v_track,1100.5,217.5807341337204,92.28187561035156,11.92541864500805,-68.0615234375,5.270787281028337,0.7558379120879121,0.6811342368077725,11.92541864500805,206.0284280936455,41.77446846166761,0.2921184821538955,0.9195512194443215,2.3577840469175904,-0.6931119349333443,-0.7208299700019107,99.0,6.0,49.0
211,3099,1.0,v_track,1844.0,248.30865597724915,82.21874237060547,22.42797623549226,86.00908732414246,2.485273304363087,0.7962003454231433,0.6779433618396778,22.42797623549226,197.21454173067076,40.22318118532023,0.3758262082094092,0.7958217191982568,3.020097958419071,0.13885897355165827,-0.9903121656650391,111.0,13.0,52.0
211,3083,0.9973614775725593,alpha,656.5,228.75230705738068,96.87400817871094,6.776843575924968,7.326408386230469,6.45000040955504,0.5976331360946746,0.4512112656634388,6.776843575924968,161.69920844327177,20.094349339127206,0.15765713453338573,0.8773967658185652,2.3613383131147385,0.2529613110518065,0.9674763951182226,107.0,17.0,46.0
212,3104,0.9539641943734015,alpha,1057.5,280.7766922712326,120.5931167602539,8.76915721568397,36.52885437011719,7.762452386696451,0.6746411483253588,0.5644614484384699,8.76915721568397,202.2770673486786,38.67389347807324,0.16856528265658183,0.9018880381917403,2.3282978317032215,0.9565987498243594,0.29140835923918273,136.0,5.0,69.0
212,3103,0.9928622412562456,alpha,2679.5,305.546244263649,128.70103454589844,20.819568463098985,47.353294372558594,4.643156237175248,0.8981062510474275,0.7511090295879509,20.819568463098985,213.2469664525339,39.76061980976872,0.3606697558136266,0.9103358178122637,2.3740776081693618,0.9966279576852888,-0.08205311669918612,154.0,18.0,95.0
212,3102,0.9783900594273366,alpha,1743.0,252.1076455116272,93.3612289428711,18.66942005515548,-65.6136245727539,3.243882038633659,0.7461472602739726,0.6486782262226235,18.66942005515548,204.33765532144787,36.864301846560245,0.34461582622701814,0.862624853947515,2.700346261143317,-0.7521015594689021,-0.6590472245935382,101.0,17.0,29.0
212,3115,1.0,v_track,792.0,182.16652059555054,68.51335144042969,11.559790659031187,76.6075029373169,2.8662790618807694,0.6194759483770043,0.4836077235911405,11.559790659031187,184.8103448275862,30.874192378967898,0.29991481477304416,0.8658166328139497,2.65884702420285,0.4506437552894964,-0.8927038735317443,81.0,12.0,49.0
213,3122,1.0,alpha,474.5,100.5269113779068,27.613401412963867,17.183685302066156,-5.19442892074585,1.1553031285423982,0.854954954954955,0.718939513914603,17.183685302066156,213.71401151631477,40.83514884768434,0.5900399290021505,0.9014172814380265,3.6405117165577323,-0.1803278692991847,0.9836065572951495,34.0,8.0,6.0
213,3132,0.863905325443787,electron_positron,128.0,94.91168737411499,37.758262634277344,3.389986484277491,49.763641357421875,3.438502616672484,0.43389830508474575,0.30871328772660833,3.389986484277491,151.07100591715977,22.475647298205594,0.1785584653472987,0.8897285620957572,2.513666698423597,0.9862068984774369,-0.16551722990527146,45.0,5.0,16.0
213,3129,0.989247311827957,electron_positron,69.0,55.11269783973694,24.05953025817871,2.8678864158847985,50.90614318847656,3.905511325880146,0.647887323943662,0.46553539318451237,2.8678864158847985,141.93548387096774,19.189382397796926,0.285466804164319,0.9423167563990441,2.290680543149928,0.9788235145867772,-0.2047059532402251,26.0,1.0,13.0
213,3118,0.9884678747940692,alpha,2297.0,313.0193328857422,120.40687561035156,19.076983671873663,47.663002014160156,4.104143289016026,0.7981236970118137,0.650250860797666,19.076983671873663,175.08031301482703,39.03900880911591,0.29459714667446724,0.838432264179134,2.599679887872046,0.9956826726964554,-0.09282249345952331,154.0,30.0,61.0
213,3117,0.5719973457199734,alpha,1393.0,270.73506212234497,92.6603775024414,15.033394397333396,-61.090816497802734,3.185983925776731,0.6217362195938406,0.5169000406727697,15.033394397333396,148.63503649635035,28.56270846016924,0.23882070340741138,0.794428116153979,2.9217996884937327,-0.8463639439702989,-0.5326049890369416,106.0,14.0,44.0
213,3116,0.9629629629629629,alpha,1028.5,174.46803629398346,68.78225708007812,14.952984151168419,-65.43283081054688,2.5749026174648937,0.8016367887763055,0.5597734018081004,14.952984151168419,195.5654923215899,37.85261201688816,0.4246023702289319,0.8967854382153801,2.536526768681975,-0.7562457312052773,-0.6542876997420901,90.0,4.0,52.0
213,3116,0.9318364073777065,alpha,1174.5,160.81118214130402,54.88597106933594,21.39891081668732,-81.46923828125,1.8019481491305818,0.8636029411764706,0.7025425074620372,21.39891081668732,225.82357658380113,35.90711516797189,0.570729598692953,0.9183744857007796,2.9299141293893785,-0.2933984031566736,-0.9559902599007555,72.0,12.0,17.0
214,3139,0.9965556831228473,alpha,819.5,115.49747383594513,37.0,22.14864864864865,-90.0,1.2333333333333334,0.9344355758266819,0.7382882882882883,22.14864864864865,186.6796785304248,36.24124472138358,0.7719938686194909,0.9289535015214064,3.121553346917436,-1.2246467991473532e-16,-1.0,32.0,14.0,0.0
214,3138,0.978984238178634,alpha,525.0,99.94112491607666,31.893404006958008,16.461083924609103,9.462318420410156,1.2763157372488483,0.9391771019677997,0.6587424929797113,16.461083924609103,213.71278458844134,42.39024969410686,0.6605119822699763,0.9564993749991949,3.1335985614540567,0.32432419925823386,0.9459459888257391,29.0,3.0,7.0
214,3137,0.9993880048959608,alpha,1559.5,167.29646337032318,61.28022766113281,25.448665246867517,72.47443199157715,1.8726991907203943,0.9526572999389127,0.7777010078399247,25.448665246867517,211.18665850673193,43.033462181100354,0.7001993816090939,0.9499380480167512,2.7300235288850194,0.57430729434711,-0.8186398058118735,66.0,11.0,29.0
214,3136,1.0,alpha,2803.0,314.67618703842163,116.6915054321289,24.02060021095798,44.104827880859375,3.0555389299313176,0.7921435636569167,0.6289736240277375,24.02060021095798,191.4468302658487,31.924593784679303,0.35571747713881524,0.8410514834519643,2.6966503334850387,0.9995118396653563,0.03124231695593516,130.0,10.0,60.0
214,3142,1.0,electron_positron,41.0,36.97056245803833,15.412713050842285,2.660141654798368,-21.801406860351562,3.319999909611799,0.7884615384615384,0.5730120339197857,2.660141654798368,153.91379310344828,12.277375439454826,0.37694814033080953,0.946238228011857,2.3987056877061588,-0.6896551060359032,0.7241379942515149,19.0,1.0,10.0
215,3166,1.0,proton,284.5,112.61017167568207,48.90106201171875,5.81786955734871,-38.418052673339844,5.402984068110933,0.765814266487214,0.642805191453098,5.81786955734871,152.94545454545454,18.9571301195394,0.28192714516225453,0.9453874007905595,2.3028164837952994,-0.9737226065001977,0.227737317079264,49.0,5.0,27.0
215,3153,0.9690913935518252,alpha,3611.5,334.43354642391205,135.5846710205078,26.63649196341483,-27.937145233154297,3.7007675331848904,0.8774295432458697,0.7270398925940224,26.63649196341483,214.5814015454303,38.07130541126125,0.4057680190203305,0.8975258302854922,2.466602927209429,-0.8278086835737452,0.5610105020406508,144.0,15.0,68.0
215,3166,0.9852564102564103,proton,1437.0,302.81832242012024,131.98536682128906,10.887570604290762,-41.13454055786133,7.282483125177725,0.7233828341303801,0.600737423469731,10.887570604290762,146.1076923076923,18.19456645597011,0.19692567093009886,0.9112885453880106,2.294332543926196,-0.9909107516139478,0.1345209364221088,162.0,7.0,94.0
215,3166,0.9904458598726115,proton,556.0,166.85281229019165,69.84429168701172,7.960564658477224,-46.548160552978516,4.524752021361842,0.7064803049555273,0.5157125966863327,7.960564658477224,139.2563694267516,21.0088593885103,0.2509675629963479,0.8895805739604563,2.3889255408000607,-0.9985401406042779,-0.054014698018122816,79.0,7.0,33.0
215,3166,0.987487969201155,proton,949.5,222.14927566051483,99.71583557128906,9.52205830257704,-44.54164505004883,6.228975465756957,0.7617328519855595,0.5948169336439625,9.52205830257704,139.99518768046198,17.182230450427298,0.2417770253630465,0.9369644378093495,2.227823438351428,-0.999872009033674,0.015998923431419763,113.0,0.0,65.0
215,3166,0.9157509157509157,proton,221.5,131.23758828639984,58.796104431152344,3.7672563878677843,-41.423667907714844,6.28773555608385,0.6857585139318886,0.4028755334737748,3.7672563878677843,107.36996336996337,27.663442618513972,0.1616095841698748,0.927273504107727,2.2320796514686325,-0.992217908754137,0.12451353961544603,64.0,3.0,42.0
215,3166,0.9911392405063291,proton,708.5,187.92387998104095,72.80194091796875,9.731883395778123,-51.00900650024414,3.531418733628559,0.6250551389501544,0.47206647108576105,9.731883395778123,186.79873417721518,36.153347775271385,0.25210750680455074,0.858855133497841,2.581303157738452,-0.9780821878359979,-0.20821919661248278,91.0,11.0,48.0
216,3170,1.0,alpha,50.5,68.87005722522736,30.201885223388672,1.6720810514468232,11.309928894042969,4.812500080730144,0.43722943722943725,0.2664366855100681,1.6720810514468232,149.8048780487805,19.810959657374003,0.13379514496681083,0.9177124575766002,2.2803231227398224,0.3846152692632769,0.9230769711402929,25.0,5.0,1.0
216,3171,0.9605077574047954,alpha,615.0,200.911687374115,83.6759033203125,7.3497862060212436,-5.572197437286377,6.628846363498931,0.6906232453677709,0.5822536910988028,7.3497862060212436,217.52045133991538,32.211198182802015,0.1914584671422939,0.9123323355390148,2.401069834944265,-0.19328225025863577,0.9811431963454459,88.0,14.0,43.0
216,3170,1.0,alpha,455.0,102.42640614509583,34.0,13.382352941176471,0.0,1.7894736842105263,0.8250226654578422,0.7043343653250774,13.382352941176471,200.1077844311377,16.44273797204725,0.5450011153402179,0.9106732276789824,3.0125413572087005,0.0,1.0,39.0,6.0,17.0
216,3170,0.9834710743801653,alpha,441.5,97.49747383594513,36.781341552734375,12.003368592932095,75.06858348846436,1.8844883111298956,0.8733926805143423,0.6149913747744369,12.003368592932095,196.16735537190084,27.032557819454166,0.5836518217556103,0.9281890285366055,2.6507318580579895,0.497925291024156,-0.8672199285985704,41.0,4.0,12.0
216,3167,0.9369973190348525,alpha,682.0,147.53910398483276,56.00539779663086,12.177397658641885,-27.255327224731445,2.4928059316012736,0.7175170962651236,0.5420172038623764,12.177397658641885,200.58176943699732,35.89505690211151,0.3937131817038001,0.8833265507893624,2.6343729317053137,-0.8142234890275989,0.5805515566387912,63.0,10.0,27.0
216,3181,0.9945652173913043,v_track,5108.0,548.4406867027283,168.14138793945312,30.37919492992032,-71.10485076904297,1.9014792945866414,0.4811378514576367,0.34355259495214824,30.37919492992032,228.6566716641679,29.68508825124841,0.2134034423953715,0.7820482264433012,3.2617827973456426,-0.6127732528322805,-0.7902587807885124,256.0,33.0,128.0
217,3185,0.9363369245837414,alpha,910.5,241.78174459934235,84.31464385986328,10.79883586430506,-5.946863651275635,4.956151694368921,0.7041763341067285,0.6347731095803762,10.79883586430506,209.41821743388834,39.45838533837871,0.1957234219801533,0.7823669415644702,2.8676127127003013,-0.2060970577572535,0.9785315543117673,109.0,26.0,34.0
217,3184,0.95,alpha,41.5,37.899494767189026,17.0,2.4411764705882355,-90.0,4.25,0.8736842105263158,0.6102941176470589,2.4411764705882355,153.6,15.087743370033818,0.36307063080251334,0.9731508100497162,2.2293820451287663,-1.2246467991473532e-16,-1.0,11.0,6.0,0.0
217,3182,0.9817073170731707,alpha,1529.0,273.0193328857422,116.67234802246094,13.105076103428104,-40.44622802734375,4.506987867439401,0.7100069654051544,0.5062417959450839,13.105076103428104,213.98231707317072,40.89260538433543,0.25776891716401074,0.9191832885336084,2.3400517561640437,-0.9873929740437019,0.15828807538514522,123.0,9.0,69.0
217,3196,1.0,v_track,3216.0,396.81832242012024,133.19100952148438,24.145773889349815,-39.289405822753906,3.4046759264676627,0.7164977163863206,0.6172228544730727,24.145773889349815,217.1293561724749,31.678685027239705,0.25665071031752906,0.7672435201397622,2.9793176269612363,-0.9801980126150492,0.19801983755550284,161.0,32.0,57.0
217,3196,0.9917141377524599,v_track,1797.5,312.634556889534,86.47589111328125,20.7861402393104,47.56377029418945,2.3065242326037745,0.7198638366039247,0.5544173705185039,20.7861402393104,216.55722423614705,28.80582349059783,0.2311025839823847,0.6602438629306551,3.615279968378592,0.9959982211736713,-0.08937305756704607,144.0,28.0,68.0
218,3200,0.9440613026819923,alpha,1226.5,169.49747383594513,70.33193969726562,17.438734169415834,77.90524291992188,3.0984617344405074,0.9537325038880249,0.7682604909461334,17.438734169415834,227.04214559386975,36.38955559382335,0.536476813725262,0.9563484480106457,2.4099644424073077,0.40975609765860294,-0.9121951219073655,63.0,6.0,26.0
218,3199,0.9631449631449631,alpha,2308.5,311.8061298131943,123.76667785644531,18.65203170984024,-41.054813385009766,3.644699072162806,0.741805912596401,0.549267733805184,18.65203170984024,205.994266994267,41.53943844899231,0.29838050551706957,0.8742139538233543,2.519305965171437,-0.9905325425292477,0.1372781198536172,144.0,16.0,75.0
218,3213,1.0,v_track,1724.0,260.45079135894775,80.94473266601562,21.298482844008646,-41.987213134765625,2.078244130887061,0.6983998379582742,0.5468354210272608,21.298482844008646,185.62819814915625,31.746538560608865,0.3193712093558452,0.7721803750650365,3.217637303635165,-0.9944751404628008,0.10497235351030533,118.0,21.0,40.0
218,3213,0.9763694951664876,v_track,1691.5,398.2325359582901,109.52985382080078,15.44327816567183,46.73570251464844,3.06227557606321,0.6004614838480653,0.43176879993339284,15.44327816567183,178.96616541353384,26.499284269979565,0.13403196582407487,0.61501612553934,3.6358355468074395,0.9981651419988946,-0.06055038644242167,182.0,26.0,100.0
219,3218,0.9599317988064792,alpha,1109.5,150.2670258283615,59.904632568359375,18.521105170520975,-49.89909362792969,2.4155845074788083,0.9272879231090682,0.746841985221134,18.521105170520975,215.04262574595055,40.76826019062824,0.6174613657825666,0.9419293806835043,2.508437484478121,-0.985413283138646,-0.17017832239716865,58.0,5.0,28.0
219,3228,0.9658284977433914,proton,1383.5,394.71781718730927,179.13343811035156,7.723292840210673,24.134857177734375,14.533171698064741,0.7205729166666667,0.6265940189908608,7.723292840210673,189.4287556415216,37.309826210388366,0.11158750482031357,0.9293503679119309,2.2034848510201166,0.7462864477323553,0.6656249228589796,204.0,22.0,147.0
219,3217,0.9719917012448133,alpha,1817.0,273.0193328857422,119.56207275390625,15.197126966340889,56.976131439208984,6.437923475907813,0.9015132721409079,0.8183024784484695,15.197126966340889,219.42894190871368,39.78918946209599,0.3063218590497106,0.9441868409808639,2.2834944777822304,0.9138840212718674,-0.40597536337068657,107.0,11.0,49.0
219,3228,0.999140154772141,proton,910.0,606.7249574661255,274.13336181640625,3.319552184273905,27.12130355834961,26.25363313443447,0.407067770073809,0.3179120725732914,3.319552184273905,136.15993121238176,12.465955454560936,0.03106472665722176,0.9088838506242535,2.2132474261650206,0.8114985893845553,0.5843543782901578,287.0,22.0,146.0
219,3228,1.0,proton,198.5,73.01219260692596,31.763858795166016,6.249240726073519,28.610458374023438,3.522123873217237,0.906392694063927,0.6929447738929833,6.249240726073519,151.02173913043478,10.303416762192292,0.4679286034971919,0.9453168861412061,2.2985932873507586,0.8407643067944678,0.5414013118015305,33.0,1.0,19.0
219,3215,0.5119418483904465,alpha,2723.0,382.19090580940247,139.8963623046875,19.46440890342408,81.11934089660645,3.9468651296063273,0.6269859544093944,0.5491450635578772,19.46440890342408,212.77085496711666,37.802323767711925,0.23425928189700798,0.8236359203153835,2.7319574255762933,0.30505242931993637,-0.9523355581757962,147.0,18.0,45.0
220,3241,0.9939849624060151,proton,1813.5,427.6883796453476,165.75914001464844,10.940573170443196,23.565399169921875,8.491008994034786,0.6468699839486356,0.560430665735352,10.940573170443196,173.39147869674184,43.80786974045783,0.1245869410349376,0.8068333456400224,2.5801797693180117,0.7329087024847313,0.6803270050660548,195.0,29.0,65.0
220,3233,0.9390243902439024,alpha,1983.5,347.6051193475723,148.10678100585938,13.392364525980273,29.53878402709961,5.966121301629211,0.6695358649789029,0.5394788188291885,13.392364525980273,209.65243902439025,40.64421118753309,0.20628599350356794,0.9022871424607553,2.3469899013862197,0.8578637827569287,0.5138771548083969,174.0,17.0,108.0
220,3232,0.9935645334286736,alpha,2668.5,306.7766922712326,125.39227294921875,21.281215638229053,57.094757080078125,4.281618929408741,0.8514677728142949,0.7266640405694835,21.281215638229053,210.62281015373614,42.46826430714373,0.35631355988329494,0.9037265488783573,2.446535859474138,0.9121951219073656,-0.40975609765860277,144.0,19.0,66.0
220,3241,0.9885145482388974,proton,1121.5,437.0020879507065,158.34439086914062,7.082663262299155,25.346176147460938,8.42784824159231,0.433011583011583,0.3769733224733478,7.082663262299155,141.14701378254213,20.92844539036986,0.07379757956931726,0.767202949753161,2.7598204492880005,0.7737556606530863,0.6334841573451588,209.0,34.0,84.0
220,3241,0.9971305595408895,proton,623.0,173.33809351921082,64.00347137451172,9.733847033929772,28.300758361816406,3.4870848102620697,0.6353901070882203,0.5303267058565847,9.733847033929772,154.89239598278337,24.21694539637479,0.2605612802617594,0.8602402371583145,2.708260814557001,0.834862435198637,0.5504586399487263,88.0,11.0,48.0
220,3231,1.0,alpha,1223.0,138.71067690849304,45.886871337890625,26.652503523161755,77.90524291992188,1.25862059043473,0.9447663190421012,0.7310454764691224,26.652503523161755,179.40841777084958,33.102076345291394,0.7987604240486794,0.9534489557706508,3.0228837326277698,0.40975609765860294,-0.9121951219073655,44.0,6.0,17.0
220,3230,1.0,alpha,852.5,156.1248904466629,55.02555847167969,15.492800503583457,84.28940677642822,2.1517509971409674,0.775,0.6058393564374153,15.492800503583457,182.92616720955485,33.37961465728902,0.4395010919383664,0.8617775926777858,2.837315872532517,0.19801980492518773,-0.9801980192070328,61.0,6.0,20.0
221,3246,0.8437233134073442,alpha,1065.0,243.13708305358887,96.50220489501953,11.03601727192209,80.53767776489258,4.413533559114804,0.6931337455255451,0.5047328466907658,11.03601727192209,181.30145175064047,43.17836408589493,0.22638991039645856,0.8437569325490313,2.51949769767527,0.32432432521855864,-0.9459459456393513,117.0,20.0,58.0
221,3245,0.9809014514896868,alpha,1231.5,174.95331752300262,70.20256805419922,17.542093318427217,18.43494415283203,2.740740950342489,0.8985771616198468,0.6848514925468882,17.542093318427217,196.9266615737204,46.9445567975573,0.5055916768950256,0.9216329631737381,2.4921213336231745,0.5999998695864777,0.8000000978101252,81.0,9.0,39.0
221,3244,0.994392523364486,alpha,494.5,90.18376553058624,27.28243064880371,18.12521788712704,83.29016256332397,1.125301202544447,0.9225746268656716,0.7475994257006762,18.12521788712704,207.34953271028039,42.22320833631121,0.764045865955107,0.9470772523002107,3.3055619820494493,0.2320819326168055,-0.972696240638797,30.0,10.0,2.0
221,3243,0.9528936742934051,alpha,660.5,182.46803629398346,81.25174713134766,8.129055968879875,76.20051383972168,7.002936759917637,0.825625,0.7006281941958847,8.129055968879875,192.55316285329744,42.29110884140293,0.24929242917493552,0.9392185104046216,2.24571215679848,0.4632801397523732,-0.8862118889470066,86.0,3.0,41.0
221,3256,1.0,proton,376.0,220.93607258796692,92.5188217163086,4.064037922498977,-65.69544982910156,6.122568483100507,0.40042598509052185,0.2689436596448937,4.064037922498977,137.3397435897436,12.933341657513802,0.09679756883357253,0.8679695798815896,2.3880121740571387,-0.7502160969452712,-0.6611927161457569,94.0,8.0,28.0
221,3256,1.0,proton,792.0,258.9360725879669,113.59503173828125,6.972135910175532,-64.09349060058594,7.29372833055016,0.6483831354891527,0.44766804000421895,6.972135910175532,167.98671096345515,25.246335447413365,0.14843965370114384,0.896543734937278,2.279466527942402,-0.7859973882023182,-0.6182298162812387,137.0,4.0,69.0
222,3259,0.9457831325301205,alpha,1240.0,198.85281229019165,80.80195617675781,15.34616312119283,-6.654425144195557,3.370856559769362,0.7774294670846394,0.6402037409985781,15.34616312119283,218.7085843373494,39.393808589990506,0.39406519135364687,0.9162445722353153,2.4609900762203383,-0.23020005814492853,0.9731433261498902,87.0,9.0,30.0
222,3258,0.980060422960725,alpha,1557.0,222.16652059555054,76.17294311523438,20.440328761415604,-1.6846842765808105,2.5781096025941346,0.8384491114701131,0.6918126792116467,20.440328761415604,200.60422960725074,39.26959856986728,0.39640694038952856,0.8244249072339528,2.916606757066708,-0.05877268654648175,0.9982713916145795,102.0,21.0,34.0
222,3264,0.9923371647509579,proton,456.0,141.5979790687561,55.118221282958984,8.273126189233222,7.666801452636719,3.6607593519182178,0.731355252606255,0.5494720867597847,8.273126189233222,146.46168582375478,17.008885086055585,0.28579892878962926,0.8957078528910105,2.568986730211017,0.26443869947472004,0.9644024959632356,77.0,8.0,54.0
222,3264,1.0,proton,306.5,166.6690467596054,75.72595977783203,4.047489142418564,-2.385944128036499,6.294117721662671,0.5497757847533632,0.3364153219619089,4.047489142418564,141.76041666666666,21.39691605098871,0.13865337323558807,0.9326353442527736,2.2009499417186125,-0.08318891154231314,0.9965337952103808,80.0,7.0,21.0
222,3257,0.9701269604182226,alpha,1262.5,185.37972366809845,78.90609741210938,16.000030940653893,-32.347442626953125,3.41291081936632,0.8770406391108023,0.6920463753562002,16.000030940653893,225.65421956684094,34.94813081401015,0.4616541988354487,0.9463576528262428,2.349371338185698,-0.9040443961811472,0.4274385683738248,75.0,2.0,35.0
223,3267,0.8844444444444445,alpha,2108.0,331.7056245803833,136.4199676513672,15.452283388507855,-59.95356369018555,5.291309638373099,0.6886638353479255,0.5993463965439133,15.452283388507855,212.47155555555557,40.03446670366566,0.2407547138485061,0.892481956475945,2.4315034689649333,-0.8668347322206487,-0.4985955746052669,165.0,17.0,91.0
223,3281,0.9850074962518741,v_track,609.0,122.28427076339722,47.1301383972168,12.92166797532603,-4.236394882202148,2.6040816283515618,0.9248291571753986,0.7139609457245374,12.92166797532603,208.22938530734632,32.969203385675215,0.5117831236282053,0.959050258873799,2.5946087773554796,-0.14733970273414798,0.9890859477306373,52.0,3.0,27.0
224,3284,1.0,alpha,871.5,135.63960921764374,37.499427795410156,23.240354619668878,-15.945395469665527,1.1008063229244645,0.8825316455696203,0.6822271916231641,23.240354619668878,174.08485499462944,28.56647130783076,0.5952565674829349,0.8567213242570296,3.6171114385442893,-0.5283018740109919,0.8490566117264937,50.0,14.0,3.0
224,3284,0.9933130699088146,alpha,1529.5,266.69343197345734,89.17662048339844,17.151356394860684,-55.61965560913086,2.687172776524133,0.6911432444645278,0.5168244516881284,17.151356394860684,182.6370820668693,34.0436903088418,0.27023071167458684,0.7750025549164538,2.9906205295490684,-0.9320754674875005,-0.36226416177695175,130.0,14.0,62.0
224,3283,0.9684244791666666,alpha,2937.0,317.7056245803833,136.8473663330078,21.46186717874446,63.4349479675293,5.100000334088635,0.9034143340510612,0.7998365822796385,21.46186717874446,220.693359375,36.63243465021264,0.36564867454758704,0.9373854408502712,2.321605691754933,0.8000000179153028,-0.5999999761129288,144.0,13.0,89.0
224,3282,0.9808510638297873,alpha,431.0,87.5979790687561,32.68238067626953,13.187533805116784,-68.19859313964844,1.9775280535792434,0.9514348785871964,0.79794425979741,13.187533805116784,223.40425531914894,36.47958308276362,0.7058281262981809,0.9471961510602057,2.68028146224857,-0.6896551060359033,-0.7241379942515149,37.0,3.0,24.0
224,3293,0.9863013698630136,v_track,889.0,128.76955199241638,44.28304672241211,20.075402796304616,-6.34019136428833,1.7587719404566173,0.9397463002114165,0.7973266914725426,20.075402796304616,227.80821917808217,32.70539531819334,0.6737290217344857,0.9556196055421705,2.907874717826151,-0.21951218212575013,0.9756097590217061,52.0,7.0,32.0
225,3297,1.0,alpha,1430.0,181.33809351921082,73.74417114257812,19.391363111739583,39.559669494628906,2.8497408799401915,0.9276678559844308,0.7493522446736472,19.391363111739583,229.53183023872677,34.066204385954386,0.5464718690092201,0.9442900234550523,2.4590159562388862,0.9820224819626812,0.18876399264652027,67.0,7.0,33.0
225,3294,0.9846913580246913,alpha,1925.0,218.71067690849304,87.09445190429688,22.10244117633661,-13.091893196105957,3.083400397672738,0.9248138361758347,0.7824915872659891,22.10244117633661,219.51802469135802,33.29518996958117,0.5057089367276905,0.9358252372347726,2.5111895433801195,-0.44125192819092196,0.8973832714441435,102.0,8.0,59.0
226,3307,0.961369622475856,alpha,1077.5,137.9827550649643,53.21520233154297,20.247973375858404,-3.814074754714966,1.9230769018685354,0.9518551236749117,0.7317159045298203,20.247973375858404,235.18525021949077,28.692611344126952,0.7111766983597085,0.9485772106335366,2.5929198616083418,-0.1327433600787348,0.991150442846598,57.0,4.0,22.0
226,3306,1.0,alpha,1522.0,180.36753106117249,72.76849365234375,20.915645269111312,41.987213134765625,2.3365154707388425,0.9238239757207891,0.6715781281009139,20.915645269111312,229.23096129837703,34.60525156540373,0.5879058685458407,0.9377182954575952,2.478648684455256,0.9944751404628008,0.10497235351030533,69.0,8.0,30.0
226,3321,1.0,v_track,1041.0,202.99494767189026,61.659339904785156,16.883087000404487,-6.009006023406982,2.111111227207791,0.7736900780379041,0.5780482660294223,16.883087000404487,197.82728077945086,38.47370721431841,0.317460821457317,0.7356496052798209,3.292201116414102,-0.20821918033254255,0.9780821913017557,90.0,28.0,25.0
226,3320,0.999116217410517,v_track,2127.5,300.8944424390793,132.69281005859375,16.033272632183692,-75.25643920898438,6.468982395846119,0.8622087132725431,0.7816471620398877,16.033272632183692,227.60671674768008,32.1080256416957,0.29529160483057865,0.9428224996909941,2.267601705821227,-0.49222791712344294,-0.8704663563885263,154.0,9.0,99.0
227,3329,0.915702479338843,proton,561.5,94.5269113779068,28.0,20.053571428571427,-90.0,1.12,0.9748263888888888,0.8021428571428572,20.053571428571427,224.41157024793387,35.089084243843175,0.7896755455315899,0.9639031947828235,3.3759611206395284,-1.2246467991473532e-16,-1.0,23.0,0.0,9.0
227,3329,0.9924783753290711,proton,2460.5,458.3746713399887,197.22120666503906,12.475838889774764,-26.565052032470703,6.5820888083172076,0.5600318652554911,0.41637043459643197,12.475838889774764,201.35201203459948,35.20259164242867,0.14716075600124592,0.9149563077907756,2.324165230965721,-0.8000000179153027,0.599999976112929,241.0,17.0,172.0
227,3322,0.9994652406417113,alpha,3563.0,398.3919162750244,154.82778930664062,23.01266468995034,5.710594177246094,4.298342454840965,0.7811027074427271,0.638879584077292,23.01266468995034,208.75106951871658,35.81659029789634,0.28210101654602443,0.8541818139943926,2.5731292687128566,0.1980198375555028,0.9801980126150492,174.0,25.0,53.0
228,3336,1.0,alpha,2371.5,256.5512965917587,110.13080596923828,21.533484469934844,72.80145835876465,3.842857262654717,0.923481308411215,0.7513802015456549,21.533484469934844,217.01167471819645,35.22811938071529,0.4527772164572925,0.9357271264484284,2.3295143836813343,0.5649249991976376,-0.8251422576026204,123.0,9.0,82.0
228,3334,0.99,alpha,1129.5,166.75230705738068,66.86624145507812,16.89193194384669,-37.405357360839844,2.751923204935462,0.8862298940761083,0.6951983314882728,16.89193194384669,218.85000000000002,36.30490095473792,0.5104490464758348,0.9382600411506776,2.493819054708013,-0.9650655088546605,0.26200870905199936,62.0,5.0,32.0
228,3348,1.0,v_track,2495.5,325.23758828639984,130.94053649902344,19.05826924741989,-86.3785171508789,4.722095528772085,0.8097014925373134,0.6872964660569202,19.05826924741989,213.20385779122543,35.15538837165963,0.296459911214364,0.8782608253904005,2.4838571536540597,-0.12607717802492038,-0.9920204358687741,158.0,13.0,45.0
228,3333,0.5405152224824356,alpha,1998.5,331.0609630346298,126.66845703125,15.777408573840573,-42.61405563354492,4.917715066328051,0.6582674571805006,0.6125344988772339,15.777408573840573,214.16674473067917,34.186186994259785,0.22913850145129522,0.8465565836306836,2.613602240003245,-0.9965337945180511,0.08318891983584455,125.0,23.0,46.0
228,3347,1.0,v_track,1972.0,288.59292674064636,125.34969329833984,15.73198903093062,69.51298522949219,6.422469016552975,0.8955495004541326,0.8060507326446036,15.73198903093062,223.519313304721,32.22605440706635,0.2975400348247986,0.9332584846149995,2.3023026155618727,0.6557168743826833,-0.7550068745712215,164.0,9.0,137.0
228,3331,0.9901269393511989,alpha,650.0,130.911687374115,51.34839630126953,12.658623186327818,-76.29303741455078,2.8588385350014436,0.8766014834794336,0.7047729310339141,12.658623186327818,230.84344146685473,26.7122688304242,0.47661354364448766,0.9401871998632252,2.5494795710081086,-0.46041554591326445,-0.8877035119235424,51.0,5.0,26.0
229,3354,1.0,alpha,1720.0,226.30865597724915,94.27760314941406,18.24399372217907,77.19573307037354,3.4983550971604567,0.9021767637031209,0.6769791159136526,18.24399372217907,169.06710671067106,28.957347080399284,0.4220228636876952,0.9098477462090233,2.400449824955649,0.43222006650011163,-0.9017681598474405,99.0,9.0,56.0
229,3352,1.0,alpha,964.0,161.88224983215332,56.299190521240234,17.122803917337098,-31.50426483154297,2.018737600886475,0.820774797786292,0.6139777105230954,17.122803917337098,181.87355212355212,37.36593067773518,0.462262256340857,0.8780102519388958,2.875392138561554,-0.8910741002003884,0.45385784993989947,75.0,11.0,32.0
229,3368,1.0,v_track,1252.5,208.89444243907928,73.27859497070312,17.09230370070211,-87.51044464111328,2.3895182618074826,0.7872407291011942,0.5573574636019719,17.09230370070211,175.69448584202684,37.185729711600686,0.36068977157427395,0.7937401503593045,2.8506884243972683,-0.0867925375726171,-0.9962264077114729,93.0,19.0,27.0
229,3351,0.9824281150159745,alpha,582.5,97.84061968326569,37.96282958984375,15.343956346073767,-49.398704528808594,1.7326731863062845,0.9652029826014913,0.7003182328592487,15.343956346073767,155.65974440894567,20.628407378879093,0.7646582954276766,0.9653117468576066,2.577274158442634,-0.988235298528373,-0.15294114797051026,37.0,2.0,23.0
229,3350,1.0,alpha,564.5,91.01219260692596,27.0,20.90740740740741,-90.0,1.0,0.9716006884681584,0.7743484224965707,20.90740740740741,182.29917355371902,26.020362324828113,0.8563960505999451,0.9601342303819064,3.3708219484046653,-1.2246467991473532e-16,-1.0,18.0,6.0,0.0
229,3367,0.9939982852243499,v_track,3364.5,313.8061298131943,132.09429931640625,25.47044056716629,66.80141067504883,4.106122543842819,0.9231719028673343,0.7917431013728891,25.47044056716629,213.19662760788796,35.4549523998128,0.4293461285533154,0.9361320766416987,2.3756220475611336,0.7241379024183762,-0.6896552024607038,149.0,5.0,106.0
229,3349,0.9945255474452555,alpha,1534.0,247.82337474822998,92.19293212890625,16.639019549298272,-72.12129974365234,3.483758522516988,0.7814569536423841,0.62875021785992,16.639019549298272,214.94099756690997,36.80121253129737,0.313870638024817,0.8482573618993089,2.68809516115311,-0.5843544863477259,-0.8114985115730561,113.0,14.0,45.0
230,3385,0.9694117647058823,v_track,1598.5,243.66399443149567,102.89688873291016,15.534969226807553,-56.309932708740234,4.168539489065037,0.783962726826876,0.6293497644175653,15.534969226807553,187.5541176470588,41.02069794037614,0.3383294368151925,0.921578587037333,2.368040447403373,-0.9230769199256638,-0.384615392178407,105.0,14.0,51.0
230,3376,0.9224806201550387,electron_positron,63.0,144.911687374115,65.47930145263672,0.962136104117878,-79.5085220336914,10.576470426945129,0.20521172638436483,0.15540795069812352,0.962136104117878,132.47286821705427,25.21537537573494,0.037700194130173455,0.9254688014634725,2.2130915290679187,-0.3580902167682434,-0.9336869907280879,67.0,6.0,15.0
230,3384,0.9973464746019712,v_track,2534.5,254.29141104221344,106.55215454101562,23.786473496642277,40.91437911987305,3.4057968885106025,0.933861459100958,0.7603027622714085,23.786473496642277,189.34078847611826,48.078123147465504,0.4925369040834903,0.935406379923045,2.3865440557030486,0.9898476953937736,0.14213212136471873,115.0,4.0,66.0
231,3401,0.9902363823227133,v_track,1846.5,238.83556735515594,87.20001983642578,21.175453898562846,36.869895935058594,2.6748470464474465,0.8349536513678498,0.6495537549647942,21.175453898562846,178.844295991778,53.00928684796912,0.40678147929265224,0.8478104752501442,2.7389393695457387,0.9599999832790487,0.2800000573289695,100.0,17.0,48.0
231,3400,0.9996098322278579,v_track,2463.5,240.4924215078354,99.94007873535156,24.64977045418909,-59.981632232666016,3.0697402471709525,0.9264761188416698,0.7571376108990762,24.64977045418909,155.7491221225127,36.86683275789265,0.5352536531851775,0.9441932487871469,2.4063661401015746,-0.8663458037753794,-0.4994446398559021,94.0,11.0,52.0
231,3387,0.9847094801223242,electron_positron,220.0,258.3919162750244,108.96932220458984,2.018916843283196,-46.54815673828125,6.839328073248688,0.20146520146520147,0.12671488052294944,2.018916843283196,143.9816513761468,31.428083523660824,0.041407088956089445,0.8709261248289044,2.37123541789031,-0.9985401477967611,-0.05401456505446001,118.0,16.0,62.0
232,3408,0.9165628891656289,alpha,750.5,119.15432798862457,31.963632583618164,23.479809375128482,-76.60750579833984,1.025259971265078,0.8839811542991755,0.7531343198329549,23.479809375128482,205.43586550435865,47.24556878380712,0.6642643073571591,0.9133486503085734,3.727809336967943,-0.4506436661364608,-0.8927039185368741,44.0,12.0,8.0
232,3407,0.9773123909249564,alpha,512.0,132.42640614509583,58.13672637939453,8.806825424925693,85.71084690093994,4.425047394804657,0.854045037531276,0.6703270433348524,8.806825424925693,200.66841186736474,47.50910628711459,0.3668855767212627,0.9464099453798153,2.2778442198636055,0.1491609616159227,-0.9888129284803133,60.0,6.0,28.0
232,3406,0.9183673469387755,alpha,75.5,46.72792184352875,20.592195510864258,3.6664376054591594,-11.309932708740234,3.7500004558878963,0.9151515151515152,0.6676870703127528,3.6664376054591594,158.79591836734693,29.5928008287708,0.434514108093957,0.964063693919749,2.2692054287691428,-0.3846153921784071,0.9230769199256637,17.0,3.0,1.0
232,3404,0.9884754692130392,alpha,2871.0,374.73506212234497,136.4897003173828,21.034554206830215,-13.722296714782715,4.434128480455885,0.7503920543648719,0.6833476494220165,21.034554206830215,165.413895291406,36.823649245647104,0.25691791976190015,0.825441082569239,2.745518975065257,-0.46089063397151353,0.8874569417821556,179.0,20.0,83.0
232,3417,0.9731182795698925,proton,268.0,221.7401144504547,99.6767807006836,2.6886903661622976,-5.136378765106201,11.092154875690841,0.3507853403141361,0.29920077418838215,2.6886903661622976,134.7956989247312,14.640170940144868,0.06849456680999015,0.9320730147457558,2.224591453412921,-0.17833438632248977,0.9839699419468976,107.0,8.0,26.0
232,3417,1.0,proton,373.5,175.63960921764374,74.54522705078125,5.010381144128337,-7.001267433166504,6.938411763311755,0.527542372881356,0.46634893801334426,5.010381144128337,136.85209713024284,12.971278384606459,0.15214425075719332,0.8992947931553064,2.356148289655025,-0.24196482295704544,0.9702850222750868,75.0,9.0,23.0
232,3402,0.9775967413441955,alpha,447.0,100.91168737411499,41.0997428894043,10.875980445980812,-31.429561614990234,2.4700854896805526,0.8913260219341974,0.6536440278460341,10.875980445980812,221.6456211812627,33.894659447683274,0.5516129466578702,0.9443440743923085,2.455287558505153,-0.8898875767571329,0.4561798995279361,48.0,1.0,30.0
233,3438,0.9920634920634921,v_track,575.5,119.01219260692596,42.705196380615234,13.476111779718481,86.18592500686646,2.3260869452293074,0.8463235294117647,0.7340232650816919,13.476111779718481,211.55873015873016,40.67481040597619,0.5105899697784572,0.9028640203825158,2.7868316433020324,0.1327433683274637,-0.9911504417418575,69.0,6.0,40.0
233,3437,0.9389400921658986,v_track,1638.0,210.56854152679443,87.92021179199219,18.630528369009113,5.290077209472656,4.044105217333477,0.9254237288135593,0.8569567275047381,18.630528369009113,223.6635944700461,38.488803351015505,0.4642338276592933,0.9539981339158687,2.3949958403759566,0.18361087954917935,0.9829990055494343,107.0,6.0,54.0
233,3418,0.9447300771208226,alpha,713.0,144.56854152679443,51.64260482788086,13.806429833978182,-24.443952560424805,2.1894736314353436,0.7327852004110997,0.5853464240718841,13.806429833978182,229.3007712082262,29.10135686059339,0.42869833275852004,0.8675440569886216,2.7994045228474733,-0.7534246065803835,0.6575343049599728,65.0,11.0,18.0
234,3453,0.9852700490998363,proton,485.5,281.722869515419,96.81698608398438,5.014615922652773,-71.22196960449219,5.655973834538645,0.399752984767394,0.2929500038782629,5.014615922652773,151.1325695581015,26.200669081853775,0.0768696478801674,0.7341158160368846,2.90984961328002,-0.6095373903984558,-0.7927573208152925,144.0,14.0,68.0
234,3453,1.0,proton,220.0,98.08326029777527,35.7623291015625,6.151724608741659,-56.88865661621094,2.611701827587864,0.5812417437252312,0.4492568243483298,6.151724608741659,148.5893536121673,18.904769369272415,0.28737088008694484,0.846043824958538,2.7426418458156263,-0.9151193834280292,-0.40318297840348327,46.0,3.0,26.0
234,3440,0.9910496338486574,alpha,1165.5,146.1248904466629,55.928836822509766,20.838981574008336,25.70995330810547,1.9717645172845333,0.9353932584269663,0.7346758269687177,20.838981574008336,199.0561432058584,43.45678741873782,0.6859204399770377,0.9471960593723484,2.6126931784830503,0.7817371834740474,0.6236080307164618,51.0,6.0,26.0
234,3439,0.997805814591333,alpha,3471.0,396.8771975040436,141.3961944580078,24.548043978869785,-70.01689147949219,2.8436429831467374,0.6958003407838027,0.4936898993503089,24.548043978869785,222.99890290729567,32.740255029547086,0.27691863553655616,0.8047628877297132,2.806844972209695,-0.6423358198925555,-0.7664233128519503,202.0,27.0,105.0
235,3462,1.0,electron_positron,44.0,139.53910398483276,61.68303298950195,0.7133241973929607,69.67686462402344,9.812154511740268,0.1546572934973638,0.11347119138862823,0.7133241973929607,100.01923076923077,25.916649225943345,0.02839688355882908,0.9145296394794397,2.2621958944298575,0.6513871750090584,-0.7587455095311723,61.0,3.0,12.0
235,3465,1.0,proton,1418.5,346.7766922712326,145.3523406982422,9.759044767946792,17.94940185546875,8.095521571187836,0.6242024202420242,0.543538253691545,9.759044767946792,128.63880025526484,24.317690490681123,0.14823112497308935,0.8806530369034081,2.3857661363098113,0.5863554436003738,0.8100538832449412,172.0,14.0,93.0
235,3464,0.9877300613496932,proton,441.5,109.15432798862457,40.74597930908203,10.835424929929033,14.036247253417969,2.301369739051821,0.810091743119266,0.6119945934873682,10.835424929929033,125.40490797546013,24.717952055659598,0.4656489751548535,0.8969564207197389,2.6788981352153862,0.4705883518869788,0.8823528789936014,42.0,7.0,19.0
235,3464,0.8421052631578947,proton,105.5,106.32590091228485,44.38401794433594,2.3769817354596525,14.036247253417969,4.815789492745638,0.44893617021276594,0.25790913477980193,2.3769817354596525,96.96052631578947,20.310705492860897,0.11726925906705482,0.8882462938196364,2.3955898054482834,0.4705883518869788,0.8823528789936014,45.0,3.0,9.0
235,3454,0.943778801843318,alpha,1025.5,133.15432798862457,47.74504089355469,21.47867047148004,51.00900650024414,1.5693430766761627,0.9238738738738739,0.7059875155573746,21.47867047148004,206.59078341013824,52.58583773033398,0.7268335311546829,0.9398538645107638,2.7888619529195893,0.9780821878359979,-0.20821919661248278,45.0,11.0,11.0
235,3464,0.9624183006535948,proton,1085.5,321.8061298131943,127.03446960449219,8.544924880464212,24.341087341308594,5.191489600519066,0.5099835564951845,0.34920355705234424,8.544924880464212,112.62663398692811,13.935553455383927,0.13171980136260328,0.8384360965224565,2.5332189823368583,0.7510587637147389,0.6602353621605616,161.0,13.0,79.0
235,3464,0.9983539094650206,proton,1071.0,344.81832242012024,135.609619140625,7.897669846630793,29.167613983154297,8.337078375002214,0.5963251670378619,0.48553703570964224,7.897669846630793,125.41728395061727,21.96352076682904,0.11319276418567216,0.8114232418751126,2.542727607416618,0.8511340316785876,0.5249484356758796,159.0,27.0,56.0
236,3468,0.9707909419100755,alpha,2901.0,321.4802289009094,112.63357543945312,25.756085507198076,86.98721265792847,3.31733729172839,0.878691503861881,0.7585804020569602,25.756085507198076,205.16901870692485,42.08037675799908,0.35273540654296254,0.8121509291914011,2.854213121146306,0.10497237006310234,-0.9944751387155614,165.0,24.0,62.0
236,3482,1.0,proton,185.0,297.36247873306274,132.7002410888672,1.3941195470482115,29.407188415527344,20.944995679556047,0.23432552248258393,0.22004351800804023,1.3941195470482115,135.71521035598707,18.488948725001855,0.026291130199379825,0.9109958122561833,2.240858617083626,0.8554942181421716,0.5178123624686015,134.0,3.0,46.0
236,3467,0.9472588480222068,alpha,2735.5,362.6589421033859,160.32675170898438,17.062030951424237,-34.78913116455078,6.5210971329944005,0.8071702567128947,0.693977517378713,17.062030951424237,218.0909090909091,37.01678343682883,0.26136642791857573,0.9340899950906411,2.2619989380291505,-0.9371496759204602,0.3489276213230711,158.0,16.0,76.0
236,3482,1.0,proton,95.5,119.63960921764374,51.88390350341797,1.8406479380200975,27.8240966796875,8.836819654162777,0.3466424682395644,0.313497496849262,1.8406479380200975,157.85714285714286,15.936523746276775,0.08384231552423448,0.9140482790610661,2.305909947769489,0.8255884186133261,0.5642727736224276,52.0,4.0,15.0
237,3485,0.9980353634577603,alpha,962.5,121.84061968326569,38.0,25.32894736842105,-90.0,1.1875,0.9586653386454184,0.7915296052631579,25.32894736842105,197.15815324165027,43.48216825456123,0.8147538172473334,0.9617059070574571,3.2063320969280444,-1.2246467991473532e-16,-1.0,25.0,8.0,0.0
237,3493,0.956979405034325,proton,1912.5,645.3107439279556,295.7078552246094,6.4675319448221344,-64.52616119384766,25.078005584947057,0.6513964577656676,0.5484900024379704,6.4675319448221344,180.62608695652176,34.907760200515376,0.05771298220122046,0.9232921306649597,2.1822576997077068,-0.7765709434107045,-0.6300298166358544,341.0,27.0,254.0
237,3484,0.9736842105263158,alpha,1227.0,263.64674949645996,120.96133422851562,10.143737317596031,-46.12330627441406,8.867886636723243,0.8276559865092749,0.7436550958937334,10.143737317596031,210.75639097744363,41.571019679585824,0.22182453724180193,0.9579485143104673,2.1795952498208098,-0.999231355620098,-0.039200739095343544,128.0,2.0,83.0
237,3493,0.9931350114416476,proton,385.0,120.22539567947388,53.221988677978516,7.233852202131263,-65.09523010253906,5.102484347113725,0.8700564971751412,0.6935219548829317,7.233852202131263,183.13729977116705,28.06023930367847,0.3347173028940197,0.9428991464589416,2.258942190358609,-0.7639034872885762,-0.6453305061039283,58.0,3.0,38.0
238,3501,0.9989743589743589,alpha,909.0,157.33809351921082,54.44721603393555,16.695068475740683,45.0,2.2647057003485513,0.816711590296496,0.6944233240714033,16.695068475740683,178.0194871794872,34.98794854413103,0.46143016299562334,0.8468325126842865,2.889736243284616,1.0,6.123233995736766e-17,66.0,14.0,18.0
238,3502,0.6702127659574468,alpha,815.0,284.45079135894775,123.95149230957031,6.575152786095773,71.22196769714355,9.770149305116798,0.5808980755523877,0.5182690682228309,6.575152786095773,195.34255319148937,46.02847982698688,0.12657652837916616,0.9054851456661634,2.294855721853905,0.6095374431794656,-0.7927572802328843,133.0,6.0,69.0
238,3513,0.9980142970611596,v_track,2350.5,396.3746713399887,97.0,24.2319587628866,0.0,1.2933333333333332,0.5334770767135724,0.32309278350515463,24.2319587628866,218.53891977760125,35.45317469079463,0.18800020796533687,0.7369680695850945,4.086336817938028,0.0,1.0,193.0,8.0,102.0
238,3494,0.99906191369606,alpha,1006.0,134.56854152679443,45.22056579589844,22.246515104223782,-18.434947967529297,1.349056526473341,0.9463781749764817,0.6636760479313366,22.246515104223782,230.60881801125703,30.41010924028852,0.6981050083954101,0.9420924027306322,2.9758261348202764,-0.5999999761129289,0.8000000179153027,38.0,4.0,8.0
239,3516,0.9774436090225563,alpha,347.0,118.56854152679443,30.472076416015625,11.387474724814698,-70.34617614746094,1.3206998323347987,0.6349496797804208,0.49354811777365615,11.387474724814698,185.734335839599,37.81758881866531,0.3101704236590683,0.7370998649806733,3.891055532549031,-0.6334841573451588,-0.7737556606530863,60.0,10.0,33.0
239,3515,0.9635584137191854,alpha,861.5,162.1248904466629,61.563419342041016,13.993699654880778,-70.8663558959961,2.8206713497597264,0.7257792754844145,0.6411539208757046,13.993699654880778,222.87138263665594,35.659316978458875,0.41187530596451216,0.9124909870639006,2.6334614317946032,-0.6193308796320621,-0.7851300921084201,80.0,9.0,41.0
239,3528,0.9811320754716981,v_track,627.5,147.92387998104095,61.42281723022461,10.21607324926189,-48.91824722290039,3.155908716015661,0.7309260337798485,0.524902569837436,10.21607324926189,220.83599419448475,35.51676288842403,0.3603686599768825,0.9297692145560496,2.40828875410572,-0.9906611957078617,-0.13634659995272935,73.0,7.0,55.0
240,3538,0.9646201873048907,proton,2538.5,863.0407537221909,400.4941711425781,6.338419340181308,56.67878723144531,32.57583252110028,0.6013977730395641,0.5155612784205579,6.338419340181308,185.39507457509538,29.853085813541913,0.04282766763343288,0.9359149765104608,2.1549396118800033,0.9180484482955448,-0.39646821635806123,405.0,36.0,240.0
240,3530,0.5979754157628344,alpha,1260.0,307.78888487815857,130.40000915527344,9.662576008715295,36.869895935058594,7.010753036606634,0.6081081081081081,0.519493323147544,9.662576008715295,205.62762111352131,42.956410879261725,0.1671377474413347,0.8944681937746349,2.3603440434705787,0.9599999832790487,0.2800000573289695,109.0,17.0,37.0
240,3529,0.949490474080638,alpha,2132.0,301.0193328857422,126.50270080566406,16.853395116640396,-51.241912841796875,4.934875476773428,0.7662174303683738,0.6574516253945298,16.853395116640396,231.99069561364644,28.238656346866506,0.29567069796443146,0.914187381333784,2.3795486655116873,-0.9763570680555272,-0.21616400176258432,125.0,7.0,64.0
241,3543,0.9985250737463127,alpha,626.5,116.32590091228485,40.44708251953125,15.48937428793469,-73.49563598632812,1.6364942527626845,0.8805340829234013,0.6267021110572053,15.48937428793469,194.02802359882006,34.62629117645452,0.5818058583203595,0.9274248910612564,2.8760022643441077,-0.5447667857432105,-0.8385875918179394,55.0,6.0,19.0
241,3544,0.9801084990958409,alpha,505.0,108.91168737411499,44.14147186279297,11.440488472376169,10.007980346679688,2.523178609389192,0.8993766696349065,0.6539518184665426,11.440488472376169,201.23508137432188,36.871298555671224,0.5349981359655813,0.9532708204002215,2.467332482991287,0.342281897077431,0.9395973089217928,47.0,3.0,25.0
241,3542,0.7600222717149221,alpha,1670.0,281.4802289009094,105.05758666992188,15.896043807354307,5.5275421142578125,3.5449620004035354,0.6755663430420712,0.5363807892415092,15.896043807354307,209.74443207126947,43.280934032612706,0.264868641531562,0.833176261768615,2.6792946404269307,0.19175264455603092,0.9814432858325378,108.0,13.0,23.0
241,3543,0.9798711755233495,alpha,1166.5,165.9827550649643,65.43079376220703,17.827997077941195,-80.53767395019531,2.884058180585532,0.905667701863354,0.7858223606908132,17.827997077941195,219.1537842190016,36.64520262426898,0.5320698734530559,0.9406452176641502,2.5367681716989394,-0.3243244511788774,-0.9459459024529469,72.0,12.0,27.0
241,3552,0.987546699875467,proton,2883.5,791.2762540578842,343.0537109375,8.40538932553724,56.92073440551758,17.177059313347176,0.538468720821662,0.42086666429570424,8.40538932553724,185.57191780821918,35.7664800034728,0.0578726746186176,0.8796006388239851,2.3065666653057852,0.914667355344204,-0.40420740847693487,393.0,35.0,205.0
241,3541,0.9827387802071347,alpha,808.0,143.1959581375122,52.052650451660156,15.522744624702003,36.52885437011719,2.304347804059788,0.8623265741728922,0.6871850362765168,15.522744624702003,193.1035673187572,38.14189302308823,0.4951761346285542,0.8825482289278563,2.750983031507575,0.9565987498243594,0.29140835923918273,72.0,9.0,39.0
241,3540,1.0,alpha,1164.5,154.75230705738068,59.491790771484375,19.574129218483176,38.41805648803711,2.298538679822103,0.9187376725838264,0.7562706139631805,19.574129218483176,211.33441822620014,38.067790524727506,0.611047670016457,0.9396264906719359,2.601238003606316,0.9737226368252471,0.22773718742025423,63.0,6.0,31.0
241,3539,0.9823008849557522,alpha,1616.5,186.89444243907928,74.63195037841797,21.659624219970254,-49.63546371459961,2.676229384860262,0.9271580154860912,0.7766931255126095,21.659624219970254,226.1221238938053,32.21963453806335,0.581557684216265,0.9424713349343168,2.50421490382389,-0.9869375890932952,-0.16110305780683992,69.0,6.0,25.0
241,3539,0.9805013927576601,alpha,664.5,121.9827550649643,44.72718048095703,14.85673795787142,-40.10090637207031,1.9288193440561778,0.8557630392788153,0.6406834335313532,14.85673795787142,218.87186629526462,29.619739797193223,0.5611874799052687,0.9159555191303402,2.7272623436860606,-0.985413283138646,0.17017832239716876,46.0,3.0,16.0
242,3557,0.9950019223375625,alpha,2460.0,324.73506212234497,141.00001525878906,17.44680662257346,67.38013648986816,4.571072900844829,0.8035276825085742,0.5656072080017345,17.44680662257346,225.8242983467897,34.07086438893699,0.29314777753547266,0.9121478910453256,2.303085297730867,0.7100591362549995,-0.7041420474739483,154.0,18.0,79.0
242,3564,0.9951783992285439,v_track,2975.0,325.50461411476135,134.30056762695312,22.15180510825287,32.17121887207031,4.560500806661014,0.8329833403331933,0.7522181540274454,22.15180510825287,222.11893281902923,33.106123715549934,0.3528438366296799,0.9229329185216495,2.423702444943613,0.9013979760259088,0.43299155744240014,143.0,12.0,75.0
242,3563,0.98562874251497,v_track,772.0,148.02438521385193,62.60990524291992,12.330317335647136,-26.565052032470703,4.117647715539094,0.9437652811735942,0.8109244505643285,12.330317335647136,215.81437125748502,32.64580793153835,0.4427521026303315,0.9438485174847296,2.3642326983171866,-0.8000000179153027,0.599999976112929,64.0,7.0,40.0
243,3568,0.9916805324459235,alpha,1652.5,347.4629839658737,123.52611541748047,13.377737933513538,67.61986351013184,4.077199485200782,0.668216740800647,0.44155607121078266,13.377737933513538,203.50083194675543,38.174663165425805,0.17200229520475738,0.7463968444808337,2.812870645138926,0.7041420474739484,-0.7100591362549994,164.0,21.0,72.0
243,3583,0.9990023279015631,v_track,2861.5,343.26197350025177,133.35977172851562,21.4569953360841,28.855663299560547,4.04171165875962,0.7774758864284744,0.650293466221181,21.4569953360841,199.17392750249417,38.76371008807796,0.30517729849117897,0.8593839805883662,2.57395441707144,0.8453674509225607,0.534185242140488,148.0,19.0,65.0
243,3565,0.9745087626128518,alpha,1772.0,289.5878744125366,133.0491485595703,13.318386620164048,46.1233024597168,8.523979563781312,0.9304279338409032,0.853261043771263,13.318386620164048,218.6866702071163,34.12319637373669,0.2655295351748752,0.9717050296521649,2.17654812186099,0.9992313608399833,-0.039200606039639804,126.0,3.0,65.0
243,3582,0.967843137254902,v_track,1201.0,170.02438521385193,66.63482666015625,18.023608076977684,-26.565052032470703,2.865384777844313,0.8972730668658947,0.7750387419629038,18.023608076977684,217.04156862745097,33.55303436630535,0.5220720523274333,0.9413675790189091,2.551584415173644,-0.8000000179153027,0.599999976112929,71.0,7.0,41.0
244,3586,0.9964726631393298,alpha,489.5,178.2670258283615,60.011539459228516,8.156764589126453,78.69006824493408,3.0909092873860238,0.5512387387387387,0.42011619183142535,8.156764589126453,168.2416225749559,31.98252106705538,0.193562187897231,0.7586065077967176,2.9705457889390603,0.38461536144962505,-0.9230769327293226,84.0,12.0,33.0
244,3598,1.0,v_track,1048.0,170.85281229019165,56.75116729736328,18.466580511176396,20.323135375976562,1.846327537773321,0.804915514592934,0.6007868692399075,18.466580511176396,186.39572192513367,35.298097733776174,0.45115615119206326,0.8248112085961833,3.0105603184329506,0.6513871750090584,0.7587455095311724,72.0,18.0,13.0
244,3584,0.9904479578392622,alpha,2907.5,322.5168067216873,140.07760620117188,20.756351274481418,45.881404876708984,5.633421193247167,0.9169031851151056,0.8347463405122656,20.756351274481418,211.40546772068512,38.51644357890543,0.35125691695651745,0.9383630874101955,2.3024151787581673,0.9995267382882416,-0.0307619805420416,147.0,8.0,71.0
244,3597,0.9982935153583617,v_track,1095.0,180.99494767189026,64.48966979980469,16.979463585396065,-20.556045532226562,2.4061133820502985,0.7946298984034833,0.6335047873509339,16.979463585396065,203.22440273037543,41.04126764904481,0.4200404151852568,0.8504474180590857,2.806572715192262,-0.6575342547976939,0.7534246503583761,62.0,16.0,11.0
245,3601,0.5670419651995906,alpha,852.0,278.6518018245697,114.45415496826172,7.444028574028271,86.56636953353882,7.060344373179818,0.5737373737373738,0.4592005005934867,7.444028574028271,203.51995905834187,41.886475476442925,0.1378877698415793,0.8575587065462714,2.4346149941156807,0.1195695532259733,-0.9928258265886022,124.0,19.0,48.0
245,3617,0.9196710942441493,v_track,1450.0,304.73506212234497,121.42184448242188,11.941838029069928,-57.38075637817383,4.7483534421003855,0.6069485140226036,0.467000546335371,11.941838029069928,212.9943074003795,38.41303993988932,0.19621536572337284,0.8499740363327355,2.5097218990645556,-0.9080590318870024,-0.4188422072910513,148.0,19.0,68.0
245,3617,0.9052701801200801,v_track,1357.5,343.546244263649,150.9391326904297,8.993691535144698,60.906179428100586,10.99537630666838,0.7249666221628839,0.6551582817017476,8.993691535144698,217.70647098065376,38.510430625987446,0.14453708514151317,0.9096564002574723,2.2760581576167462,0.8497790074109921,-0.5271391074124449,143.0,21.0,71.0
245,3599,0.998351195383347,alpha,1134.0,182.5096664428711,62.0,18.29032258064516,0.0,2.1379310344827585,0.8453224002981737,0.6307007786429366,18.29032258064516,201.19785655399835,31.187893131963108,0.427810240255912,0.8044336071325752,2.9437042974656626,0.0,1.0,73.0,15.0,17.0
246,3621,0.998589562764457,alpha,2028.0,221.68123936653137,77.83140563964844,26.05631985357473,-4.289153099060059,2.2838330582880673,0.890450054884742,0.7645793387625431,26.05631985357473,225.2665726375176,33.67762384114392,0.5185849789155988,0.869733149894737,2.848223510094282,-0.14916096161592282,0.9888129284803133,97.0,19.0,34.0
246,3631,0.9833101529902643,v_track,640.5,192.69343197345734,86.89356994628906,7.371086265599491,32.53506851196289,7.615285882530817,0.8185303514376997,0.6459963517672674,7.371086265599491,212.48122392211403,32.845605369733214,0.21676800191330506,0.9450507183063854,2.217579874927059,0.9068244441776149,0.4215085140800359,81.0,4.0,46.0
246,3630,0.9541984732824428,v_track,915.0,319.50461411476135,144.9016571044922,6.3146275776554495,-27.377700805664062,12.517805736755045,0.6713132795304475,0.5455098505881508,6.3146275776554495,208.69179389312976,32.088371675452045,0.11263586258836386,0.9260534681156256,2.204975571013371,-0.8166959624161809,0.5770681978528258,155.0,15.0,97.0
246,3629,0.9965397923875432,v_track,4631.5,637.6295045614243,179.15174865722656,25.852385113256755,56.410980224609375,1.729465878557381,0.40695018012476936,0.24956953123716455,25.852385113256755,215.21697537146346,33.60743881753287,0.14315111105990636,0.7135187483080755,3.5591586983692207,0.9217145560740503,-0.3878688916647175,328.0,33.0,157.0
246,3619,0.9691252144082333,alpha,522.0,134.911687374115,53.51995086669922,9.7533721826489,-34.15969467163086,2.4605978474139794,0.7185134205092911,0.44841458575751086,9.7533721826489,229.24871355060034,26.6040446419799,0.36039704276553375,0.907056059015804,2.520773752392563,-0.9292576435457481,0.369432310324643,46.0,8.0,18.0
247,3634,0.9929328621908127,alpha,1605.0,208.85281229019165,63.0,25.476190476190474,0.0,1.8,0.8694474539544962,0.7278911564625851,25.476190476190474,210.83097762073027,32.74073197677833,0.46238554155875755,0.8032736903888319,3.3151240046062167,0.0,1.0,90.0,17.0,25.0
247,3643,0.9156398104265403,v_track,952.0,242.1076455116272,99.73410034179688,9.545381135814315,29.85901641845703,5.544642846728448,0.6704225352112676,0.5306683376358611,9.545381135814315,210.3345971563981,38.263081425744694,0.20409379628882626,0.883059309521854,2.4275312524192287,0.863554299020314,0.5042558602966692,114.0,14.0,40.0
247,3642,0.9360505973295854,v_track,1294.5,307.6051193475723,132.78233337402344,9.74903789613059,-29.124053955078125,8.248062037546497,0.6616406848964989,0.6055825901716518,9.74903789613059,215.45537596626843,35.51811981395792,0.17191936597358895,0.9082662370305159,2.316611792632874,-0.8503348472655612,0.5262420047144231,150.0,18.0,78.0
247,3641,0.9987789987789988,v_track,2316.5,318.3502861261368,127.25962829589844,18.20294488534712,7.1250152587890625,4.580356721764699,0.7844564849305791,0.6551644231401484,18.20294488534712,205.74358974358972,38.01011187322085,0.28723124422058643,0.8617657768794809,2.5015811407677764,0.24615380927256733,0.9692307785974424,166.0,14.0,90.0
247,3641,0.9925053533190579,v_track,828.5,241.722869515419,61.160072326660156,13.546419559069918,-65.55604553222656,2.1420289355512026,0.6025454545454545,0.474440620568002,13.546419559069918,190.84261241970023,32.897867129918026,0.17818325755318262,0.6359266113617058,3.952298620975471,-0.753424650358376,-0.657534254797694,112.0,17.0,46.0
247,3633,1.0,alpha,637.5,133.9827550649643,53.638153076171875,11.885196701211585,-25.942293167114258,2.57226075126869,0.7846153846153846,0.5699641624911922,11.885196701211585,212.2180774748924,33.23678909780574,0.4462644023450923,0.9198457632562638,2.4979002329683975,-0.7867689989792602,0.6172475534541816,60.0,8.0,29.0
248,3646,0.9971428571428571,alpha,314.0,79.11269783973694,29.048322677612305,10.809574221715785,51.34019088745117,1.6460179219693654,0.9114658925979681,0.6125225575077766,10.809574221715785,212.50857142857143,35.44933907446404,0.6304448808079367,0.956622428835905,2.723485920951626,0.9756097626754329,-0.21951216588696287,25.0,1.0,13.0
248,3645,0.9483464566929134,alpha,3008.0,382.534051656723,149.38380432128906,20.13605165343431,-13.045637130737305,4.993646437566744,0.8012786361214704,0.6731139500877086,20.13605165343431,223.2862992125984,37.372914332096954,0.25831373273800556,0.8494810450739015,2.560746483828884,-0.4398024015605631,0.898094564943782,177.0,24.0,74.0
248,3644,0.9653304442036836,alpha,808.5,268.0071402788162,114.23501586914062,7.07751466438416,-66.50143432617188,6.409395130674312,0.5608740894901144,0.39709880269237213,7.07751466438416,219.42903575297942,29.2367350414672,0.14144811324587547,0.8928000913417735,2.3461032349820465,-0.7313195547984,-0.6820349762068437,117.0,15.0,57.0
249,3672,0.8990551964196917,proton,1894.5,286.9188276529312,126.25978088378906,15.004778138683127,-43.128257751464844,6.109521474492179,0.8518435251798561,0.7260587149493893,15.004778138683127,178.33465937344604,46.553679117810994,0.2891920689634751,0.9380087091134548,2.272448325544098,-0.9978663542328992,0.06528965530573946,138.0,7.0,78.0
249,3671,0.9256457083224628,proton,3509.5,803.6437851190567,353.8462219238281,9.918150265726121,-53.3742561340332,16.491889237482713,0.5818136604774535,0.4622602291293537,9.918150265726121,111.09470388729454,20.231497571771243,0.06828541132664705,0.9016464194022598,2.2711667818571644,-0.957578843734609,-0.2881714039107442,383.0,25.0,206.0
249,3671,0.976027397260274,proton,1865.5,447.36961901187897,202.5869598388672,9.208391307534177,-51.49934768676758,12.683743093743692,0.7239037640667443,0.5765270861674586,9.208391307534177,118.57093933463796,14.513114283357673,0.11713107845971225,0.9184706965446129,2.208284380039594,-0.9743751866742951,-0.22492886785255603,218.0,9.0,134.0
249,3671,0.9135446685878963,proton,312.5,79.84061968326569,27.72724151611328,11.270504489903736,-63.4349479675293,1.6756757255218295,0.8573388203017832,0.6811247623439687,11.270504489903736,143.31700288184436,18.392073979124792,0.6160445042320731,0.9407058894923741,2.879501000374216,-0.8000000179153028,-0.5999999761129288,32.0,7.0,9.0
250,3692,0.9734848484848485,proton,2523.0,285.0193328857422,122.64781951904297,20.571095433199,-43.45184326171875,4.385245806610974,0.8897901604655264,0.735514991946707,20.571095433199,168.9151515151515,39.28659746183882,0.39028195883707334,0.9425104908435541,2.323884223979119,-0.9985401477967611,0.05401456505445991,116.0,9.0,54.0
250,3674,0.8545316070068545,alpha,1216.0,223.48022890090942,97.29461669921875,12.49812210843279,68.6293773651123,5.818401814697503,0.8548330404217926,0.7474113041713668,12.49812210843279,200.93145468392993,52.04751937758327,0.30596040274441744,0.9317186446268012,2.2969434125198,0.6786885339613768,-0.7344262208481918,109.0,7.0,69.0
250,3691,0.985702614379085,proton,2243.0,485.0437180995941,186.60833740234375,12.019827362610801,-54.825279235839844,7.68547743331723,0.5813893208916537,0.49503743098326336,12.019827362610801,118.19240196078432,19.48395077222879,0.1198056690961339,0.8021159225688159,2.599260702129283,-0.9417610796369494,-0.3362827216510645,228.0,24.0,107.0
250,3691,0.991955756661639,proton,1853.0,317.22034335136414,110.41250610351562,16.78251916737355,-56.523719787597656,4.55438369628731,0.7828474862695395,0.6922588244383818,16.78251916737355,110.64203117144292,10.746662844326513,0.23139992913960222,0.7677439301100164,2.873047216716183,-0.9201810216626705,-0.391493151117416,164.0,22.0,90.0
250,3691,0.9850583090379009,proton,2565.5,434.94321286678314,186.0931854248047,13.786103957238405,-52.33437728881836,7.302452440071777,0.7421174428695401,0.5409782644743744,13.786103957238405,128.98068513119534,16.69465068905958,0.1704185110584589,0.8897653133166187,2.337233423534104,-0.9674059921554338,-0.2532304214381851,227.0,15.0,126.0
250,3690,1.0,proton,322.5,79.35533845424652,27.195589065551758,11.858540707562973,-71.56504821777344,1.535714301100933,0.8657718120805369,0.6696428053422845,11.858540707562973,153.60335195530726,24.755997861229066,0.6435573970452593,0.9270861784937664,2.9179488726267278,-0.6000000826393694,-0.7999999380204662,32.0,4.0,10.0
250,3689,0.9972144846796658,proton,324.0,78.76955199241638,28.0,11.571428571428571,0.0,1.5555555555555556,0.9473684210526315,0.6428571428571429,11.571428571428571,147.28133704735376,16.177685460145483,0.6562028668785123,0.9547730413382363,2.813198285443442,0.0,1.0,15.0,1.0,4.0
251,3696,0.9736842105263158,alpha,1082.0,129.7401144504547,47.0,23.02127659574468,-90.0,1.6206896551724137,0.9774164408310749,0.7938371239911959,23.02127659574468,189.93684210526317,46.71337999684298,0.8077715839979059,0.9580309558006984,2.7604279670309513,-1.2246467991473532e-16,-1.0,33.0,12.0,2.0
251,3695,0.9633173843700159,alpha,579.5,109.9827550649643,41.719295501708984,13.890455076746477,45.0,1.90322569698383,0.8642803877703207,0.6336797092793776,13.890455076746477,181.0334928229665,53.59563136298812,0.6020244300716908,0.934715419322008,2.636256287224672,1.0,6.123233995736766e-17,44.0,3.0,23.0
251,3694,1.0,alpha,1451.0,262.6518018245697,100.7905502319336,14.396190879611627,-87.27368927001953,3.8318263190991213,0.7098825831702544,0.5473102684758733,14.396190879611627,138.18686224489795,37.703683653893286,0.2643117727459575,0.8518127362164205,2.605916935865218,-0.09502261526332745,-0.9954751139975915,103.0,17.0,29.0
251,3693,0.997979797979798,alpha,1419.0,149.88224983215332,56.0,25.339285714285715,-90.0,1.696969696969697,0.9739190116678106,0.7678571428571429,25.339285714285715,204.88888888888889,45.25541927975382,0.7937648301662298,0.9585455345608535,2.6764687470027377,-1.2246467991473532e-16,-1.0,50.0,13.0,15.0
251,3707,0.9996829422954978,proton,2765.0,901.9209156036377,381.3736572265625,7.250107467064505,17.34113311767578,23.015027303849337,0.4687235124597389,0.43752739117794975,7.250107467064505,132.63760304375396,16.296834175593798,0.04271378752183792,0.8578992859023984,2.364927148253016,0.5690250322421524,0.8223202008231449,437.0,58.0,230.0
251,3707,1.0,proton,504.0,144.36753106117249,61.02875518798828,8.258402099920229,22.38013458251953,4.233962054427998,0.7309644670050761,0.5729391172008164,8.258402099920229,139.09363957597174,8.282771627586795,0.30387945706760094,0.9092304592423157,2.3655657176108846,0.7041420001989002,0.7100591831360905,70.0,8.0,45.0
252,3721,1.0,proton,1363.5,291.3208485841751,122.10227966308594,11.16686767652721,28.249732971191406,7.301100797584699,0.7454893384363039,0.6677223940829005,11.16686767652721,178.57728494623657,28.935192605598857,0.20189328460273023,0.8970533986263828,2.3858755904313185,0.8338806773910812,0.5519447579910435,150.0,15.0,95.0
252,3708,0.9952696310312205,alpha,2027.0,206.7939372062683,84.42749786376953,24.008765524127284,-58.570438385009766,2.9196722028384277,0.9703207276208712,0.830271263497211,24.008765524127284,230.11305581835384,34.57034551265615,0.5956456971101106,0.9461796584532509,2.4493671189918094,-0.889887576757133,-0.456179899527936,75.0,9.0,34.0
253,3727,0.9672789896670494,alpha,1636.0,262.19090580940247,116.60569763183594,14.030189203664914,36.44443893432617,5.641916633958884,0.87183586464162,0.6788446830074601,14.030189203664914,187.4667049368542,37.054987291488885,0.29905971525062797,0.9516914527607508,2.2485256821431556,0.9557359183261924,0.2942258561397853,125.0,7.0,96.0
253,3738,0.9979871175523349,proton,2299.0,432.6173119544983,146.1708526611328,15.728169865231344,27.552810668945312,5.745454916220576,0.6963501438739966,0.6182182646552636,15.728169865231344,184.05917874396135,37.23547767107557,0.15436223080112302,0.7403552745036432,2.9596687990692163,0.8202080056469736,0.572065404890572,216.0,33.0,108.0
253,3724,0.994567901234568,alpha,1940.5,203.0365778207779,83.48239135742188,23.2444227872191,-56.309932708740234,2.8666669723130247,0.9498286833088595,0.7981805265893028,23.2444227872191,214.20592592592592,35.51935051742509,0.5915275024928311,0.9504583981216221,2.4320886658780076,-0.9230769199256638,-0.384615392178407,83.0,6.0,52.0
253,3723,1.0,alpha,1474.5,183.9827550649643,69.24653625488281,21.29348382961217,-82.72499084472656,2.6290066503025065,0.8863841298467088,0.8084261484228662,21.29348382961217,229.23540731237972,30.86100983196849,0.5473944691600334,0.9449576421389564,2.6569235808093006,-0.25122508613809263,-0.9679286937036777,72.0,4.0,36.0
362,5372,0.7105263157894737,electron_positron,404.0,206.99494767189026,77.89258575439453,5.186629716900972,67.06789970397949,5.248209950255406,0.5233160621761658,0.34946229381009264,5.186629716900972,109.76315789473685,19.359129361178425,0.11848728233424938,0.7821891404235706,2.657440957533138,0.7176913390932955,-0.6963613586281712,104.0,16.0,39.0
362,5368,0.8349514563106796,electron_positron,79.5,52.041630148887634,20.995849609375,3.7864626332864337,61.699241638183594,3.2978722065652026,0.6853448275862069,0.5947494439061538,3.7864626332864337,99.76699029126213,10.456756893418758,0.3688715909465116,0.9205112892116326,2.4786627413091287,0.834862435198637,-0.5504586399487263,18.0,3.0,0.0
363,5384,0.6805251641137856,electron_positron,375.0,185.1959581375122,76.2127914428711,4.920433865502735,75.52970600128174,5.14767888133135,0.5070993914807302,0.3323433378689773,4.920433865502735,110.58643326039387,19.268733865613417,0.13739727632051388,0.8572051560229527,2.429985237797445,0.48390243592847165,-0.8751219529314136,97.0,10.0,57.0
363,5380,0.9368421052631579,electron_positron,69.5,57.69848430156708,20.995849609375,3.3101780253258757,61.699241638183594,3.1000003942633554,0.5743801652892562,0.4887419835113581,3.3101780253258757,99.52631578947368,9.215367148939283,0.2623408124694183,0.832220657555178,2.7480899975490267,0.834862435198637,-0.5504586399487263,18.0,6.0,0.0
363,5379,0.6432291666666666,electron_positron,306.0,182.99494767189026,50.25480270385742,6.088970278188203,62.020524978637695,1.8581632978334772,0.338682899833979,0.22513870284600207,6.088970278188203,103.85416666666666,17.59511601663628,0.11482939896938268,0.7090374592390201,3.6413424752704096,0.8286367221915,-0.5597867295995207,89.0,7.0,37.0
364,5389,0.579064587973274,electron_positron,353.5,228.35028612613678,86.15428161621094,4.103104260966698,57.75753402709961,3.9957757861750944,0.3011073253833049,0.19029912787338085,4.103104260966698,108.5523385300668,23.08283813962827,0.08519147975816335,0.8083878982959111,2.6504809957485618,0.9024720342490692,-0.4307484502564658,107.0,12.0,57.0
364,5390,0.6536585365853659,electron_positron,167.0,85.5979790687561,33.13473892211914,5.040027639647975,5.710594177246094,3.0000001726902465,0.5890652557319224,0.4563211988736723,5.040027639647975,97.47804878048781,16.601961567840625,0.2864173436384825,0.8960408395711856,2.583330421584069,0.1980198375555028,0.9801980126150492,39.0,2.0,20.0
364,5388,0.9324324324324325,electron_positron,54.0,45.455843687057495,19.207839965820312,2.8113520362566082,-59.0362434387207,3.8620688068253237,0.6878980891719745,0.5652710051495791,2.8113520362566082,106.3918918918919,9.340145214982401,0.3284159022601117,0.9372937600210457,2.366525531655022,-0.8823529416562229,-0.470588234394582,26.0,2.0,24.0
364,5386,0.8244897959183674,electron_positron,198.0,109.39696860313416,43.54945755004883,4.546554908805701,-28.300756454467773,3.8502993441452196,0.5308310991957105,0.40197050361365966,4.546554908805701,130.21632653061226,22.48895735315782,0.20790478199697504,0.8857941366378081,2.5120167909648625,-0.8348623985496344,0.550458695533054,43.0,7.0,5.0
364,5395,0.8587896253602305,proton,2511.5,618.5411919355392,263.2740173339844,9.539490548411996,23.317710876464844,10.226321303099946,0.5159202958093673,0.37054129535384867,9.539490548411996,133.6307636887608,20.09012952461773,0.08249085266814322,0.8873979929357603,2.349419810580357,0.7269993076056632,0.6866381920202853,311.0,20.0,180.0
364,5395,0.5017543859649123,proton,227.0,123.94112491607666,55.0,4.127272727272727,0.0,5.5,0.6796407185628742,0.4127272727272727,4.127272727272727,151.43508771929825,27.020333417164952,0.18569698564873735,0.9166412591790801,2.253474998474121,0.0,1.0,47.0,15.0,5.0
365,5405,0.994590695997115,proton,5086.0,1077.0579986572266,458.53643798828125,11.091812075641373,23.58283233642578,19.126994875364122,0.5311749347258485,0.4626743158298718,11.091812075641373,155.77821853588173,31.725202880360836,0.055094473761632956,0.8682285789090789,2.3489038371357367,0.7333225677202218,0.6798808805020339,547.0,29.0,306.0
365,5405,0.9415887850467289,proton,370.5,126.66904675960541,53.79698944091797,6.887002485648348,17.650123596191406,3.8098158038289944,0.7402597402597403,0.4877263799240757,6.887002485648348,175.17757009345794,33.72021027531468,0.2901730480766673,0.9213563848535062,2.354575006445639,0.5778611454576433,0.8161350970093005,55.0,6.0,18.0
366,5409,0.8620253164556962,alpha,743.0,111.88224983215332,41.698394775390625,17.818431716668876,-51.34019088745117,1.8802817313272837,0.9525641025641025,0.803476292510142,17.818431716668876,204.03164556962025,33.283861768943375,0.7458925953228618,0.9649172773210563,2.6831308599481987,-0.9756097626754329,-0.21951216588696287,33.0,3.0,14.0
366,5409,0.9796437659033079,alpha,1100.5,186.06601536273956,62.6574821472168,17.56374438114704,-54.46232223510742,2.018726701314835,0.6782742681047765,0.5658765488530708,17.56374438114704,219.01611535199322,37.99612379016381,0.3994531005000808,0.8476006774746155,2.9695737681506005,-0.9459459456393514,-0.3243243252185585,86.0,13.0,43.0
366,5408,0.9091666666666667,alpha,2283.0,280.8771975040436,118.89060974121094,19.202525792149636,-58.5704345703125,4.813819780513075,0.8698799771385026,0.7775004156785051,19.202525792149636,212.45583333333335,37.62405767553812,0.3636493444749425,0.9263647541204547,2.3624842879974177,-0.889887637501153,-0.4561797810322336,126.0,11.0,71.0
366,5406,0.7965616045845272,alpha,302.0,102.76955199241638,45.505428314208984,6.6365708705064765,21.501434326171875,3.643340665435623,0.8974739970282318,0.5313495428415032,6.6365708705064765,217.87965616045844,29.00602375728917,0.3593253691273034,0.9539501601105939,2.258402036847256,0.6820349762068436,0.7313195547984002,41.0,7.0,20.0
367,5417,0.9858712715855573,alpha,2395.5,357.26197350025177,112.0160903930664,21.385320551664933,-55.45163345336914,2.569216487448925,0.6012801204819277,0.49049665952382493,21.385320551664933,199.62009419152278,33.92537435010697,0.23584813881020517,0.7459208226075972,3.189380849185267,-0.9341841322156986,-0.3567912654710063,165.0,20.0,66.0
367,5416,0.9161961367013373,alpha,3225.0,331.0193328857422,119.2359848022461,27.04720395733461,-56.82148742675781,3.1152229935503906,0.8207151037027611,0.7066496898472272,27.04720395733461,201.73521545319463,37.896304425943384,0.3698561672206552,0.8298513856977398,2.776169739653181,-0.9160621889586044,-0.4010362402082514,116.0,24.0,24.0
367,5414,0.9496221662468514,alpha,1101.0,206.16652059555054,91.4156494140625,12.04388971753706,24.88037109375,4.644622406425083,0.8868304470398711,0.6119227987891985,12.04388971753706,214.02938706968934,31.015204032094346,0.325507425298523,0.9435836219582127,2.2552650658502666,0.7633535959173828,0.6459808724722435,84.0,15.0,43.0
368,5424,0.9951923076923077,alpha,572.5,116.32590091228485,38.21610641479492,14.980594668282672,-74.93151092529297,1.4700000344825082,0.7736486486486487,0.5762354343460444,14.980594668282672,156.875,34.04621317283692,0.5316581865736724,0.9007379485160725,3.0438972419034984,-0.5020689931459088,-0.8648275701672868,52.0,16.0,18.0
368,5424,0.9979605710401088,alpha,1357.5,273.4629839658737,54.99186706542969,24.685468459996777,-49.39870834350586,1.1342281509559018,0.6312485468495699,0.5091471655899414,24.685468459996777,180.9728076138681,31.16946631545997,0.22811434954789228,0.6410589654626718,4.9727895879677195,-0.9882352781630185,-0.1529412795619985,131.0,13.0,65.0
368,5423,0.946985446985447,alpha,2754.5,311.9482651948929,102.49476623535156,26.87454297593142,-51.76617431640625,2.424549572515527,0.7703817647881415,0.6357267212476527,26.87454297593142,171.69611919611918,39.50720565755926,0.35570296980686966,0.8017157881775347,3.043553116444872,-0.9722379644741216,-0.23399431710025945,103.0,24.0,21.0
368,5422,0.8600311041990669,alpha,1813.5,262.5512965917587,111.35618591308594,16.285579333827453,26.565052032470703,3.6086956252995517,0.7788275713978956,0.5277632168842596,16.285579333827453,216.40746500777604,37.639402083021835,0.3305971377539845,0.9160462801221845,2.357761218552163,0.8000000179153027,0.599999976112929,115.0,14.0,55.0
369,5450,0.9302325581395349,electron_positron,19.5,52.041630148887634,22.04503631591797,0.8845528635359841,76.75948143005371,7.000000227116447,0.31451612903225806,0.2808736695605919,0.8845528635359841,150.1627906976744,14.300642744635077,0.09047793740197455,0.9035298416528056,2.360696049809188,0.4459015973132121,-0.8950819881516587,22.0,3.0,6.0
369,5437,0.9560439560439561,alpha,2869.5,305.1787132024765,127.61080932617188,22.486339638091223,-15.140983581542969,4.246787764825126,0.8579757811332037,0.7483277674907977,22.486339638091223,227.9010989010989,31.197413304006773,0.3871752773830633,0.9319845764997425,2.3914801168797775,-0.5042558602966694,0.863554299020314,157.0,9.0,114.0
369,5435,0.9919159256265158,alpha,2370.0,241.62236428260803,94.3296127319336,25.12466585371318,-69.71743774414062,2.7036818727261296,0.890809998120654,0.7201249073292264,25.12466585371318,219.95068714632174,33.908824823371845,0.5101336252723901,0.8995867539552993,2.5614688461538773,-0.6503119342909135,-0.7596672877772286,102.0,17.0,43.0
370,5459,0.9457700650759219,alpha,3548.5,316.3502861261368,126.38096618652344,28.07780401649115,-14.215853691101074,3.3740509403088543,0.8874577966737527,0.7496060831172203,28.07780401649115,212.44848156182212,35.487456964620904,0.4455723269591325,0.9054008847814371,2.503148184982547,-0.4761109321670446,0.8793852285949701,142.0,13.0,63.0
370,5458,0.76,alpha,463.0,82.76955199241638,27.0,17.14814814814815,-90.0,1.2272727272727273,0.96760710553814,0.7794612794612794,17.14814814814815,172.584,37.594932424463806,0.8492775540176833,0.9632463730488958,3.0655389626820884,-1.2246467991473532e-16,-1.0,23.0,2.0,12.0
370,5457,1.0,alpha,1535.5,267.8650048971176,81.9029769897461,18.747792283450675,-71.56504821777344,2.0887095589533597,0.6499470899470899,0.4781107401824718,18.747792283450675,210.3813559322034,25.906445412289607,0.26892286325025266,0.7209743583842426,3.2705161001736625,-0.6000000826393694,-0.7999999380204662,141.0,17.0,75.0
371,5474,0.8125,alpha,1618.0,211.68123936653137,75.82703399658203,21.338036248034346,65.40988159179688,2.553191691595293,0.8480083857442348,0.718478542440368,21.338036248034346,206.553738317757,41.72912103195742,0.45375731790283996,0.8890424838955404,2.791632854531447,0.7567696245393893,-0.6536816774046155,87.0,14.0,48.0
371,5469,0.9622980251346499,alpha,3200.0,323.4213538169861,118.82186889648438,26.931069421133127,-12.200469017028809,3.1810466708960194,0.8424378043964723,0.7209867133162038,26.931069421133127,175.62567324955117,38.02310676267853,0.3844345935123677,0.8400234009118981,2.72190091622566,-0.4131193392842732,0.9106768974281304,157.0,22.0,65.0
371,5468,0.9722921914357683,alpha,1095.5,224.20815074443817,59.921878814697266,18.282137036919853,76.21840286254883,1.6440422343297159,0.6151038742279619,0.5015965122763753,18.282137036919853,181.46599496221663,34.68999537339042,0.2738542294317862,0.7494364470068172,3.741674246192791,0.4627266591505412,-0.8865010089736948,106.0,22.0,21.0
371,5476,0.6382978723404256,electron_positron,241.5,90.18376553058624,33.941123962402344,7.115262307386084,-45.0,2.0869563789656884,0.7274096385542169,0.4375000096302788,7.115262307386084,159.3581560283688,16.57807941732518,0.3731386787222616,0.8882753051002842,2.6570647934489635,-1.0,6.123233995736766e-17,40.0,9.0,10.0
372,5492,0.9090909090909091,alpha,1671.5,196.1248904466629,76.45136260986328,21.863573688408707,72.07207870483398,2.49725770700806,0.9059620596205962,0.7141661839925565,21.863573688408707,224.12727272727273,36.54232828102708,0.546073142220692,0.9280347847582762,2.565355066952856,0.585747889890715,-0.8104933124268052,84.0,12.0,44.0
372,5491,0.8044496487119438,alpha,758.5,220.06601536273956,47.73994064331055,15.888163868219705,-32.61924362182617,1.612059227376647,0.6994006454587367,0.5365038335761889,15.888163868219705,155.23887587822014,28.858356935430223,0.19681558674026714,0.5813549399405309,4.609683472523877,-0.9080590318870024,0.41884220729105126,99.0,18.0,44.0
372,5489,0.7358490566037735,alpha,219.0,104.08326029777527,40.01837158203125,5.472486544113497,-75.96375274658203,3.1730763675805624,0.6186440677966102,0.4339161499721316,5.472486544113497,149.75471698113208,21.27458015493972,0.2540342088593901,0.8432752083700625,2.6008869472467477,-0.47058835188697895,-0.8823528789936014,52.0,2.0,28.0
373,5502,0.8188795088257866,alpha,1231.5,156.32590091228485,58.61897277832031,21.00855647295578,73.30075454711914,2.0606061743847595,0.9283829626837542,0.7385042611851113,21.00855647295578,184.9025326170376,48.81357256906119,0.6332605003928737,0.9531782047862838,2.6668140621205247,0.5504587511173792,-0.834862361900628,66.0,7.0,40.0
374,5510,0.8890456041372825,alpha,2017.5,268.7766922712326,114.84235382080078,17.56756051123868,42.8470344543457,4.2922955711210955,0.8107293550331525,0.6565971496496259,17.56756051123868,175.34179595674658,51.00632129090613,0.3509459197881828,0.9406895301582038,2.340396929608652,0.9971773666040881,0.07508195210925243,113.0,2.0,66.0
375,5518,0.862410071942446,alpha,1050.0,144.36753106117249,52.014617919921875,20.186632950308464,-36.15818786621094,1.9454121737284351,0.8997429305912596,0.7550054784325642,20.186632950308464,224.05935251798562,36.233605604746735,0.6330822022241686,0.9337613249296148,2.7755184375944237,-0.9527483381674895,0.303760767906402,58.0,10.0,30.0
375,5517,0.9910526315789474,alpha,1803.0,230.93607258796692,91.84610748291016,19.630663175741933,45.59065628051758,3.1690144802954565,0.8393854748603352,0.6773270807726325,19.630663175741933,186.9557894736842,37.11430626645052,0.42483671232252107,0.9070241067118012,2.514380619025551,0.9997874608210204,-0.020616332968217892,89.0,4.0,34.0
376,5530,0.9694423223834988,alpha,1246.0,148.85281229019165,50.91168975830078,24.47375064381651,-45.0,1.6363637255338304,0.9138247158049139,0.7866161577316736,24.47375064381651,222.73414820473644,38.0479120128456,0.7066653839492003,0.9430555350581562,2.9237452733715696,-1.0,6.123233995736766e-17,56.0,12.0,27.0
376,5529,0.9916943521594684,alpha,561.0,97.39696860313416,33.941123962402344,16.528621757530406,45.0,1.5000000842937056,0.9476351351351351,0.7304688571014414,16.528621757530406,150.3936877076412,33.58738530831657,0.7431591771365915,0.9548321135195632,2.8695858366689286,1.0,6.123233995736766e-17,25.0,4.0,6.0
377,5539,0.8552859618717504,alpha,1096.0,134.71067690849304,48.4435920715332,22.624251281399918,-59.743560791015625,1.7390179719700505,0.9518019973947026,0.8121606573398696,22.624251281399918,197.22443674176776,45.1387507638757,0.7589556201428962,0.9531366691346078,2.7807739093660806,-0.8704663563885264,-0.49222791712344277,44.0,5.0,20.0
378,5551,0.886168384879725,alpha,2215.5,260.69343197345734,101.53461456298828,21.820144879021395,-66.03751373291016,2.9411769905940246,0.7651528233465723,0.6320692536808993,21.820144879021395,218.45790378006873,38.859204145332264,0.4096579990601095,0.8956969977153159,2.567532590688399,-0.7422679779062218,-0.67010316293464,122.0,15.0,70.0
378,5550,0.89375,alpha,581.0,135.88224983215332,56.159088134765625,10.345609576241115,-59.6567497253418,3.368687258727016,0.7851351351351351,0.620578508675479,10.345609576241115,229.875,26.22850310254103,0.3954217360399304,0.9317822089920622,2.419595017391933,-0.8719539448962844,-0.4895879062842621,54.0,4.0,27.0
379,5565,0.9646393210749646,alpha,2699.0,302.3919162750244,93.87358856201172,28.75143095458713,-62.94940185546875,1.9760670734155503,0.7229141556180527,0.6052262078530122,28.75143095458713,188.5378359264498,40.477764477537185,0.37091328972130294,0.7924231024179047,3.2212672478720474,-0.8100538832449411,-0.5863554436003741,133.0,19.0,59.0
379,5564,0.8186372745490982,alpha,926.5,157.9827550649643,59.95390701293945,15.453538329037332,-55.3758430480957,2.1518987307109056,0.7724051688203418,0.554666929514213,15.453538329037332,221.9448897795591,31.88735762163526,0.4664831072053823,0.9212156850946263,2.635070222043543,-0.9351247832292163,-0.3543185569378368,61.0,12.0,20.0
380,5575,0.8576051779935275,alpha,1713.0,329.7056245803833,81.24584197998047,21.084155918060336,-52.54941940307617,1.7735987638668385,0.5458891013384322,0.4602676513914624,21.084155918060336,175.029665587918,35.58323854525068,0.1980224889950141,0.6706566375315987,4.058123056459,-0.9654779102361828,-0.26048494168756364,169.0,16.0,76.0
380,5574,0.7959183673469388,alpha,1617.5,240.634556889534,105.98763275146484,15.26121452106538,40.3331413269043,4.876902712853974,0.8495273109243697,0.7022277653257764,15.26121452106538,215.83731778425656,39.964748399953756,0.3510250926467559,0.949486664910037,2.270402221868742,0.9867604451271478,0.16218453666263385,109.0,4.0,67.0
380,5573,0.8524804177545692,alpha,699.5,143.8406196832657,52.36960220336914,13.356985170206208,-73.88658142089844,2.3609238959161765,0.7707988980716254,0.602158965104934,13.356985170206208,222.19973890339426,32.06871782777118,0.42484889407171894,0.8950449794046742,2.746643350940173,-0.5332725717488451,-0.845943475783325,57.0,12.0,19.0
381,5585,0.8867771936918722,alpha,2370.5,249.80612981319427,101.77574920654297,23.291403094359193,40.06078338623047,3.1389482672836033,0.8681560153817982,0.718349016888815,23.291403094359193,188.91831783259198,39.97695201435879,0.47735738050908005,0.9345945205704681,2.4544759607344133,0.9851739724024196,0.17155828193601333,98.0,11.0,40.0
382,5592,0.8059171597633136,alpha,770.0,168.71067690849304,74.60167694091797,10.32148380001986,17.878692626953125,5.813397336133159,0.9338993329290479,0.8043101561309042,10.32148380001986,202.9526627218935,42.678987617259345,0.33995031924234537,0.9418283569567616,2.2614863877940206,0.5843542702325791,0.8114986671960404,75.0,6.0,42.0
382,5591,0.5384615384615384,alpha,267.0,114.5096664428711,53.20840835571289,5.018003887938751,42.273685455322266,7.126125178550479,0.8768472906403941,0.6720540034358152,5.018003887938751,176.55128205128204,37.90884729828314,0.25588028524093565,0.9656720448635823,2.152097196317965,0.995475101344556,0.09502274781885611,56.0,2.0,40.0
382,5590,0.8588785046728972,alpha,1002.0,161.33809351921082,57.982749938964844,17.2810016954137,45.0,2.157894785410225,0.8291270169631775,0.643132370997446,17.2810016954137,164.1392523364486,30.189653661909485,0.48373080395070894,0.8756014788930173,2.782518829980335,1.0,6.123233995736766e-17,61.0,10.0,22.0
382,5589,0.8361955085865258,alpha,2152.0,274.9360725879669,113.8823471069336,18.896695182962013,-70.42687225341797,4.086401229305147,0.7960051784723506,0.6780636366139594,18.896695182962013,216.64332892998678,38.64845167107267,0.35775744633748796,0.9218683207899628,2.4142115048771045,-0.6313021123731377,-0.7755370029297212,135.0,7.0,87.0
383,5598,0.8764547896150403,alpha,1034.0,189.68123936653137,81.81640625,12.638052041059918,16.927513122558594,4.880893320577159,0.9166666666666666,0.7539439413145318,12.638052041059918,216.60608773500448,37.79571767394117,0.36114503244431284,0.9361034847572568,2.3183765709158286,0.5570934272987802,0.830449825853735,93.0,8.0,61.0
383,5597,0.9302325581395349,alpha,346.5,101.78174459934235,43.84061813354492,7.90362943662223,45.0,4.1333331175414685,0.863013698630137,0.7451613296065711,7.90362943662223,188.9276485788114,34.765511072093965,0.4203134829238889,0.964857270457385,2.321631147838753,1.0,6.123233995736766e-17,40.0,1.0,18.0
383,5596,0.975981055480379,alpha,2824.0,309.22034335136414,114.65478515625,24.630459131308744,-70.01689147949219,2.886021224539962,0.7497676888357891,0.6199830885928467,24.630459131308744,215.04533152909337,35.83258662729983,0.37114057843806236,0.8621618664466326,2.6969684948601387,-0.6423358198925555,-0.7664233128519503,148.0,11.0,75.0
384,5613,0.9448275862068966,alpha,1342.0,243.82337474822998,100.24419403076172,13.387308990565412,18.434951782226562,4.11688298056504,0.7541444225906153,0.5497972732656355,13.387308990565412,192.76413793103447,49.7591532745652,0.28366888642467786,0.8927124863414798,2.4322942301616832,0.6000000826393695,0.7999999380204662,113.0,6.0,56.0
384,5612,0.9609629147690306,alpha,1454.5,189.09545290470123,55.08375549316406,26.405243923147264,-81.46923828125,1.323040405946,0.8192058575049281,0.6342197318684887,26.405243923147264,182.4775536759922,43.450474170733244,0.5111653633032125,0.857638453245562,3.4328714738443735,-0.2933984031566736,-0.9559902599007555,92.0,12.0,48.0
384,5611,0.9969788519637462,alpha,603.5,129.49747383594513,45.61405944824219,13.23056985719031,-76.29303741455078,2.0855902100092685,0.7792123950936087,0.6049351296678595,13.23056985719031,172.61480362537765,28.068883087346112,0.45223539004269847,0.9071432708985591,2.838981564069837,-0.46041554591326445,-0.8877035119235424,49.0,10.0,22.0
385,5631,0.7293906810035843,alpha,515.0,98.91168737411499,39.35578918457031,13.085749534452457,-38.65980911254883,2.19130426656007,0.9563602599814299,0.7286058640954476,13.085749534452457,224.81182795698925,32.12166727996768,0.6614878499865879,0.9478131061916748,2.513269062150936,-0.9756097626754329,0.21951216588696298,38.0,2.0,26.0
385,5629,0.9810034096444228,alpha,1944.5,268.43354642391205,114.43269348144531,16.99252146254244,47.4366455078125,4.908446235028879,0.8202910778316811,0.7288728025089077,16.99252146254244,206.23623964929374,43.23998451629407,0.3391128394128818,0.9352220109568734,2.3457767029440517,0.9963850058628523,-0.0849524578319184,120.0,2.0,66.0
385,5628,0.7381546134663342,alpha,753.5,107.84061968326569,40.0,18.8375,-90.0,1.7391304347826086,0.9856115107913669,0.8190217391304347,18.8375,218.4576059850374,37.276333118046225,0.8141948876639864,0.9744979610149727,2.696015492081642,-1.2246467991473532e-16,-1.0,19.0,6.0,2.0
386,5647,0.9236760124610592,alpha,590.0,110.28427076339722,39.0,15.128205128205128,0.0,1.8571428571428572,0.9477911646586346,0.7203907203907204,15.128205128205128,236.37227414330218,29.937474470875337,0.6095856346874059,0.9536286006280646,2.8278018144460826,0.0,1.0,34.0,2.0,13.0
386,5645,0.950050454086781,alpha,1866.0,270.59292674064636,110.86446380615234,16.83136269222138,47.40597152709961,3.295799322048045,0.7299041658517504,0.5003658687887828,16.83136269222138,212.33299697275478,39.67199154589994,0.3202496202258088,0.8999680805039173,2.440754390097271,0.9964753953212248,-0.0838855560833255,145.0,13.0,79.0
386,5643,0.969187675070028,alpha,1015.5,128.46803629398346,37.42789077758789,27.132172796872894,-57.52880859375,1.0082644517692032,0.929945054945055,0.7309096174537189,27.132172796872894,228.08216619981326,29.34604335943434,0.7732138422898817,0.9375085943096815,3.432414534321317,-0.9058823398633026,-0.4235294397368238,39.0,6.0,12.0
386,5642,1.0,alpha,537.0,116.62741661071777,47.108150482177734,11.399301278091174,83.99099397659302,3.284671029029852,0.9282627484874676,0.794829647865176,11.399301278091174,231.98988195615513,24.597122745805862,0.49611554843162947,0.9662443309171904,2.4757375404674615,0.20821918033254266,-0.9780821913017557,49.0,5.0,16.0
387,5666,0.8196994991652755,alpha,548.5,106.87005722522736,39.0,14.064102564102564,0.0,2.1666666666666665,0.9440619621342513,0.7813390313390314,14.064102564102564,229.14858096828047,32.06488039503064,0.6034960224195945,0.9544243765690739,2.740257877569932,0.0,1.0,25.0,11.0,5.0
387,5664,0.9290322580645162,alpha,1021.0,148.36753106117249,58.06123733520508,17.58488187403686,52.12501525878906,2.2517007507195412,0.9161058770749215,0.681967755672932,17.58488187403686,212.55023041474655,35.69159387333095,0.5828514302794444,0.9362969263904527,2.555362887025674,0.9692307785974426,-0.2461538092725672,62.0,4.0,25.0
387,5662,0.9895470383275261,alpha,1090.0,133.0538227558136,39.59797668457031,27.526658967520625,-45.0,1.0566037351741058,0.9437229437229437,0.7345014345967635,27.526658967520625,206.30836236933797,37.76048715259245,0.7737161257397179,0.9306992580535604,3.360116700297446,-1.0,6.123233995736766e-17,40.0,10.0,4.0
387,5660,0.8883826879271071,alpha,370.0,156.71067690849304,70.19284057617188,5.271192859027885,-68.19859313964844,8.399999726096373,0.7991360691144709,0.6308053386724786,5.271192859027885,203.38952164009112,29.324917367090038,0.1893278115998758,0.9307634082916171,2.2325735163607425,-0.6896551060359033,-0.7241379942515149,98.0,5.0,83.0
387,5660,0.95,alpha,96.5,53.69848430156708,22.203298568725586,4.346201070138511,-54.462318420410156,3.4107142726342206,0.8109243697478992,0.6676327832901083,4.346201070138511,193.775,21.550894219652815,0.4205456280893771,0.9259619531592613,2.4184912946765476,-0.9459459888257391,-0.3243241992582339,19.0,1.0,3.0
387,5659,0.9754901960784313,alpha,945.5,164.81118214130402,59.908775329589844,15.782328962632013,82.87498378753662,2.476923205524179,0.8189692507579038,0.6525190446590826,15.782328962632013,231.51176470588234,28.57619430924176,0.4374194078081852,0.907932959372402,2.751035741167977,0.24615384153778863,-0.9692307704031012,68.0,7.0,34.0
388,5686,0.7853211009174312,alpha,495.5,107.35533845424652,39.0,12.705128205128204,0.0,2.1666666666666665,0.8723591549295775,0.7058404558404558,12.705128205128204,207.76697247706423,39.78403638878993,0.540264251604269,0.9400107922182016,2.752700986006321,0.0,1.0,24.0,10.0,0.0
388,5698,0.6442307692307693,electron_positron,170.0,88.91168737411499,34.269203186035156,4.960722286921329,-10.491477012634277,3.3487545240135703,0.625,0.4847571480002284,4.960722286921329,153.79807692307693,21.08699006847415,0.27023467879261565,0.8706742858946678,2.594506994850317,-0.35809018568625745,0.9336870026487365,40.0,2.0,25.0
388,5685,0.7054597701149425,alpha,647.5,109.49747383594513,44.09866714477539,14.682983453315387,56.309932708740234,2.178082054988456,0.964259121370067,0.7252088292910597,14.682983453315387,161.44396551724137,38.02993026247786,0.6786430986959773,0.9596200493464903,2.483010959865663,0.9230769199256638,-0.384615392178407,41.0,3.0,25.0
388,5683,0.9565217391304348,alpha,861.0,133.39696860313416,38.586673736572266,22.313402960772653,-31.607501983642578,1.2245321538102836,0.8718987341772152,0.7081066269906191,22.313402960772653,183.24021739130436,40.66001550445233,0.6080245212531585,0.8633741069884149,3.4570735356414293,-0.8927038585300324,0.45064378500717384,55.0,11.0,15.0
388,5682,0.9621212121212122,alpha,605.5,127.29646337032318,53.68856430053711,11.27800692547002,30.65066909790039,3.761160577087018,0.9258409785932722,0.7900824987374051,11.27800692547002,202.86060606060607,36.20009994456256,0.4695602612078846,0.9448377268375954,2.3710163426562274,0.8771573795292603,0.4802030107541612,57.0,4.0,41.0
388,5680,0.9203056768558951,alpha,857.5,141.92387998104095,58.68986129760742,14.61070074184955,45.0,3.0740737484622334,0.875,0.7652833147688557,14.61070074184955,222.49235807860262,33.86021461451148,0.5349744507730931,0.9623997847135056,2.4182009778719085,1.0,6.123233995736766e-17,53.0,8.0,26.0
388,5678,0.7176724137931034,alpha,859.0,156.71067690849304,56.51811218261719,15.198667592159874,84.28940725326538,2.347107356843509,0.8417442430181283,0.6311765050558267,15.198667592159874,209.6519396551724,35.612899888651555,0.4395475409845766,0.8840743914237634,2.772751439434866,0.19801978861002972,-0.9801980225030242,74.0,6.0,44.0
389,5703,0.8823529411764706,alpha,646.0,221.88224983215332,99.89022827148438,6.46709904640806,-8.61564826965332,8.938338285257274,0.7613435474366529,0.5786864241010206,6.46709904640806,201.70454545454544,33.35872326456038,0.16489111710546198,0.9261708863977636,2.2212608147126836,-0.2962298053636634,0.9551166957048788,112.0,8.0,54.0
389,5702,0.7687861271676301,alpha,306.0,86.28427076339722,35.5228271484375,8.614179235265615,-5.710593223571777,2.950413087633922,0.8947368421052632,0.7154663408053082,8.614179235265615,203.90751445086704,29.52705433585757,0.5164972630693861,0.9635061131471385,2.428980959281348,-0.1980198049251876,0.9801980192070328,41.0,4.0,17.0
389,5701,0.9599214145383104,alpha,2409.5,317.4629839658737,123.45903778076172,19.516594680405532,46.93058776855469,3.7392974835455663,0.7156222156222156,0.5911139005101756,19.516594680405532,213.2444007858546,35.29330364259398,0.3004350560031519,0.8680533588787235,2.5714033550919435,0.9977301379441935,-0.06733922956093685,137.0,15.0,46.0
389,5699,0.9880239520958084,alpha,778.5,123.01219260692596,43.5921745300293,17.858709926565272,79.50852298736572,1.893987564158151,0.9094626168224299,0.7759230843031684,17.858709926565272,229.62634730538923,29.5201427296275,0.64650540755748,0.9501194030652917,2.8218870458546794,0.3580901856862576,-0.9336870026487364,46.0,3.0,26.0
390,5718,0.899641577060932,alpha,1021.5,211.4385987520218,89.51586151123047,11.411385454541426,-10.154265403747559,4.941605420551045,0.762029093621783,0.6299505279417393,11.411385454541426,222.3279569892473,34.54810639793069,0.28713074054282606,0.9069371319355317,2.362023837814432,-0.3470752906471965,0.9378372687317156,110.0,7.0,56.0
390,5718,0.8687022900763359,alpha,601.5,121.15432798862457,47.71938705444336,12.604939776651882,-3.5763344764709473,2.4132491745381865,0.8354166666666667,0.6374528758385691,12.604939776651882,220.51755725190839,36.06706112022133,0.5149530439381007,0.9426888452571253,2.5388911188318244,-0.12451362219157457,0.9922178983916455,51.0,6.0,28.0
390,5717,0.9326993416239941,alpha,1293.0,170.02438521385193,58.08466339111328,22.26060933320006,43.2642936706543,1.6844720609583115,0.8565750248426631,0.645564117832527,22.26060933320006,202.3226042428676,31.8206009507026,0.5620642495082192,0.8937929893196966,2.927182069886368,0.9981651339361141,0.060550519356149725,65.0,22.0,8.0
390,5715,0.9348404255319149,alpha,693.5,130.32590091228485,43.127742767333984,16.080136717131275,76.6075029373169,1.9766455131967475,0.8426488456865128,0.7369903466773214,16.080136717131275,212.42952127659575,33.91808547237367,0.5130915446295573,0.8839255138674936,3.0218576848635097,0.4506437552894964,-0.8927038735317443,50.0,10.0,15.0
391,5736,0.8998849252013809,alpha,760.5,234.46803629398346,97.99998474121094,7.760205289911588,0.0,8.166666693157625,0.6964285714285714,0.6466838769469331,7.760205289911588,164.6662830840046,29.62347570951191,0.17383682850519278,0.895254346324505,2.3925313551134155,0.0,1.0,63.0,22.0,1.0
391,5735,0.9762470308788599,alpha,1590.5,233.46298396587372,103.94469451904297,15.301406265700418,45.0,4.899999892104068,0.8818963127252565,0.7213152089954584,15.301406265700418,218.98812351543944,38.66654880793384,0.36669709824264485,0.9600056617816749,2.2460307863341944,1.0,6.123233995736766e-17,97.0,0.0,52.0
391,5734,0.8235294117647058,alpha,744.5,230.0904005765915,107.60065460205078,6.919102887928067,38.76552200317383,11.427855017440455,0.859203693017888,0.7348515206197312,6.919102887928067,201.33253301320528,38.212285164870984,0.17671668893291875,0.9643429403700593,2.1383736133163462,0.9764131351474691,0.2159106053705797,99.0,7.0,52.0
391,5732,0.9252336448598131,alpha,972.0,224.6518018245697,82.52873229980469,11.7777163530028,-12.875000953674316,3.609013219590026,0.7300037551633496,0.5150440680483993,11.7777163530028,200.1158878504673,35.01489175725772,0.24202281976787882,0.7917813526627381,2.722104115309443,-0.43444528738822313,0.9006982248601161,105.0,15.0,41.0
391,5731,0.8460144927536232,alpha,504.0,106.42640614509583,42.40933609008789,11.884175666635754,-17.52556800842285,2.4351587024917363,0.9,0.6823934648510697,11.884175666635754,191.51992753623188,30.786130558700705,0.5591670947096498,0.948406345583963,2.509504178962384,-0.5743072943471101,0.8186398058118735,45.0,7.0,13.0
392,5745,0.9190421892816419,alpha,812.5,162.20815074443817,73.9732894897461,10.983694325404114,49.398704528808594,5.412698478049144,0.9382217090069284,0.803687736053874,10.983694325404114,216.51767388825542,34.27727465311493,0.38805017835563416,0.9687827841915003,2.1927935321427454,0.988235298528373,-0.15294114797051026,72.0,1.0,46.0
392,5744,0.9875621890547264,alpha,333.0,166.6518018245697,76.53756713867188,4.350804610717058,28.886581420898438,10.518671699383301,0.7294633077765608,0.5979375493524478,4.350804610717058,196.21641791044775,29.55912245825261,0.15067252640614548,0.9414136311196354,2.177385668956887,0.845943475783325,0.533272571748845,89.0,5.0,70.0
392,5762,0.9837282329431916,v_track,3341.0,398.2152910232544,139.02822875976562,24.031090878479752,64.7222785949707,2.1955572476960317,0.5895015438906043,0.3795030420725412,24.031090878479752,231.1130459606052,30.680674803439445,0.26475884314755715,0.8385193161698298,2.8642765183418404,0.7722397292153436,-0.6353312526717168,174.0,18.0,68.0
392,5743,0.969147005444646,alpha,1007.0,237.7056245803833,107.80517578125,9.340924428742895,39.726104736328125,7.910969789762411,0.7672380952380953,0.6854566158695606,9.340924428742895,222.4627949183303,32.731487121359635,0.22395482232460934,0.9498663223573286,2.2049555863877752,0.9831025625174644,0.18305559694146217,115.0,1.0,74.0
393,5766,0.9722013523666416,alpha,1256.0,188.59292674064636,81.83505249023438,15.34794640902665,51.34019470214844,4.295081849054655,0.9334819769602378,0.8055311756479956,15.34794640902665,225.98196844477837,33.88209954539137,0.44376056193053576,0.9595487976352318,2.304549468739593,0.9756097334456113,-0.21951229579725895,85.0,1.0,56.0
393,5765,0.6862123613312203,alpha,577.0,125.0538227558136,49.63619613647461,11.624581352155587,28.886581420898438,3.137404400693604,0.8290229885057471,0.7347664714313881,11.624581352155587,197.05071315372425,36.85621991470473,0.46365156800360213,0.927853748215092,2.5194078613916826,0.845943475783325,0.533272571748845,51.0,7.0,17.0
393,5764,0.9901265041653811,alpha,3065.0,420.41630148887634,122.6285400390625,24.99418160750886,67.10944747924805,2.042974205321147,0.6267893660531697,0.4163995452525752,24.99418160750886,214.24961431656897,35.258384469716496,0.21791205098569186,0.7131866627273928,3.4283723948352933,0.7166806580948489,-0.697401487174163,176.0,19.0,58.0
393,5763,0.9510556621880998,alpha,949.5,221.52185904979706,84.63711547851562,11.218482513632239,39.610687255859375,3.9775286095750984,0.6782142857142858,0.5272135622972294,11.218482513632239,187.73608445297504,31.106411742004678,0.24314853556346822,0.8274682927732053,2.6173134303711993,0.9823570860241434,0.18701485379015653,97.0,22.0,35.0
394,5778,0.898,alpha,928.0,166.02438521385193,66.23397064208984,14.010937152094606,54.688785552978516,2.9381593173077527,0.8066058235549761,0.6215294831121001,14.010937152094606,199.114,44.39543899996939,0.42307180052869436,0.9017271453347584,2.506634942830199,0.9433526128233604,-0.3317918743419423,76.0,10.0,17.0
394,5777,0.9397749834546658,alpha,1436.0,174.5096664428711,65.47711181640625,21.931327759636904,-60.64224624633789,2.0338409631850163,0.8944254126440361,0.6812278601972455,21.931327759636904,208.5857048312376,41.95915769069661,0.5925504429505516,0.9225569479801609,2.6652010389857352,-0.854599410350554,-0.519287827537374,71.0,10.0,24.0
394,5776,0.8696925329428989,alpha,615.0,158.02438521385193,55.44974136352539,11.091124771314885,48.012786865234375,2.5724136661727415,0.6784335355763927,0.5145373131302823,11.091124771314885,161.48169838945827,27.39223584382931,0.3094829735745955,0.8091277475947123,2.849866948483185,0.9944751404628008,-0.1049723535103052,70.0,9.0,30.0
395,5788,0.8814229249011858,alpha,899.0,252.16652059555054,100.97283172607422,8.90338504558203,-81.63411712646484,5.03628449178651,0.6841704718417048,0.44407965254568255,8.90338504558203,167.5395256916996,46.11683284563015,0.17766206415284938,0.8453757965559099,2.497369998294636,-0.2878915086134461,-0.9576630301250404,118.0,6.0,43.0
395,5787,0.9290718038528897,alpha,1081.5,138.46803629398346,48.066619873046875,22.50002190410826,-71.56504821777344,1.6344088308884193,0.9311235471373225,0.7650680366621406,22.50002190410826,171.64098073555166,36.70907066026643,0.708822216855388,0.9344272423400912,2.880752519309741,-0.6000000826393694,-0.7999999380204662,52.0,8.0,17.0
395,5786,0.7743055555555556,alpha,533.5,95.01219260692596,35.6235237121582,14.976059199273372,-85.91438293457031,1.7921145557098375,0.9629963898916968,0.7534014292087006,14.976059199273372,200.96180555555554,49.83391094499114,0.7426524307164315,0.9616043907272449,2.6671194398014753,-0.14213198955852407,-0.9898477143198017,35.0,4.0,10.0
396,5798,0.9046434494195689,alpha,1097.0,244.16652059555054,98.65213775634766,11.119880673132345,-79.99201965332031,4.143552307147301,0.6750769230769231,0.4670533073713906,11.119880673132345,181.4228855721393,38.654015861924435,0.23123004441972023,0.8755876053982689,2.4750251352747794,-0.3422818970774311,-0.9395973089217927,121.0,10.0,56.0
396,5797,0.940387481371088,alpha,623.0,108.08326029777527,38.65876388549805,16.115362659945376,84.80557107925415,1.7500002374394734,0.9141599413059428,0.7295082834220399,16.115362659945376,214.26527570789867,41.51118537290968,0.6701639119393556,0.9331464580409381,2.7958281495472295,0.18032786929918468,-0.9836065572951495,44.0,9.0,21.0
396,5796,0.9337152209492635,alpha,1143.5,196.00714027881622,86.95442199707031,13.150567547197623,-46.7714729309082,4.735713934754807,0.8565543071161049,0.7162065430703041,13.150567547197623,224.6644844517185,32.6691047939834,0.3740263921955005,0.9541536867962942,2.2541365439174577,-0.9980887593093348,-0.06179667094878683,90.0,2.0,55.0
397,5808,0.9388038942976356,alpha,664.5,118.18376553058624,35.0,18.985714285714284,-90.0,1.1290322580645162,0.9084073820915927,0.6124423963133641,18.985714285714284,200.07927677329624,41.597489781035385,0.5978458279632504,0.9548038421541727,3.376679015159607,-1.2246467991473532e-16,-1.0,39.0,2.0,27.0
397,5806,0.9944341372912802,alpha,495.0,98.42640614509583,35.0492057800293,14.12300190499741,72.25532913208008,1.7457305982359035,0.8870967741935484,0.7034383808647126,14.12300190499741,185.17625231910947,42.66668189612815,0.6420839395713075,0.928289913015075,2.8082349929075496,0.5805515024285821,-0.8142235276801549,40.0,12.0,19.0
397,5805,0.97,alpha,1804.0,224.7939372062683,84.85859680175781,21.258895008768643,-46.63657760620117,2.666243970284045,0.8390697674418605,0.6679511890167955,21.258895008768643,216.2978947368421,36.46220387411242,0.44861853143067354,0.8839606278006255,2.649041413345781,-0.9983686775044532,-0.0570962676364139,100.0,14.0,49.0
398,5829,0.8811188811188811,electron_positron,105.0,83.11269783973694,36.51786422729492,2.875305065664787,84.28940677642822,5.825396132351677,0.584958217270195,0.4586738946341601,2.875305065664787,131.23776223776224,26.75189243471525,0.1910136500813907,0.9300123866063641,2.2759462963777373,0.19801980492518773,-0.9801980192070328,45.0,1.0,28.0
398,5820,0.8482490272373541,alpha,470.0,104.22539567947388,43.046142578125,10.918516081829885,-30.963754653930664,3.2179486457420268,0.94,0.8162223589551526,10.918516081829885,149.34824902723736,37.65341287088257,0.5437016072831042,0.9490863409253009,2.421248210343444,-0.8823529103249141,0.4705882931407813,38.0,3.0,23.0
398,5819,0.8491471215351812,alpha,1772.5,245.1787132024765,81.46182250976562,21.75865878507092,-59.0362434387207,2.0742357599303056,0.756993380311766,0.5540336166024927,21.75865878507092,185.12899786780383,42.84540304523629,0.37053615036409526,0.8218869861365816,3.0097376371991253,-0.8823529416562229,-0.470588234394582,115.0,15.0,43.0
399,5831,0.9241952232606438,alpha,902.0,143.1959581375122,54.82856750488281,16.451277883918298,-28.610458374023438,2.237784862367788,0.8402421984163949,0.6714459685994858,16.451277883918298,203.99376947040497,43.94904018927473,0.552783259201678,0.9308947627316867,2.611703435891513,-0.8407643067944678,0.5414013118015305,64.0,7.0,33.0
399,5830,0.9039665970772442,alpha,901.0,131.0538227558136,45.342735290527344,19.870878856931906,-8.530765533447266,1.538590562327389,0.8987531172069826,0.6742678067066985,19.870878856931906,207.72025052192066,42.69153117627935,0.6592274271532854,0.9330216051161138,2.8902937133391764,-0.29339853045447395,0.9559902208323865,49.0,10.0,12.0
400,5839,0.9664893617021276,alpha,1779.5,243.3208485841751,100.84117126464844,17.646562189662244,-30.96375846862793,4.355555614138774,0.8409735349716446,0.762194469297851,17.646562189662244,216.09521276595746,38.89739610682057,0.37770193656493667,0.9346189157574998,2.4129117654296355,-0.8823529729875279,0.47058817564838035,110.0,9.0,62.0
400,5838,0.9163424124513618,alpha,960.0,156.36753106117249,52.6818962097168,18.22257870480628,-32.0053825378418,1.7438595693714956,0.7757575757575758,0.603198072569387,18.22257870480628,185.2626459143969,39.27240847856551,0.4933872689746455,0.8735048845803717,2.9681454600400587,-0.8988763942422683,0.43820226822098757,63.0,7.0,28.0
400,5837,0.9786200194363459,alpha,968.5,137.63960921764374,44.4654655456543,21.780948160895925,-5.440331935882568,1.408408423103647,0.8824601366742597,0.6898942915933954,21.780948160895925,183.41302235179785,41.28301271085288,0.6424252870581681,0.903393484894333,3.095427148431049,-0.1887640416830962,0.9820224725368877,53.0,19.0,11.0
401,5851,0.9865571321882002,alpha,2565.5,260.69343197345734,97.18538665771484,26.398001677306116,-26.9802303314209,2.8372751493250483,0.8551666666666666,0.7706754762899938,26.398001677306116,215.13965646004482,34.69167387396758,0.47437490254511894,0.9006685865747764,2.6824344784634633,-0.8086111760940305,0.5883434081349332,121.0,9.0,60.0
401,5850,1.0,alpha,359.0,145.0538227558136,36.9619140625,9.712700467647759,-66.50143432617188,1.4484375510360281,0.47549668874172185,0.3806144902430593,9.712700467647759,158.177304964539,23.47604292291076,0.2144104533937384,0.7296736649805995,3.9244131813773975,-0.7313195547984,-0.6820349762068437,69.0,6.0,27.0
401,5849,0.9950248756218906,alpha,362.5,90.66904675960541,30.129032135009766,12.031584631581213,11.888656616210938,1.5077318997225886,0.8257403189066059,0.6020904976953441,12.031584631581213,172.03482587064676,25.11414303123964,0.5541148322121461,0.901675309921872,3.0093580953185843,0.40318297840348327,0.9151193834280292,37.0,9.0,12.0
401,5848,0.9868374244041267,alpha,2668.5,319.8650048971176,131.65338134765625,20.269133786646233,-80.83765411376953,4.578073253641869,0.8148091603053436,0.7048324799048984,20.269133786646233,218.28175026680896,34.651545154125174,0.3277506898826053,0.9055043902945376,2.429599616985546,-0.314401584296601,-0.9492900735769796,143.0,17.0,62.0
402,5869,0.7807017543859649,alpha,419.5,82.18376553058624,29.0,14.46551724137931,-90.0,1.45,0.964367816091954,0.7232758620689655,14.46551724137931,156.85307017543857,21.02364769738721,0.7804943383094239,0.961753053031156,2.83392294933056,-1.2246467991473532e-16,-1.0,22.0,5.0,1.0
402,5868,0.9825811559778306,alpha,1193.0,161.1959581375122,49.029808044433594,24.3321368690417,-24.7751407623291,1.4385245309918264,0.900377358490566,0.7138999146365411,24.3321368690417,185.6017418844022,37.44367822382603,0.5769550933772234,0.8495665854206885,3.28771342509494,-0.7609756141381723,0.6487804826650009,55.0,15.0,10.0
402,5867,0.8327868852459016,alpha,1138.5,182.1248904466629,78.67556762695312,14.470820285635488,84.80557107925415,3.7782611463480427,0.8700802445548338,0.6949366835234747,14.470820285635488,207.39262295081969,43.5378009264773,0.43132466322738083,0.9440481507820717,2.3148849883133162,0.18032786929918468,-0.9836065572951495,99.0,6.0,64.0
402,5864,0.9913344887348353,alpha,3316.5,331.66399443149567,130.05575561523438,25.500601525177824,-82.34934997558594,3.555196559982623,0.8318284424379232,0.6970829579277782,25.500601525177824,188.27325245522817,36.827691835836426,0.3788726118083489,0.8760059680801358,2.550167755840907,-0.2638949358330612,-0.9645514308950376,169.0,14.0,96.0
403,5884,0.7571428571428571,alpha,308.5,89.69848430156708,34.0,9.073529411764707,0.0,2.2666666666666666,0.8107752956636005,0.6049019607843137,9.073529411764707,206.72,38.607495941295404,0.4818310945006542,0.9249223993219772,2.638190714751973,0.0,1.0,43.0,7.0,19.0
403,5883,0.931261207411835,alpha,1586.5,192.95331752300262,76.85252380371094,20.64343396258632,84.92039203643799,2.6263235302169403,0.8784606866002215,0.7054594133940735,20.64343396258632,217.28810520023907,42.39277203624,0.5354826950776143,0.9325295782554794,2.5106959143700314,0.1763841289865288,-0.9843214104354652,93.0,13.0,60.0
403,5880,0.9978038067349927,alpha,1250.0,269.76449966430664,74.56558227539062,16.763766363191746,-74.47589111328125,2.1630434866805794,0.6661337596589395,0.48629346861687783,16.763766363191746,165.86090775988288,36.49749357079874,0.21584912028289388,0.6577535135751026,3.6178152363646037,-0.5157592492189498,-0.8567335623431039,145.0,13.0,63.0
403,5880,0.9678638941398866,alpha,470.5,134.46803629398346,36.06244659423828,13.046813082148788,-81.8698959350586,1.4166666541787118,0.6804049168474331,0.5125272071733428,13.046813082148788,150.85066162570888,23.142984592682666,0.3269876622694174,0.7462612720946379,3.728755228589163,-0.2800000573289693,-0.9599999832790488,72.0,10.0,42.0
404,5892,0.9686817188638019,alpha,1301.5,161.29646337032318,61.0,21.33606557377049,-90.0,2.103448275862069,0.9069686411149825,0.7357263990955342,21.33606557377049,189.76547705753825,42.38738976487906,0.6286433798110874,0.940422628133013,2.6442043175462815,-1.2246467991473532e-16,-1.0,57.0,9.0,13.0
404,5890,0.652542372881356,alpha,544.5,97.69848430156708,38.0,14.328947368421053,0.0,2.235294117647059,0.966282165039929,0.8428792569659442,14.328947368421053,215.5050847457627,39.656864768888425,0.7168562827725556,0.9780869024970398,2.571012744778081,0.0,1.0,35.0,6.0,15.0
405,5907,0.9594594594594594,electron_positron,52.5,48.041630148887634,20.61086082458496,2.547200742696645,15.255119323730469,3.6718749893812874,0.6521739130434783,0.4537900080759772,2.547200742696645,143.2837837837838,12.447207730152652,0.285847038109633,0.930229083522363,2.3308890665829356,0.5076923263580244,0.8615384505390211,22.0,1.0,8.0
405,5900,0.9900110987791343,alpha,843.0,124.76955199241638,48.09684753417969,17.527136251516858,-1.6846843957901,2.3779069635861485,0.9461279461279462,0.8665411868124424,17.527136251516858,206.24195338512763,41.61945425438573,0.6804875866797789,0.9706264360879958,2.5941315988277562,-0.05877269070047789,0.9982713913700152,56.0,5.0,27.0
405,5899,0.9497098646034816,alpha,459.0,123.11269783973694,51.549068450927734,8.904137626404369,12.804267883300781,4.0664334927815,0.8660377358490566,0.7024003450773328,8.904137626404369,222.25145067698259,29.8961876111137,0.38055449216917564,0.9560227792408474,2.3882623205293103,0.43222009651953464,0.9017681454590444,64.0,1.0,46.0
406,5914,0.9570164348925411,alpha,739.0,114.42640614509583,42.0,17.595238095238095,0.0,1.9090909090909092,0.9390088945362135,0.7997835497835498,17.595238095238095,212.86219974715553,36.2653163906064,0.7092539879090768,0.9464051184173806,2.7244382415499007,0.0,1.0,36.0,13.0,3.0
406,5913,0.9478943611705924,alpha,1314.5,202.89444243907928,85.8650131225586,15.308912817887318,26.565052032470703,4.8000005970946225,0.9319390287132222,0.8557943217436385,15.308912817887318,218.5117773019272,37.734109168910386,0.40126395734060005,0.9366146369904584,2.3629466188921424,0.8000000179153027,0.599999976112929,83.0,10.0,47.0
406,5912,0.7827338129496403,alpha,627.0,146.42640614509583,61.626041412353516,10.174270253781254,10.304847717285156,4.655405441427033,0.8830985915492958,0.7685931469307002,10.174270253781254,229.02158273381295,26.798654434679115,0.3674841382041617,0.9475879550582762,2.3760475732219155,0.35200004079232017,0.9359999846592973,79.0,2.0,59.0
406,5911,0.8166666666666667,alpha,418.0,141.0538227558136,52.242713928222656,8.001115726382416,-73.0724868774414,2.9622643754065106,0.6465583913379737,0.4536789591813949,8.001115726382416,224.66666666666666,31.424733712298828,0.2640075972117096,0.8490883123157431,2.699971195018895,-0.5570934272987802,-0.830449825853735,58.0,9.0,24.0
407,5929,0.8797101449275362,alpha,643.5,105.49747383594513,36.0,17.875,0.0,1.565217391304348,0.9272334293948127,0.7771739130434783,17.875,173.6623188405797,30.070215421452314,0.726564700673171,0.9374252291969009,2.930485384331809,0.0,1.0,35.0,3.0,17.0
407,5928,0.9372804816859006,alpha,1903.5,211.37972366809845,87.48255920410156,21.758622716546633,32.735225677490234,2.8888888329019258,0.9342331288343558,0.7185231291474458,21.758622716546633,208.7922729553437,41.256117556395864,0.5353478878128988,0.9442907129670648,2.4162498855907732,0.9097472838016349,0.4151624737564169,96.0,8.0,65.0
407,5926,0.5672131147540984,alpha,255.5,110.66904675960541,40.76289367675781,6.267955411263675,-65.77225494384766,2.829114140212043,0.5969626168224299,0.43502214108846554,6.267955411263675,197.46229508196723,28.778510675498868,0.2621491356442769,0.847577924335242,2.714945794505916,-0.7484407423800087,-0.6632016700413694,49.0,9.0,17.0
408,5951,1.0,electron_positron,49.5,44.041630148887634,18.30510711669922,2.704163361865421,56.309932708740234,3.47368400097654,0.6875,0.513157827826613,2.704163361865421,113.5072463768116,11.962045276630889,0.32069212245778267,0.9260452075943327,2.405975002938373,0.9230769199256638,-0.384615392178407,25.0,0.0,20.0
408,5951,0.8865546218487395,electron_positron,189.0,113.39696860313416,46.49293518066406,4.0651337513017065,66.44773483276367,4.754807681991832,0.5235457063711911,0.41573906043798964,4.0651337513017065,120.72689075630251,17.367414661177335,0.18470080080971885,0.8930107594263865,2.4390150495444476,0.7325967205878628,-0.6806629452114379,50.0,8.0,20.0
408,5951,0.7987804878048781,electron_positron,116.0,104.76955199241638,43.18461227416992,2.686141981860128,-84.2894058227539,6.477611378776351,0.5617433414043583,0.40291629241078963,2.686141981860128,123.51219512195122,27.029227136040774,0.13279987908767296,0.8637882879386278,2.4260852760991987,-0.19801983755550268,-0.9801980126150492,35.0,14.0,6.0
408,5940,0.8640497845859263,alpha,1994.5,223.0365778207779,87.27671813964844,22.852600813984207,19.798873901367188,2.5043195799577096,0.8904017857142857,0.6557329020993441,22.852600813984207,176.32934418382,48.62183677716446,0.5038389276891866,0.899613830642875,2.555510594061349,0.6373937017231429,0.7705382982069542,93.0,13.0,42.0
408,5939,0.5621621621621622,alpha,151.5,67.89949476718903,30.0,5.05,0.0,5.0,0.9588607594936709,0.8416666666666667,5.05,191.22702702702705,40.37342348121912,0.41294233705852923,0.9839701130431129,2.263316492239634,0.0,1.0,10.0,6.0,0.0
409,5965,0.6018735362997658,electron_positron,369.0,134.71067690849304,49.60748291015625,7.438393934808045,17.818885803222656,3.110874151588057,0.612448132780083,0.4664600190062504,7.438393934808045,103.69320843091334,26.860504000968902,0.25552429181818315,0.8247852622824193,2.7155313877236336,0.5826588712725765,0.8127168262853717,60.0,13.0,17.0
409,5960,0.7799552071668533,alpha,1643.0,342.81832242012024,137.51773071289062,11.947550264847328,14.036247253417969,4.200000932053314,0.543859649122807,0.36489638091016613,11.947550264847328,125.93169092945129,37.25436660408184,0.1756788082746403,0.8549439327926547,2.4929027016585663,0.4705883518869788,0.8823528789936014,128.0,18.0,25.0
409,5959,0.7580645161290323,alpha,331.5,86.04163014888763,36.0,9.208333333333334,0.0,3.0,0.9807692307692307,0.7673611111111112,9.208333333333334,186.93279569892474,46.47277269392788,0.5626989915768549,0.9822842405006174,2.3900452819135456,0.0,1.0,10.0,4.0,0.0
409,5961,0.5240506329113924,electron_positron,328.5,152.1248904466629,52.35075759887695,6.274980822952734,16.14434051513672,3.2208395742985045,0.47300215982721383,0.3860633062350168,6.274980822952734,137.45316455696204,22.27866570694436,0.17837939267599617,0.7895681555293755,2.905877534997246,0.5341853547079685,0.8453673797914857,62.0,10.0,26.0
410,5973,0.8823529411764706,electron_positron,60.5,54.870057225227356,23.020057678222656,2.6281428502776505,-3.179830312728882,3.4873947485541414,0.5525114155251142,0.39814720287078076,2.6281428502776505,86.0,10.254410815667102,0.2525192044371384,0.9181726759683867,2.3835760097654015,-0.11076923746004777,0.9938461531004281,26.0,5.0,16.0
410,5972,0.603448275862069,electron_positron,89.5,60.5269113779068,25.586933135986328,3.4978791527822524,-46.97493362426758,4.007632919602204,0.6884615384615385,0.547866192754642,3.4978791527822524,106.39655172413794,9.117886277989978,0.30699823139243615,0.9298354231287903,2.365539904928258,-0.9976247040174969,-0.06888359698797364,31.0,1.0,16.0
410,5970,0.820580474934037,electron_positron,270.0,250.7939372062683,104.92378234863281,2.573296482039357,-67.58384704589844,9.517818785182314,0.28846153846153844,0.23342819948309743,2.573296482039357,105.14511873350924,16.585989133602823,0.05394355465213844,0.8708420047116491,2.3902487271469988,-0.7050341854665652,-0.7091733196641686,110.0,13.0,24.0
411,5981,0.6893617021276596,electron_positron,157.5,174.1248904466629,75.7081527709961,2.0803571905447216,-11.802434921264648,10.160785142163569,0.3523489932885906,0.2792045725381636,2.0803571905447216,97.41276595744681,15.326373001162287,0.06527828104953368,0.8934592393442723,2.2999490024985842,-0.4004269171649892,0.9163286986719028,89.0,7.0,53.0
412,5985,0.6886792452830188,electron_positron,177.5,82.32590091228485,33.10511016845703,5.361709992710559,24.623565673828125,2.9328856542743833,0.6761904761904762,0.47501072311741327,5.361709992710559,83.48113207547169,6.249122401895937,0.3291055736151279,0.9091599243371244,2.486803411719983,0.7575323014323213,0.6527976809752396,39.0,5.0,24.0
412,5984,0.6612244897959184,electron_positron,186.0,137.53910398483276,47.37685012817383,3.92596805183953,47.81555938720703,3.0356081347178594,0.4189189189189189,0.2515511377933365,3.92596805183953,106.28163265306124,7.780028683368283,0.12355787392518904,0.8134237083502659,2.9030867103391853,0.9951742534764135,-0.0981234182938155,74.0,6.0,48.0
412,5984,0.5525525525525525,electron_positron,239.5,233.46298396587372,101.97437286376953,2.3486293004219294,54.75242614746094,8.60753652942527,0.25891891891891894,0.1982450289198374,2.3486293004219294,119.77177177177177,11.787489506796513,0.05521782774543442,0.9046904025450332,2.289427994597854,0.9426132181020672,-0.3338866889519026,97.0,6.0,36.0
413,5990,0.8571428571428571,electron_positron,149.0,71.4558436870575,29.0,5.137931034482759,-90.0,3.625,0.7339901477832512,0.6422413793103449,5.137931034482759,116.11538461538463,23.511112280711977,0.36670820705465246,0.9431226337785953,2.4639946098985344,-1.2246467991473532e-16,-1.0,34.0,2.0,22.0
413,5988,0.7876984126984127,electron_positron,425.0,180.02438521385193,70.22135925292969,6.052289567184199,32.660911560058594,3.7433836874593927,0.3904455672944419,0.32263747495934114,6.052289567184199,128.95436507936506,29.15571054075961,0.16479199868470712,0.8744889936714918,2.5636699022789307,0.9086672710479834,0.4175210060897664,87.0,7.0,35.0
414,5993,0.5408805031446541,electron_positron,87.0,170.99494767189026,72.90184020996094,1.1933855133071491,23.962486267089844,8.547617365043953,0.1918412348401323,0.1399224314140471,1.1933855133071491,116.63522012578618,19.244021005195293,0.037390610772189366,0.8796146563119803,2.345550498854573,0.7422679779062217,0.6701031629346401,68.0,10.0,10.0
460,7516,0.9947800149142431,v_track,1271.0,166.99494767189026,69.0696792602539,18.401706995205288,51.709835052490234,2.8338981841169653,0.9318181818181818,0.7550138439454659,18.401706995205288,229.14541387024607,31.639216222957536,0.5727284414156228,0.9511490921780197,2.417775056441986,0.9726962599535303,-0.232081851665343,73.0,7.0,42.0
460,7516,0.9938869077941925,v_track,3702.0,522.2152910232544,167.482421875,22.10381220044081,-27.758541107177734,2.6795830045230864,0.4674832680894052,0.3536430799387211,22.10381220044081,227.78986245542538,29.217959520898738,0.17058746281026788,0.7677543322743007,3.1180304486700594,-0.8242950208482547,0.5661605060446864,261.0,19.0,124.0
461,7532,0.9651162790697675,alpha,1028.0,207.82337474822998,72.09992980957031,14.257988915039784,-55.30484390258789,2.2440943788063126,0.5865905848787446,0.4437767534841125,14.257988915039784,200.61627906976744,43.48641537025054,0.29909847104583326,0.8445867601078555,2.8824351881774533,-0.9360000315309297,-0.3519999161563801,83.0,6.0,28.0
461,7530,1.0,alpha,799.5,134.1248904466629,49.38868713378906,16.187917646691716,67.61986351013184,2.0636363484216993,0.8332464825429912,0.6763892137986296,16.187917646691716,194.54142357059507,38.26314921006505,0.5584825032597308,0.9315547686243834,2.7157006640677017,0.7041420474739484,-0.7100591362549994,56.0,8.0,14.0
461,7524,0.8186274509803921,alpha,172.5,72.18376553058624,27.246145248413086,6.3311708290201905,74.47588920593262,2.252212015101434,0.7371794871794872,0.5233451881274649,6.3311708290201905,154.4558823529412,12.819371627631766,0.41602544717588225,0.8991193527155006,2.6493202936584392,0.5157593062594358,-0.856733528004353,24.0,8.0,8.0
461,7537,1.0,electron_positron,50.0,149.1959581375122,63.547584533691406,0.7868119672352172,-20.772254943847656,9.297169960059595,0.1488095238095238,0.11511255132154317,0.7868119672352172,146.140350877193,25.42683938833907,0.02822706690777124,0.892010663658906,2.347783306514382,-0.6632016700413695,0.7484407423800086,67.0,7.0,17.0
461,7557,0.9741046831955923,v_track,3417.0,549.9209156036377,188.44488525390625,18.13262267848774,-13.332783699035645,2.162385088660961,0.3342136150234742,0.20806992370977434,18.13262267848774,212.35895316804405,36.32973148177336,0.14198889096702066,0.840288366409775,2.9182055796456723,-0.44878203501039265,0.8936412507555427,262.0,10.0,161.0
461,7518,0.9975186104218362,alpha,345.5,123.35533845424652,53.34333801269531,6.476910011101547,16.58734130859375,4.0811231902933045,0.7015228426395939,0.49552706359430526,6.476910011101547,224.93548387096774,29.305116999153952,0.2853264396994989,0.9497449833226753,2.3124788033491432,0.5471934275888608,0.8370061844476145,49.0,11.0,17.0
462,7582,0.9536842105263158,v_track,1795.0,243.62236428260803,98.71744537353516,18.18320959591217,-55.00798034667969,3.1710523405520066,0.792319576252483,0.5840903715618522,18.18320959591217,157.40736842105264,41.19028179227984,0.38004936372789877,0.8899262460428241,2.4678754941517154,-0.9395973089217928,-0.34228189707743095,123.0,13.0,58.0
463,7615,0.8917525773195877,electron_positron,150.5,96.18376553058624,35.0,4.3,0.0,3.1818181818181817,0.49917081260364843,0.39090909090909093,4.3,117.70103092783505,12.669197118926679,0.20442914541059476,0.8641778601383368,2.7481075865881786,0.0,1.0,50.0,5.0,33.0
463,7603,0.9864864864864865,electron_positron,52.5,45.55634891986847,20.2210750579834,2.596301128869639,-80.53768157958984,4.392856887584682,0.7291666666666666,0.5640243786987007,2.596301128869639,99.08108108108108,10.5545644753205,0.3178859594881723,0.9546423928867297,2.2529142881492126,-0.3243241992582341,-0.9459459888257391,24.0,2.0,16.0
463,7584,0.5363636363636364,alpha,1080.5,317.0609630346298,125.22927856445312,8.628173957289766,44.64849853515625,4.419473299750756,0.49113636363636365,0.30449735770234543,8.628173957289766,175.80661157024792,49.547128804967805,0.13506694795579313,0.855633207471538,2.531843724320783,0.9999247279817417,0.01226940791724501,158.0,18.0,98.0
463,7601,1.0,electron_positron,54.0,48.28427076339722,21.0,2.5714285714285716,61.927513122558594,4.576923468644366,0.6792452830188679,0.5604396084054325,2.5714285714285716,108.14666666666668,10.577577962631885,0.29106653144049266,0.9409666509660752,2.299250988733201,0.8304498258537351,-0.5570934272987801,21.0,2.0,8.0
464,7631,1.0,alpha,606.0,156.56854152679443,44.904335021972656,13.495356288061524,-71.56505584716797,1.7974681012225069,0.6862967157417894,0.5402033552117733,13.495356288061524,219.16543574593797,34.05021643956422,0.31065151512237693,0.7512340457775855,3.4867132861489227,-0.5999998695864778,-0.800000097810125,80.0,6.0,41.0
464,7657,0.8915416098226466,v_track,1358.5,260.634556889534,91.43618774414062,14.857356080957725,49.39870834350586,3.649350402191427,0.7515905947441217,0.5929785539754068,14.857356080957725,217.69508867667122,36.02103281899124,0.2513075361641719,0.7771133151169374,2.8504530134048145,0.9882352781630185,-0.1529412795619985,130.0,13.0,69.0
464,7656,0.9470954356846473,v_track,864.5,247.94826519489288,100.79256439208984,8.577021581046761,-35.753883361816406,4.354838130157452,0.5164277180406213,0.3705783343206329,8.577021581046761,215.3143153526971,33.44816641558172,0.17670657673961462,0.896834482550256,2.459985681387741,-0.9483666586940872,0.3171761035724677,114.0,8.0,54.0
464,7623,0.9695756605284227,alpha,1166.0,183.88224983215332,76.06966400146484,15.328055083529051,4.763641357421875,3.5230770114135317,0.835243553008596,0.7099008415946417,15.328055083529051,224.759807846277,34.90676065513188,0.43334001785382925,0.9356115782341987,2.417287525137647,0.16551722990527143,0.9862068984774369,78.0,6.0,30.0
464,7621,0.9586998087954111,alpha,2494.0,273.13708305358887,111.00349426269531,22.46776118684899,-10.660347938537598,3.6715102994173057,0.8482993197278912,0.7431353143455671,22.46776118684899,228.98087954110898,30.98019501805029,0.4200925492763231,0.9240662540481575,2.4606169820852335,-0.363587744071457,0.9315599563962744,124.0,15.0,70.0
464,7620,0.9987261146496815,alpha,721.0,138.42640614509583,58.197242736816406,12.388903083614391,9.462318420410156,3.6875000604268164,0.9178866963717377,0.7849870323933686,12.388903083614391,225.68789808917197,32.33113967056002,0.4728324141437355,0.9505070034765563,2.3785732731548346,0.32432419925823386,0.9459459888257391,66.0,3.0,36.0
465,7676,0.9792,alpha,1120.0,286.99494767189026,84.0,13.333333333333334,0.0,1.9534883720930232,0.5309315003555345,0.31007751937984496,13.333333333333334,221.45280000000002,34.862216971386005,0.17087533693994567,0.7400257337262185,3.4166065199034557,0.0,1.0,95.0,10.0,24.0
465,7701,0.9967400162999185,v_track,1147.5,188.89444243907928,71.55884552001953,16.03575339514067,50.63068389892578,2.9278182756066937,0.8249460819554277,0.6561001859690445,16.03575339514067,196.28606356968214,40.94694712628217,0.4041328906146791,0.8740451660027815,2.6397077966585356,0.9807465541061833,-0.19528491137015008,88.0,11.0,46.0
465,7700,0.9521531100478469,v_track,938.0,254.2497808933258,92.06207275390625,10.188777766359818,-37.51911544799805,4.850746726148153,0.610875936177141,0.536846270295646,10.188777766359818,195.7397129186603,36.62364130326096,0.18234402109669373,0.7994918267475949,2.7617212309890973,-0.9660983095518635,0.2581744686854837,117.0,17.0,48.0
465,7661,0.995475113122172,alpha,1245.5,181.78174459934235,70.40229797363281,17.691183893833504,10.885528564453125,2.7779430998168313,0.8625346260387812,0.698061052550747,17.691183893833504,207.12443438914028,38.07837504143556,0.47364511405042203,0.9028235979851678,2.5820427717774717,0.37089876506255265,0.9286733042760912,77.0,9.0,33.0
465,7660,0.9932699920823437,alpha,2377.0,340.73506212234497,106.10282135009766,22.40279730316344,-12.724355697631836,2.7983402855322996,0.7589399744572158,0.5908480981405959,22.40279730316344,208.44418052256532,34.44509572836471,0.25727962554317085,0.7187486366425065,3.2113666515808568,-0.42970297068186736,0.9029702968465675,155.0,25.0,59.0
465,7659,0.9958088851634534,alpha,1118.5,169.78174459934235,67.31392669677734,16.616175209008393,11.888656616210938,2.878854810436837,0.859062980030722,0.7106338655148647,16.616175209008393,221.6655490360436,36.900259235618016,0.48760019282950495,0.9146539122547379,2.52223801122377,0.40318297840348327,0.9151193834280292,71.0,13.0,33.0
466,7747,0.7113970588235294,v_track,2008.5,402.17366087436676,152.9462890625,13.132061015087762,29.941944122314453,3.8843306298447624,0.47286639199529135,0.3335109805315463,13.132061015087762,217.18841911764704,37.885049798517,0.1560466505646868,0.827879378947895,2.629509112901866,0.865010359951697,0.5017540006579276,178.0,22.0,80.0
466,7745,0.9975186104218362,v_track,357.5,104.32590091228485,44.00009536743164,8.12498238957494,30.068584442138672,3.354166619714941,0.8143507972665148,0.6193746738343667,8.12498238957494,173.3771712158809,25.500677263189537,0.4127638195723127,0.934382565378829,2.3710380634653276,0.8672199451742607,0.4979252621548261,56.0,4.0,42.0
466,7745,0.8917378917378918,v_track,647.5,123.15432798862457,46.56656265258789,13.904827050059616,3.3664627075195312,2.3742512236039817,0.83656330749354,0.7089540381991475,13.904827050059616,218.66666666666669,39.269033347626205,0.5364759768590665,0.9252025805012877,2.6446944110396,0.11724145017045244,0.9931034399104302,58.0,3.0,28.0
466,7714,1.0,alpha,402.0,106.91168737411499,31.996793746948242,12.563758830940413,-70.70995330810547,1.7295917262682323,0.7723342939481268,0.6791359627055301,12.563758830940413,166.30734966592428,26.977578157893596,0.4419626297889867,0.8319506496807085,3.3413250158638754,-0.6236080307164618,-0.7817371834740474,56.0,16.0,27.0
466,7714,1.0,alpha,1456.0,179.82337474822998,72.79185485839844,20.002237926651933,-60.461219787597656,2.4802372050112313,0.902665840049597,0.6815363447692802,20.002237926651933,204.75065274151436,38.2787695296214,0.5658208559660249,0.9373624256348064,2.470377696763454,-0.8578637143300389,-0.5138772690398646,71.0,10.0,23.0
466,7713,0.6237799467613132,alpha,943.0,424.81832242012024,87.81289672851562,10.738741518975289,-46.432098388671875,1.9060221347266677,0.36047400611620795,0.23308966902157185,10.738741518975289,157.09671694764864,31.060442233515033,0.06566214677356565,0.5129072141305961,4.837766868498808,-0.9987507769168331,-0.04996884637473971,224.0,18.0,95.0
466,7712,0.8427947598253275,alpha,390.5,149.9827550649643,33.0,11.833333333333334,-90.0,1.375,0.5925644916540213,0.4930555555555556,11.833333333333334,155.2008733624454,24.992729058417314,0.21814649940872552,0.6676694526121492,4.5449319716655845,-1.2246467991473532e-16,-1.0,78.0,8.0,38.0
466,7708,0.609073359073359,alpha,917.0,255.88224983215332,110.0909652709961,8.329475518202104,-3.7640347480773926,7.763888593712043,0.6853512705530643,0.5874153233935752,8.329475518202104,209.04826254826256,40.982310748401666,0.17599441191737486,0.9032341272297839,2.324280191406102,-0.13101189045802,0.991380796948688,120.0,16.0,38.0
466,7707,1.0,alpha,105.5,71.35533845424652,27.966609954833984,3.772355683094314,51.709835052490234,3.0633481170851415,0.5341772151898734,0.4132084188053317,3.772355683094314,157.98540145985402,16.91541231374321,0.2603810552769984,0.9020568843449155,2.5514475501136977,0.9726962599535303,-0.232081851665343,34.0,4.0,22.0
466,7703,1.0,alpha,1718.0,229.90663504600525,99.81206512451172,17.212348004791416,-34.508522033691406,4.15879803802376,0.9206859592711683,0.717174612335814,17.212348004791416,228.21192052980132,31.970345518289417,0.4084416419135428,0.9416833977701874,2.303395233423991,-0.9336869907280878,0.3580902167682435,93.0,11.0,41.0
467,7785,0.8548387096774194,electron_positron,93.0,69.94112491607666,27.56066131591797,3.374374763144265,19.29004669189453,3.2994354204240324,0.5867507886435331,0.40396460330481426,3.374374763144265,138.06451612903226,19.490172021073278,0.23890629121074608,0.8639481522584599,2.5377157722874153,0.6236080307164616,0.7817371834740475,33.0,5.0,18.0
467,7757,0.9873646209386282,alpha,1049.0,139.1959581375122,38.890869140625,26.97291223312429,45.0,1.0185185407193302,0.8973481608212147,0.7063974607328826,26.97291223312429,157.01263537906138,34.90220767050407,0.6803495513026825,0.9162596530384134,3.579142385175176,1.0,6.123233995736766e-17,43.0,12.0,6.0
467,7778,1.0,electron_positron,44.0,57.11269783973694,25.01065444946289,1.7592502462863346,-25.016895294189453,4.8139536078992275,0.47058823529411764,0.3386136531301194,1.7592502462863346,123.69565217391305,10.591635129648106,0.16951072819977367,0.9284472139879998,2.2835347213780506,-0.7664233983841316,0.6423357178371125,37.0,0.0,35.0
467,7754,0.9757033248081841,alpha,727.5,123.15432798862457,47.38126754760742,15.354169224557523,7.1250152587890625,2.1222223788452923,0.9071072319201995,0.687718231771515,15.354169224557523,168.9539641943734,36.38600850216941,0.6027587230347039,0.9442529677769759,2.5992197837443336,0.24615380927256733,0.9692307785974424,54.0,5.0,21.0
467,7753,0.9689530685920578,alpha,1298.5,214.4924215078354,83.04517364501953,15.636068214517785,-52.9434700012207,2.8422523280708303,0.7338231138739757,0.5351503204094122,15.636068214517785,208.7263537906137,43.777953735591154,0.35467282453660653,0.903037638548535,2.5828403035761385,-0.961803730816975,-0.2737399923039158,97.0,5.0,54.0
467,7786,0.9542857142857143,v_track,1928.5,405.20309841632843,131.0,14.721374045801527,0.0,2.0153846153846153,0.40244156928213687,0.2264826776277158,14.721374045801527,214.1861904761905,34.3759619745833,0.14759919609489394,0.794364799794988,3.093153423025408,0.0,1.0,184.0,14.0,76.0
468,7794,0.9990286546867412,alpha,1977.0,200.1076455116272,82.5703353881836,23.943223564560242,-37.34934997558594,2.707133200565482,0.9686428221460068,0.7849973617699352,23.943223564560242,227.36279747450217,31.724163196114624,0.6204248284037159,0.9583483066037476,2.4234810791414567,-0.9645514308950376,0.2638949358330611,81.0,2.0,57.0
468,7792,0.5380952380952381,alpha,919.0,317.1614682674408,130.12802124023438,7.062275989760872,32.99770736694336,6.4543489868427875,0.43145539906103286,0.350288842056284,7.062275989760872,199.12571428571428,38.841943525919916,0.11480598683730181,0.8624099143091165,2.4373033974128964,0.9135129044009316,0.40680975098069416,139.0,15.0,47.0
468,7791,0.9977037887485649,alpha,1622.5,262.2670258283615,115.68933868408203,14.02462853064302,-79.08887481689453,5.955542472560404,0.8086219785696487,0.7219703373377413,14.02462853064302,228.93513203214695,29.753789423004516,0.296419784326236,0.9426336125898175,2.266993906366304,-0.37172837772064987,-0.9283415390884833,139.0,9.0,92.0
468,7822,1.0,v_track,1116.5,198.89444243907928,58.86542510986328,18.96699119926891,21.801406860351562,1.5167464886109487,0.6949891067538126,0.4887099217803084,18.96699119926891,209.07493755203998,31.55497239392346,0.35466905288073997,0.7825311730768616,3.37879905000046,0.6896551060359032,0.7241379942515149,94.0,8.0,46.0
468,7821,0.9865642994241842,v_track,972.0,157.88224983215332,56.56854248046875,17.182694787223827,-45.0,1.9512197175889467,0.8663101604278075,0.5926829895205411,17.182694787223827,203.44625719769672,26.275074677937074,0.4900151595541166,0.873952508976389,2.790990237845793,-1.0,6.123233995736766e-17,55.0,18.0,3.0
469,7860,0.9847122302158273,v_track,1044.0,161.33809351921082,69.13433074951172,15.101035747096946,28.442928314208984,3.3047286331131507,0.9521203830369357,0.7218530169028791,15.101035747096946,219.76438848920864,36.93439485340474,0.5040069454336727,0.9496449171109632,2.333689959388958,0.8375838867028766,0.5463087339002579,68.0,9.0,33.0
469,7859,0.9893939393939394,v_track,1899.0,193.9655101299286,76.9559326171875,24.6764600910817,-35.537681579589844,2.398550706544827,0.9497374343585896,0.7691121239595,24.6764600910817,218.32020202020203,32.45236596189627,0.6342869889142174,0.9427948374649698,2.520475076233537,-0.9459459888257391,0.32432419925823386,73.0,6.0,37.0
469,7823,0.9977095739807604,alpha,2060.5,274.06601536273956,113.71366119384766,18.120074390072325,-80.90972137451172,4.533858244123823,0.8280088406670685,0.7224624358679184,18.120074390072325,227.44571690334402,31.117772512279817,0.344724469228584,0.9171870507056789,2.410141512333679,-0.3120125370327248,-0.9500779845541115,134.0,11.0,75.0
470,7911,0.9891146589259797,v_track,1304.5,173.5807341337204,68.75706481933594,18.972595811465574,31.159305572509766,2.4963871174153947,0.8763856231105139,0.6888447593294075,18.972595811465574,209.80188679245282,38.710819089529124,0.5440651470963578,0.937244451703405,2.5245512528758476,0.8855445717119611,0.46455442255077006,70.0,5.0,36.0
470,7910,0.9903381642512077,v_track,964.0,168.16652059555054,53.1832389831543,18.12601147337689,-27.89727020263672,1.9301888216110996,0.8053467000835421,0.6578505821615823,18.12601147337689,190.94106280193236,35.875030068911826,0.4283589256733421,0.8089564635150992,3.162021039162677,-0.827027010772948,0.5621621860744122,67.0,12.0,22.0
470,7864,0.9979188345473465,alpha,1804.5,261.5807341337204,106.23514556884766,16.985904150058893,-83.65980529785156,3.910569554353084,0.8018218173739169,0.6252597411779546,16.985904150058893,213.35171696149845,34.84631218821644,0.33140208910426966,0.9016371762216048,2.462280563866674,-0.21951229579725912,-0.9756097334456112,133.0,15.0,68.0
470,7909,0.9630384167636787,v_track,3218.0,516.0142805576324,201.8536376953125,15.942244275316963,-52.66286849975586,3.151758746080011,0.3927024223564586,0.2489234695027795,15.942244275316963,234.7837601862631,25.83600071622624,0.1518701641056161,0.8753868269621057,2.556378405904822,-0.9644387905940489,-0.26430629806625555,259.0,12.0,163.0
471,7922,0.998262380538662,alpha,1042.5,246.89444243907928,58.0,17.974137931034484,-90.0,1.5263157894736843,0.6455108359133127,0.47300362976406535,17.974137931034484,212.4900086880973,33.40093740523065,0.2149133032589592,0.6424457310126102,4.256800731708264,-1.2246467991473532e-16,-1.0,117.0,23.0,50.0
471,7952,0.9685798072894847,v_track,2283.0,238.30865597724915,95.18331909179688,23.985295131368815,27.979473114013672,2.6777952171143746,0.8768964855002881,0.6747790389817516,23.985295131368815,223.5073313782991,34.05999427130865,0.5051683589928029,0.9204674474371083,2.5036808786571,0.8286366849214424,0.5597867847693462,95.0,14.0,47.0
471,7952,1.0,v_track,289.5,91.35533845424652,36.36084747314453,7.961860630828792,55.491477966308594,2.1329303973156497,0.8224431818181818,0.4670434200200684,7.961860630828792,180.1238670694864,28.47694363130495,0.43590371491146607,0.9198574959254956,2.5124644996715197,0.9336869907280879,-0.3580902167682434,34.0,4.0,16.0
471,7952,0.9939849624060151,v_track,612.0,118.91168737411499,46.0,13.304347826086957,-90.0,2.0,0.934351145038168,0.5784499054820416,13.304347826086957,217.17142857142858,34.342337954115386,0.5438914133248602,0.9579404386509982,2.585036682045978,-1.2246467991473532e-16,-1.0,24.0,5.0,6.0
472,8003,0.9732620320855615,v_track,159.0,63.11269783973694,27.280029296875,5.828439488450765,26.565052032470703,2.904761991801932,0.905982905982906,0.6206089191960171,5.828439488450765,187.21390374331548,37.68015150422195,0.5016184457068239,0.9541750217737953,2.313512832149585,0.8000000179153027,0.599999976112929,29.0,3.0,20.0
472,8002,0.9852941176470589,v_track,241.0,68.28427076339722,27.70566177368164,8.69858305384109,-66.80140686035156,2.2688172126985386,0.9469548133595285,0.712327145254829,8.69858305384109,203.3125,37.39074464257791,0.6495095709741388,0.9597542521867374,2.464632367246405,-0.724137994251515,-0.6896551060359031,27.0,3.0,13.0
472,8001,0.8381147540983607,v_track,839.0,303.4802289009094,138.31793212890625,6.065735563615054,16.389541625976562,12.133662916979238,0.7524663677130045,0.5321044751004993,6.065735563615054,203.8125,44.67485777840255,0.11447509666604123,0.9298259098356199,2.194077255421077,0.5414013118015305,0.8407643067944678,156.0,9.0,79.0
472,7953,1.0,alpha,598.0,125.0538227558136,52.54249954223633,11.381262886423917,28.178592681884766,3.566239402544839,0.9300155520995335,0.7724852930466173,11.381262886423917,226.43251533742333,31.29623036049814,0.4805262351233172,0.9506201523804098,2.38005088919093,0.8325074828398588,0.5540138003837469,50.0,5.0,35.0
472,8000,0.9403669724770642,v_track,1194.5,265.1787132024765,118.17134857177734,10.10820316799939,-66.94869995117188,7.708812198562588,0.7894910773298083,0.6594004454446306,10.10820316799939,220.58409785932722,33.60566599365753,0.21346107903644476,0.9333086313835711,2.244018676332587,-0.7205825776970807,-0.6933691287614632,149.0,11.0,123.0
473,8036,0.9499589827727646,v_track,1112.5,235.4385987520218,106.03137969970703,10.492176968277947,16.699241638183594,7.188312028792568,0.8528171713300114,0.7113086910959162,10.492176968277947,219.19031993437244,36.27519741246849,0.252205501014567,0.9421693904790268,2.2204615220400865,0.5504586399487263,0.834862435198637,118.0,7.0,65.0
473,8004,1.0,alpha,784.0,136.22539567947388,55.31623840332031,14.17305338594645,25.82099151611328,2.8863637177924906,0.9089855072463768,0.7395402913202489,14.17305338594645,230.71919431279622,28.83994171654013,0.5308963880752003,0.9522430220006968,2.4626655682230383,0.7841483880535045,0.6205733683563052,54.0,2.0,38.0
473,8035,0.9773848684210527,v_track,2249.0,422.81832242012024,160.35018920898438,14.025552517863753,-53.358070373535156,3.9033089990395604,0.4150212216276066,0.34141565800168167,14.025552517863753,221.6986019736842,34.182030588465544,0.1580853852433302,0.8561093478847006,2.6368433021869477,-0.957741504743517,-0.28763033583338127,223.0,17.0,135.0
474,8074,0.9382022471910112,electron_positron,125.0,118.08326029777527,49.201908111572266,2.540551876901702,86.8201699256897,4.900552633128732,0.3324468085106383,0.2530411658368696,2.540551876901702,147.8370786516854,29.971172974097065,0.11265311521972914,0.8949873980745053,2.3999731886414817,0.11076922918888392,-0.9938461540222916,58.0,3.0,33.0
474,8069,1.0,electron_positron,16.5,132.1248904466629,58.87036895751953,0.28027682333545917,68.5870304107666,16.709848217437347,0.09348441926345609,0.079554167227668,0.28027682333545917,106.10958904109589,28.321327286749238,0.011877486016954915,0.9127164809899578,2.2443360350264383,0.6797734117915144,-0.7334221898888281,53.0,4.0,2.0
474,8047,0.9698996655518395,alpha,547.5,114.32590091228485,41.81975555419922,13.091898619312332,-28.610458374023438,1.984848571260192,0.8135215453194651,0.62136748350783,13.091898619312332,213.6153846153846,45.14709401236994,0.5263864759352196,0.9124189207130503,2.733777359461517,-0.8407643067944678,0.5414013118015305,53.0,4.0,33.0
474,8065,0.6923076923076923,electron_positron,97.0,75.5979790687561,28.284271240234375,3.429467889631093,45.0,3.0769232684543293,0.4743276283618582,0.37307694649075335,3.429467889631093,154.31538461538463,27.335531854623643,0.21328544855408008,0.8518078994639936,2.672792182858789,1.0,6.123233995736766e-17,28.0,9.0,4.0
474,8078,0.8632911392405064,v_track,677.0,290.27416610717773,133.70489501953125,5.063389787644691,-45.90938186645508,12.78326275780159,0.643230403800475,0.4841007660278719,5.063389787644691,176.70759493670886,40.396068464396784,0.10096753660096727,0.9392954960317244,2.1710062751612442,-0.9994962200923371,-0.031738084711125755,150.0,5.0,110.0
474,8077,0.7804428044280443,v_track,970.0,239.25483322143555,108.76749420166016,8.918105607927066,6.009002685546875,6.514106560154185,0.744721689059501,0.5341070939543519,8.918105607927066,203.49723247232473,44.361386916634565,0.21294142631935004,0.9598882142489689,2.1996905875007617,0.20821906637295962,0.9780822155620523,138.0,6.0,80.0
475,8090,0.9995855781185247,alpha,2272.5,329.11983811855316,137.0529022216797,16.581188454690928,-59.743560791015625,5.44,0.7610515740120563,0.6581521713974338,16.581188454690928,221.59096560298383,37.775709940661464,0.26363655892263466,0.898635599786179,2.401407287137998,-0.8704663563885264,-0.49222791712344277,161.0,13.0,89.0
475,8086,0.9989939637826962,alpha,901.0,215.48022890090942,75.15794372558594,11.988087424127778,-42.954593658447266,3.0111223306597457,0.6316158429723099,0.4802898530126198,11.988087424127778,200.5201207243461,34.421083123076,0.24384833724436192,0.7929555851288599,2.8670319891622276,-0.997452234646548,0.07133750485269114,113.0,17.0,53.0
475,8111,0.9850042844901457,v_track,2115.5,495.0609630346298,134.6824951171875,15.70731220979608,16.598106384277344,1.872885775010803,0.35737815693893066,0.21842483372307528,15.70731220979608,226.77463581833763,26.283353629151808,0.10846897320583895,0.6694720950555197,3.6757632282047963,0.5475079124612333,0.836800505372901,244.0,23.0,118.0
476,8156,0.9925373134328358,v_track,1251.0,204.99494767189026,87.23506927490234,14.340562922667553,-27.89727210998535,4.023980783277468,0.8819175185054635,0.6615017343580849,14.340562922667553,232.85223880597016,29.110299035102944,0.37409409989125963,0.9228167550271381,2.3499144251939925,-0.8270270482011578,0.562162131011757,90.0,7.0,53.0
476,8124,1.0,alpha,562.5,125.9827550649643,33.769832611083984,16.656878536477418,-5.19442892074585,1.2071198666470402,0.7705479452054794,0.5954086071219988,16.656878536477418,185.83656957928804,41.11001290498149,0.4453589534555392,0.8158277835760797,3.7306301312140366,-0.1803278692991847,0.9836065572951495,59.0,9.0,22.0
476,8155,0.9721448467966574,v_track,2373.0,340.1320307254791,145.5922088623047,16.29894908898792,32.92786407470703,6.3637310857982925,0.777905261432552,0.712415381248405,16.29894908898792,227.52049343414245,32.73283668016235,0.2577582284653131,0.9163097965084938,2.336196650791681,0.91251839207779,0.40903567585207634,171.0,16.0,107.0
476,8154,0.9902750764101139,v_track,3385.5,501.62950456142426,115.7393569946289,29.25106971310641,-18.43494987487793,1.2491466466717862,0.5065459714221591,0.31569965992972615,29.25106971310641,230.98694081689356,27.879640423756037,0.16906999383885776,0.6866116101937458,4.334130736398538,-0.6000000293761506,0.7999999779678862,255.0,25.0,144.0
477,8166,0.9744208494208494,alpha,1939.0,293.82337474823,124.99101257324219,15.513115383906387,81.25383853912354,5.498327460623083,0.7997525262940812,0.6824185720166485,15.513115383906387,218.3952702702703,39.95939827435076,0.28223767635244157,0.9186164707990709,2.3507560159659917,0.3005780079922651,-0.9537572338448616,146.0,10.0,78.0
477,8194,0.8442622950819673,v_track,314.0,114.42640614509583,42.93250274658203,7.313806088907741,63.4349479675293,2.3414634247827757,0.6645502645502646,0.3988821605443071,7.313806088907741,216.8415300546448,33.70138914712297,0.3013609637394453,0.8995409976289639,2.665262885337045,0.8000000179153028,-0.5999999761129288,37.0,11.0,10.0
478,8232,0.9523809523809523,v_track,42.0,43.31370830535889,20.0,2.1,-90.0,5.0,0.84,0.525,2.1,176.14285714285714,35.82579417604962,0.28132505956007997,0.9757243319044122,2.1656854152679443,-1.2246467991473532e-16,-1.0,11.0,6.0,0.0
478,8232,0.8981029810298103,v_track,1637.5,450.69343197345734,147.21038818359375,11.123535643135376,23.514556884765625,2.1759960808712755,0.25583938754784785,0.16442297492421182,11.123535643135376,210.84010840108402,40.996396377942766,0.10130449467094146,0.7951721771300789,3.0615599723259614,0.7317001517889419,0.6816266484462292,231.0,16.0,124.0
478,8200,0.6737588652482269,alpha,510.5,125.29646337032318,43.84062194824219,11.644451591099491,-45.0,2.214285962005986,0.7195207892882312,0.5881336657100892,11.644451591099491,178.79787234042553,36.98166493780876,0.4086278710493059,0.8634027916397374,2.857999220865228,-1.0,6.123233995736766e-17,54.0,9.0,18.0
478,8198,0.9386422976501305,alpha,670.0,238.04877042770386,102.11172485351562,6.561440431656095,-47.726314544677734,4.158904216005923,0.4695164681149264,0.26724063581760893,6.561440431656095,189.12271540469973,48.47747807876597,0.1485774093413605,0.901763228926756,2.3312579507318745,-0.995475101344556,-0.09502274781885621,84.0,10.0,5.0
479,8283,0.9366872005475702,v_track,2661.0,586.2741661071777,172.99111938476562,15.382292509949153,35.86982345581055,1.8412952859095058,0.2757941648960978,0.16372714845583428,15.382292509949153,205.98904859685146,35.76694492975577,0.09728664424464666,0.7362836027629437,3.3890419819944104,0.9496425234136208,0.3133354077097109,257.0,39.0,116.0
479,8234,1.0,alpha,972.5,144.18376553058624,56.256080627441406,17.287020161259154,-88.40885925292969,2.655307948740825,0.9231134314190793,0.8159537872576819,17.287020161259154,221.9471153846154,34.67866351544503,0.5878503039865738,0.9593162011613534,2.562989883448336,-0.05551273825096319,-0.9984579790316065,71.0,4.0,48.0
480,8323,0.9851506151887993,v_track,4497.0,498.27416610717773,132.18441772460938,34.02065143085903,-68.29456329345703,1.5763770128161503,0.518864659051575,0.4057162999981398,34.02065143085903,225.22910479422995,34.31207871309376,0.2276124479423461,0.7393465333218833,3.769537852375861,-0.6872253854898674,-0.7264442645780219,256.0,17.0,180.0
480,8323,0.9692470837751855,v_track,874.5,159.4385987520218,60.808692932128906,14.381167524453545,-15.524110794067383,2.5759639159622774,0.7644230769230769,0.6092117232933908,14.381167524453545,209.33297985153766,38.65730893052936,0.4322975160650735,0.9029716814027026,2.6219704957312238,-0.5157593062594359,0.856733528004353,66.0,6.0,33.0
481,8366,0.9475822836245429,v_track,2291.0,376.9360725879669,162.109619140625,14.132412451186067,1.8778762817382812,5.772462153251739,0.6624259071851959,0.5032324203898607,14.132412451186067,217.37301909792765,39.944605937038645,0.20262804338434692,0.913381944609694,2.325192512240663,0.0655033151068075,0.9978523516583093,212.0,6.0,139.0
481,8324,0.9683426443202979,alpha,481.0,133.1959581375122,57.56758117675781,8.355397085785457,-37.405357360839844,3.9614151083624245,0.8016666666666666,0.5749624280785531,8.355397085785457,225.292364990689,28.48970210557094,0.34070056035807395,0.9300980782127601,2.313732059169587,-0.9650655088546605,0.26200870905199936,53.0,4.0,26.0
482,8409,0.9722530521642619,v_track,2525.5,408.9188276529312,158.31143188476562,15.952732976594534,3.1798324584960938,4.9037801170491715,0.67096174282678,0.49414431953443094,15.952732976594534,179.06104328523864,40.45934425899985,0.18979423771854065,0.8212478655067588,2.583002520946067,0.11076931190052133,0.9938461448036537,198.0,24.0,95.0
482,8370,0.9261992619926199,alpha,235.0,86.56854152679443,37.38676834106445,6.285646244045206,50.194427490234375,4.231883788882445,0.8655616942909761,0.7114849884901123,6.285646244045206,189.09963099630997,40.95133958597659,0.3940556191067174,0.9437406949226865,2.315486076171774,0.9836065662996889,-0.1803278201835086,39.0,6.0,21.0
482,8367,0.8091451292246521,alpha,918.0,198.02438521385193,45.0,20.4,-90.0,1.1842105263157894,0.7157894736842105,0.5368421052631579,20.4,222.39662027833,34.894825624678084,0.2941813915237538,0.7469788883024795,4.400541893641154,-1.2246467991473532e-16,-1.0,70.0,17.0,15.0
483,8444,0.974633372968688,v_track,2411.5,252.06601536273956,84.60985565185547,28.501407801977695,-13.626995086669922,1.8839343472505727,0.7985099337748345,0.6346161530410757,28.501407801977695,218.2275069361871,37.60493791954539,0.476945261053177,0.8703614633423538,2.9791566646788366,-0.45793582663830035,0.8889852522292462,116.0,9.0,53.0
483,8443,0.9424083769633508,v_track,152.5,81.21320307254791,32.0,4.765625,-90.0,3.2,0.6931818181818182,0.4765625,4.765625,176.02617801047123,26.52518995495256,0.2905537123075535,0.8982921473115355,2.5379125960171223,-1.2246467991473532e-16,-1.0,22.0,12.0,0.0
483,8443,0.9772617319787131,v_track,1950.5,264.5512965917587,113.63361358642578,17.164815396075717,67.7965202331543,4.295714166948893,0.8179911931222479,0.6488849411965989,17.164815396075717,226.4208998548621,32.83343942718181,0.35021603747035357,0.923901067971347,2.328107751238151,0.6997501200455504,-0.7143876885111038,116.0,18.0,66.0
483,8411,1.0,alpha,711.0,170.02438521385193,54.455543518066406,13.05652196390466,-20.772254943847656,2.157088129263355,0.6856316297010607,0.5171937826396164,13.05652196390466,210.45987261146496,28.730972346203224,0.30907013256020405,0.7795231113093017,3.1222603656034376,-0.6632016700413695,0.7484407423800086,80.0,9.0,26.0
483,8410,0.9938271604938271,alpha,441.5,100.66904675960541,40.48792266845703,10.904486348072382,61.11341857910156,2.72008127184075,0.9353813559322034,0.732591033067323,10.904486348072382,233.27366255144034,24.651672239401645,0.547455293432859,0.9505483129197008,2.4863969333263363,0.8459434757833251,-0.5332725717488449,42.0,3.0,30.0
