image_id,annotation_id,label_overlap,label,area_pixels,perimeter_pixels,major_axis_pixels,mean_width_pixels,orientation_degrees,aspect_ratio,solidity,rectangularity,thickness_pixels,mean_intensity,intensity_stddev,circularity,convexity,perimeter_to_major_axis,orientation_sin_2x,orientation_cos_2x
1,9,0.9376657824933687,alpha,427.8400000000001,151.43717069625856,58.24017944335938,7.346131211976939,-40.95551300048828,3.014159288541139,0.53954802259887,0.3801913015902799,7.346131211976939,187.14323607427056,29.501798949419268,0.23443706486386917,0.865164205611447,2.6002181336603973,-0.9900507544204814,0.1407107091568927
1,8,0.9472324723247233,alpha,3311.6800000000003,433.9468371391297,129.08206787109376,25.65561626505061,-20.265697479248047,2.466357796707932,0.6722749123034949,0.49019922169084057,25.65561626505061,221.73763837638376,37.8184654954444,0.2209963875328505,0.7290035641630351,3.361790249382164,-0.6498646117594823,0.7600499893972089
1,7,0.9754366812227074,alpha,2253.76,250.59007062911988,104.7086669921875,21.524101726633166,12.094757080078125,3.2934972146662314,0.8665108267716536,0.6770172051769902,21.524101726633166,218.7115174672489,35.82701218139408,0.45101378251415525,0.9316142577248471,2.3932123082783283,0.40975609765860277,0.9121951219073656
1,6,0.9596935376415723,alpha,1800.6400000000003,362.62908697128296,156.64613037109376,11.494953598498057,-50.659481048583984,9.811942592366039,0.8232626188734455,0.7200166677796679,11.494953598498057,206.9307128580946,41.47715387088827,0.17207250632807503,0.8985187855253239,2.3149571975523227,-0.9805497562671303,-0.19627066893571074
1,5,0.9847125290794284,alpha,1827.5200000000002,264.876362323761,110.7289306640625,16.504449099616643,-83.08877563476562,4.704498450252154,0.8365314193642889,0.7012183242966338,16.504449099616643,218.10136257892987,37.47892765386386,0.32732983810309063,0.9104215886142065,2.3921152379531434,-0.23891393380762718,-0.9710407469476061
1,4,0.8799530378632228,alpha,2094.7200000000003,228.70579986572267,81.99107055664064,25.54814793585281,5.710594177246094,2.3732721633604337,0.8947512301804265,0.7395038009619331,25.54814793585281,220.1218080422659,37.43361779232877,0.503247338617239,0.9044111017204812,2.7893988737191737,0.1980198375555028,0.9801980126150492
1,3,0.8513420509291122,alpha,1757.4400000000003,287.5370830535889,116.04328613281251,15.14469348953627,-33.690067291259766,4.547825945515642,0.7633078526754691,0.5935322264983635,15.14469348953627,217.1641431520991,27.328207721571967,0.2671176870467429,0.8742444936583503,2.477843334464868,-0.9230769199256637,0.3846153921784071
2,20,0.9823761774536615,alpha,2022.7200000000003,234.041037273407,73.30371704101563,27.593689401428687,-9.904183387756348,1.6474558740973604,0.7850223546944859,0.6201511673271066,27.593689401428687,208.76572470373745,37.119811329215466,0.4640466098041934,0.8205599716790789,3.192758112695077,-0.33887531136353927,0.9408312937760225
2,25,0.5663082437275986,electron_positron,95.68,227.80184564590456,98.21021728515626,0.9742367204238059,70.34617614746094,12.499999611578382,0.19735973597359735,0.12399889709564445,0.9742367204238059,123.81003584229391,39.306576095756235,0.02316949424284678,0.8725852555439698,2.319533058199792,0.6334841573451588,-0.7737556606530863
2,19,0.9772172497965825,alpha,2276.8,227.80184564590456,86.15459594726563,26.426912864794897,6.483070373535156,2.453189291248046,0.9081046585832802,0.7524870719647039,26.426912864794897,173.1540547870898,42.70669515339629,0.5513409750429927,0.8986357498429901,2.6441055539897116,0.2243752058016438,0.9745028306893059
2,28,0.9560632688927944,v_track,2782.7200000000003,390.41142444610597,162.51945800781252,17.122380508223397,-50.92236328125,7.667986891915611,0.8689917058059359,0.807867506481205,17.122380508223397,222.22341827768014,38.48848281277476,0.2294216177869652,0.8869430333733217,2.4022441942141994,-0.9787074556387544,-0.20526011857425097
2,18,0.9678786526879322,alpha,2752.9600000000005,319.61748723983766,125.85245361328126,21.874504000210287,-86.02750396728516,3.7998661732534846,0.8005024658044105,0.6604574278901892,21.874504000210287,226.42047735891146,33.427147187922124,0.3386481438285261,0.8825933320079159,2.5396206276752977,-0.13822231072397656,-0.9904012281990185
2,27,0.984399375975039,v_track,2731.84,388.09587049484253,164.1947021484375,16.637808432639474,70.83982467651367,6.591002623804436,0.7688220461095101,0.6678646606681997,16.637808432639474,222.62558502340096,34.138651280021556,0.2279224372918649,0.8994476946896427,2.3636321112479677,0.6200577341133023,-0.7845561843273413
2,23,0.5422535211267606,electron_positron,325.12000000000006,105.66660823822022,29.6,10.983783783783785,0.0,1.1935483870967742,0.6710700132100397,0.44289450741063646,10.983783783783785,121.93838028169014,40.333749439587,0.3659131486183787,0.862231981049541,3.569817845885818,0.0,1.0
2,17,0.9022177419354839,alpha,1200.3200000000002,188.89991235733032,52.0,23.083076923076923,0.0,1.3829787234042554,0.8042452830188679,0.613911620294599,23.083076923076923,198.76663306451613,32.728715620441726,0.42271084838983364,0.8079601379298441,3.6326906222563524,0.0,1.0
2,16,0.9703196347031964,alpha,2132.1600000000003,306.54297056198124,115.52960205078125,18.45552968374984,-32.15229415893555,3.9879760490144025,0.7892679459843639,0.6370679812288942,18.45552968374984,224.75199771689498,28.31761660861815,0.2851326381556421,0.8379043388991747,2.653371647789799,-0.9011117463960407,0.4335869238192932
2,15,0.5556492411467117,alpha,1458.88,163.29991235733033,55.2,26.428985507246377,0.0,1.5681818181818181,0.9435016556291391,0.7508234519104084,26.428985507246377,224.83558178752108,32.05913773561649,0.6874759838979922,0.9074179181083559,2.95833174560381,0.0,1.0
3,42,0.757532281205165,electron_positron,751.0400000000001,411.3860287666321,116.09788818359375,6.469023784587087,-69.2957763671875,1.9292076380138372,0.15655016008537886,0.10749627138766679,6.469023784587087,98.39158345221114,26.708950941637653,0.05576655995387734,0.7090056341521759,3.5434411013237246,-0.6614224489597356,-0.7500135625521087
3,40,0.6927710843373494,electron_positron,152.96,163.10579986572267,66.19689331054688,2.3106824557827026,-26.2319393157959,5.24732071872291,0.3132372214941022,0.18316406281692227,2.3106824557827026,106.68975903614458,40.80024233556379,0.07225184311436651,0.856229402945938,2.463949465128988,-0.7929693970445179,0.6092614671476063
3,45,0.9938782263401721,v_track,3696.6400000000003,477.5683662414551,165.04443359375,22.39784717065421,-51.34019088745117,4.701067719597391,0.7211886627544013,0.6379724176679266,22.39784717065421,203.17769688947718,46.818391745998554,0.20367884289571697,0.7548981618920947,2.893574511073604,-0.9756097626754329,-0.21951216588696287
3,34,0.9886614173228346,alpha,1902.7200000000003,358.71353302001955,117.63576660156251,16.174672507933717,-83.2901611328125,3.9023256600296805,0.661327994661328,0.5365616376188769,16.174672507933717,213.52692913385826,41.053364340095804,0.18581861741711025,0.7248554565027959,3.0493577198761157,-0.23208198118768236,-0.9726962290499538
3,44,0.9946040311061736,v_track,3876.4800000000005,437.18014125823976,174.66904296875,22.193285851423255,72.4075756072998,4.8282776168320565,0.7252155172413793,0.6134764552385714,22.193285851423255,219.34454848436755,35.01697728051211,0.25487460137099655,0.866830104333145,2.5029056885395287,0.5762162113810715,-0.8172973007062022
3,37,0.9932432432432432,electron_positron,59.2,96.147012424469,35.918524169921874,1.6481746220958045,-34.875328063964844,3.2776770947880975,0.2356687898089172,0.1504010627357075,1.6481746220958045,163.39864864864865,31.2796324079945,0.08047481423246772,0.8285706199529068,2.6768085450733072,-0.9381952994525271,0.34610631326975666
3,31,0.9980732177263969,alpha,939.2,159.8253956794739,52.85347900390625,17.769880388206545,-31.82744789123535,2.1578947433998295,0.8274598252043981,0.7255062902807328,17.769880388206545,223.63904945407833,29.63224763766434,0.4620365914955795,0.8388080825371659,3.023933309435726,-0.8961373594193264,0.44377678291338896
3,30,0.9901301031852848,alpha,1369.2800000000002,157.1744290351868,54.400000000000006,25.17058823529412,0.0,1.6585365853658536,0.9450088339222615,0.7673959827833573,25.17058823529412,204.99416778824585,39.681283659294216,0.6965276256697824,0.9193423383900439,2.8892358278526977,0.0,1.0
4,47,0.9604409857328146,alpha,2833.6000000000004,358.08409547805786,126.28774414062501,22.437648397968896,35.75388717651367,3.043179098751466,0.719626168224299,0.5406841581856078,22.437648397968896,226.54539559014268,33.18035899225232,0.27770157564563963,0.7852325910895934,2.8354619675470727,0.9483667009286316,0.31717597728980584
4,55,0.8719512195121951,electron_positron,66.88000000000001,107.84894571304322,43.22651977539063,1.5471983483175435,59.237281799316406,6.170560459614087,0.2488095238095238,0.22086166087198453,1.5471983483175435,160.20121951219514,36.68457838378021,0.07225606731463055,0.8681871114495773,2.4949717505234577,0.8790288601840538,-0.4767685633129801
4,53,1.0,electron_positron,80.32000000000001,94.38620405197145,40.093054199218756,2.0033395211274554,-60.70863723754883,6.731428509943539,0.41013071895424835,0.33635094748847455,2.0033395211274554,135.1129943502825,16.890096739510433,0.11329650768924081,0.8935299969758952,2.3541784465452533,-0.8533936759204958,-0.5212669507065492
4,46,0.960944460944461,alpha,4159.360000000001,433.3840078353882,176.5754150390625,23.555714135401324,58.91249465942383,5.597573066126557,0.8305431309904153,0.7467338019198753,23.555714135401324,216.63394713394712,37.8894110080998,0.2782855216742603,0.880241298909536,2.454384760978836,0.8843774784704668,-0.4667724023271075
4,59,0.9929811128126595,v_track,4874.88,384.588049697876,154.00882568359376,31.653250898849695,10.885528564453125,3.9727202243054163,0.9025950942054746,0.8165084660097478,31.653250898849695,232.9739663093415,28.859914709156616,0.4141734189248018,0.9181844623669349,2.4971818854589536,0.37089876506255265,0.9286733042760912
4,58,0.9859604339502234,v_track,957.7600000000001,126.111687374115,39.04176940917969,24.53167503660341,-17.744670867919922,1.1677301848485238,0.9544005102040817,0.7337366584210536,24.53167503660341,201.6758136566688,30.255572865680495,0.7567560226971631,0.9289286277430225,3.230173459926819,-0.580551502428582,0.8142235276801549
4,57,0.9756024096385543,v_track,2007.6800000000003,349.52126617431645,149.5866943359375,13.421514586659761,-53.64693069458008,8.847866954287603,0.8450969827586207,0.7938658977322315,13.421514586659761,221.6936746987952,35.62069025788783,0.2065176368074107,0.8994008859128634,2.336579919263217,-0.9547926544609089,-0.29727258028195497
5,70,0.6096654275092936,electron_positron,592.6400000000001,263.5841831207276,70.0848388671875,8.456037134123507,22.56700897216797,2.6042781767444563,0.39179183414427754,0.3142173589336572,8.456037134123507,114.39869888475836,28.51064430095887,0.10719194040104844,0.6467778362155836,3.7609301438250586,0.7087588065441172,0.7054508871255026
5,72,0.9170469798657718,proton,3613.4400000000005,1285.873815536499,470.67026367187503,7.6772217811471695,-73.91159057617188,12.412469801645765,0.22875896438555973,0.20246293610224653,7.6772217811471695,163.8077587560861,32.11179010949143,0.02746211656555801,0.7497224700053382,2.732005641284656,-0.5325338733458074,-0.8464086919091224
5,68,0.9841269841269841,electron_positron,99.2,58.10193328857422,24.79225311279297,4.001249888369853,-18.434947967529297,3.9199999517474655,0.775,0.632653244462314,4.001249888369853,111.68783068783068,16.672154971051025,0.3692668905611023,0.9481440972918441,2.3435519565018166,-0.5999999761129289,0.8000000179153027
5,60,0.9979627869075105,alpha,4564.8,415.9115120887757,162.96622314453126,28.01071235449555,21.801406860351562,4.301960731238969,0.8426368952684742,0.7394230674180893,28.01071235449555,206.11584951785957,38.77060935095923,0.33161161632709024,0.8618671941482938,2.552133221618032,0.6896551060359032,0.7241379942515149
5,71,0.6496898465556644,proton,1782.4,479.6507913589478,187.01979980468752,9.530541695913662,-83.70064544677734,7.580577637816938,0.4385481458152901,0.38630675111285306,9.530541695913662,184.84818805093045,32.59413353337187,0.09735644493967316,0.83575132343462,2.564705939477354,-0.2181212536019658,-0.9759216765330643
6,88,0.9753490777452164,v_track,3544.0,485.94279527664185,127.0480224609375,27.894963899100805,-13.815025329589844,1.475084971940817,0.4888329802259887,0.32387314059175154,27.894963899100805,230.46061023961389,37.33518109221337,0.18859634947785822,0.7358834513224739,3.824874924173267,-0.46376077003944605,0.8859604664839285
6,87,0.9858278603525752,v_track,3554.8800000000006,403.5939372062683,159.88887939453127,22.233441209055027,-6.654425144195557,4.615061432837709,0.7329770387965162,0.6417500543610916,22.233441209055027,226.40148634635327,36.54518709056656,0.274249308899829,0.8798868419975677,2.5242151845369216,-0.23020005814492853,0.9731433261498902
6,76,0.9258505379470776,alpha,2083.84,329.63901634216313,103.5204345703125,20.129745481165145,-45.0,2.5774647951534972,0.7296358543417367,0.5011929338247052,20.129745481165145,206.84704856062808,41.14792762128234,0.24098888660067758,0.710164738292523,3.1842893406544555,-1.0,6.123233995736766e-17
6,82,1.0,electron_positron,72.96000000000001,77.41564159393312,31.144143676757814,2.342655516788167,-59.0362434387207,3.6612899435647672,0.4230055658627087,0.275401410097333,2.342655516788167,114.68987341772151,14.896648972735047,0.15298091511572082,0.8718782355472099,2.485720667019228,-0.8823529416562229,-0.470588234394582
6,75,0.8106463878326996,alpha,743.3600000000001,263.55087900161743,116.68619384765626,6.370590859879445,8.461288452148438,9.361489818243427,0.6074790794979079,0.5110992098072787,6.370590859879445,180.10494296577946,53.50935754041889,0.13448694060697675,0.9196526546262902,2.258629494297376,0.29107919510280583,0.9566989611044336
6,73,0.9992800575953924,alpha,1706.5600000000004,199.00184564590455,52.84810791015625,32.29178995208713,-49.63546371459961,1.1016518096213295,0.847449547115843,0.6731425256909159,32.29178995208713,244.50647948164146,16.943054407206205,0.5415233869990255,0.8371501326601626,3.765543432211709,-0.9869375890932952,-0.16110305780683992
6,74,0.8287161155793864,alpha,1952.0,540.6311079025269,221.830908203125,8.799495146152504,11.413352966308594,11.01334321191915,0.549252656221862,0.4368726654062761,8.799495146152504,194.291927316056,51.37645992924742,0.08392427817298713,0.8478214865315297,2.437131562421791,0.3879452307062988,0.9216824279393834
6,77,1.0,electron_positron,385.28000000000003,467.25852451324465,173.627197265625,2.219007195114578,-80.27242279052734,4.253310727419946,0.09177528775059074,0.05435857547572966,2.219007195114578,126.87194412107101,18.791606188899717,0.02217542044374901,0.8233145822905162,2.691159748425849,-0.3330689486952222,-0.9429024739680448
6,78,1.0,electron_positron,121.28,333.44086198806764,149.34954833984375,0.8120546821074296,-55.784297943115234,17.051356649243264,0.10754824063564132,0.09271292854393998,0.8120546821074296,128.34349030470915,24.946447196083174,0.013707599668037498,0.9125249591337926,2.2326204912874963,-0.9299781171924206,-0.3676148821025073
7,97,0.9874188311688312,v_track,4575.68,435.11151208877567,144.52366943359377,31.66041948652881,-37.99873352050781,2.684229719994536,0.7612329642248722,0.5880271326233069,31.66041948652881,219.9832251082251,39.087975753077096,0.30371368463913956,0.7687531818435396,3.0106591798702027,-0.9702850303299775,0.24196479065672896
7,96,0.9825302081816858,v_track,4243.2,425.86643295288087,154.51917724609376,27.460669126150606,-5.339236736297607,3.3707371607125536,0.7389656709763709,0.5990369579442462,27.460669126150606,217.62134226233803,40.02994604626006,0.2940062388316031,0.8326055169266586,2.756074945148252,-0.18529742603544266,0.9826824837680987
7,90,0.9897271268057785,alpha,1901.1200000000001,260.41748723983767,56.135656738281256,33.866531728015694,-56.30992889404297,1.003968163002076,0.7392061714570113,0.6056920257430745,33.866531728015694,227.4019261637239,29.13983989597561,0.3522727960972079,0.7116473674617314,4.639074384645937,-0.9230769711402929,-0.3846152692632769
7,91,0.9330708661417323,electron_positron,134.72,74.95878744125366,31.398355102539064,4.290670627809599,78.02386856079102,3.975976300914163,0.7016666666666667,0.5433279761148989,4.290670627809599,120.94881889763779,11.528180918857537,0.3012984051826177,0.9177298308789128,2.3873475918231155,0.40597536337068657,-0.9138840212718674
7,89,0.9692811796027032,alpha,2994.8800000000006,344.876362323761,140.85899658203127,21.26154574909164,82.5685920715332,4.804705869616541,0.831615425626444,0.7252321551097342,21.26154574909164,233.6395658406717,27.487474614371816,0.3164189110261785,0.9186390594341493,2.4483800871243413,0.2565055747673431,-0.9665427513117436
8,109,1.0,electron_positron,60.160000000000004,48.11370830535889,20.235464477539065,2.9729982262960326,3.1798324584960938,4.183486452698088,0.7430830039525692,0.614638612195448,2.9729982262960326,106.01626016260164,11.032828868557763,0.3265728149911095,0.9598963049203356,2.377692311375609,0.11076931190052133,0.9938461448036537
8,105,0.7812041116005873,electron_positron,369.9200000000001,183.74499149322511,67.1618408203125,5.507889531939705,-48.43362808227539,3.8293622770372595,0.39373297002724794,0.3140429765188824,5.507889531939705,115.20558002936858,23.611491353350598,0.1376850087530146,0.8224082081252503,2.7358540094936328,-0.9928258365396294,-0.1195694705992505
8,108,0.9933774834437086,electron_positron,74.56,61.22152910232544,25.08235321044922,2.9726078480123856,61.927513122558594,3.701388732518687,0.5810473815461347,0.4386660654410188,2.9726078480123856,159.75496688741723,23.16024422185827,0.249981240133038,0.9064552902780717,2.440820786975473,0.8304498258537351,-0.5570934272987801
8,100,0.96578799775659,alpha,1092.8,132.78620405197145,40.0,27.32,-90.0,1.1111111111111112,0.9584619702497895,0.7588888888888888,27.32,229.7459338194055,35.12172493694424,0.7788335267218971,0.9253346703416945,3.319655101299286,-1.2246467991473532e-16,-1.0
8,98,0.9657534246575342,alpha,2029.1200000000001,331.205712223053,129.83586425781252,15.628347464694475,-87.2072982788086,5.1563468906868835,0.7265956227798785,0.6206696533103919,15.628347464694475,217.84425253126864,39.526800281109594,0.23244593669356545,0.8515423343863456,2.550957041926292,-0.09732935446335755,-0.9952522277090095
8,115,0.9879211697393515,proton,2837.76,513.3840078353882,215.947119140625,13.140994940303177,27.8240966796875,8.882781489874404,0.6772050400916381,0.5405424581665498,13.140994940303177,152.9146005509642,22.275246439628496,0.13530095271327403,0.8657764157010182,2.3773598364193593,0.8255884186133261,0.5642727736224276
9,128,0.7721088435374149,electron_positron,152.64000000000001,98.13523740768433,35.756744384765625,4.268845014453642,-64.02560424804688,3.714559197332579,0.5527230590961761,0.44346535970377715,4.268845014453642,149.8877551020408,27.7905979254796,0.19917199178810183,0.8273144164643849,2.7445238400813534,-0.7874601872798446,-0.6163655193545402
9,130,0.9936350777934936,proton,8173.120000000002,2377.7570345878603,925.0373046875001,8.835449077117033,-48.51654815673828,18.10482677158582,0.2182842198824012,0.172927377284975,8.835449077117033,129.8490243555049,30.091686711555404,0.0181661455291802,0.7977232214020332,2.570444481037577,-0.9924755894913131,-0.12244265704349366
9,118,0.9598393574297188,alpha,1213.1200000000001,167.04894571304322,48.800000000000004,24.859016393442626,0.0,1.1730769230769231,0.8773432075908355,0.5975725094577553,24.859016393442626,224.4372489959839,40.94351675564202,0.5462936453245593,0.8922487159059659,3.4231341334640004,0.0,1.0
9,122,0.996268656716418,electron_positron,117.76000000000002,152.68224983215333,64.2070068359375,1.8340677412498256,-58.76078414916992,8.755350332996535,0.3330316742081448,0.25009584468127,1.8340677412498256,142.02238805970148,23.847452512000103,0.0634790705661045,0.8725319577812978,2.377968657257125,-0.8868369506938083,-0.4620824849354363
9,117,0.981841149534186,alpha,3889.9200000000005,456.10562458038333,167.64276123046875,23.203626398471744,-75.7932357788086,4.437889741991196,0.7149326589425395,0.6142533970149039,23.203626398471744,201.8356229275225,43.982806531687466,0.23497392856500457,0.8120689751303652,2.720699785858019,-0.4758318947914103,-0.8795362459269181
9,120,1.0,electron_positron,52.800000000000004,105.86072072982789,43.502087402343754,1.2137348608507303,-71.93952941894531,6.448529208860259,0.24812030075187969,0.17991791128593507,1.2137348608507303,133.3943661971831,20.2567873328669,0.059207141448476205,0.8581175047061403,2.433463014101812,-0.5894916320158662,-0.8077744832459556
9,129,0.5223358449946178,proton,2211.2000000000003,471.6702995300293,111.913134765625,19.758181241467536,-87.57366180419922,1.5662148528727289,0.39829384978961324,0.27651407487553425,19.758181241467536,168.70021528525294,34.39935179060073,0.1248995372796427,0.6454135923173095,4.2146107382107445,-0.08459395992760561,-0.9964155066756873
10,137,0.9505376344086022,electron_positron,240.64000000000001,158.694024848938,42.93748474121094,5.604427028047041,-2.602562189102173,1.8156681468641722,0.283987915407855,0.23699058520964195,5.604427028047041,134.71827956989247,20.50492176027399,0.12007608869200019,0.7189588706895004,3.6959320231588966,-0.09072164901879896,0.9958762887022212
10,138,0.9429824561403509,proton,2672.6400000000003,2029.869072532654,870.1708984375,3.0713966702392113,-24.36245346069336,25.092783093267283,0.1352265919725402,0.08856868297719961,3.0713966702392113,115.93786813604409,26.629236249543254,0.008151063467520453,0.8659272492228517,2.3327246132656656,-0.7515509703739619,0.6596750252434576
10,136,0.9354838709677419,electron_positron,131.84,75.54112491607667,29.431317138671876,4.479582051282583,41.633541107177734,3.8859646604438796,0.6821192052980133,0.5914617229947173,4.479582051282583,129.9798387096774,29.511814145652533,0.290328829212195,0.8678950254172135,2.5666919547007927,0.9931034555220647,0.1172413179307295
10,131,0.9911736312232795,alpha,4498.240000000001,399.135062122345,153.60527343750002,29.284411266194425,-68.33885192871094,4.226639495275853,0.8782331625640385,0.8057968745712418,29.284411266194425,236.58378154737278,29.678161155650248,0.3548237870568364,0.8739956327641533,2.59844635011667,-0.6861015072835805,-0.7275058224531257
11,145,0.9525423728813559,electron_positron,118.08,188.12346239089968,79.07476806640625,1.493270266702996,-6.556946277618408,11.41952664742935,0.23714652956298202,0.21564956836937307,1.493270266702996,98.71186440677965,16.47890366546007,0.04192762688602627,0.8735178416955697,2.3790580357177316,-0.22688746153346093,0.9739209823178173
11,144,0.5799457994579946,electron_positron,796.48,410.2213538169861,100.82488403320313,7.899637154432108,49.51398849487305,2.968108261756075,0.2912132912132912,0.2325515028137672,7.899637154432108,110.7730352303523,20.75154623817662,0.059476884566686275,0.5884937151494919,4.068651878457843,0.9876118373754635,-0.15691672529039413
11,147,0.7134703196347032,proton,4211.2,899.799474143982,304.154443359375,13.845597498058703,-44.45949172973633,5.197045841271536,0.3038348763650636,0.23657785203612958,13.845597498058703,105.91214689265537,14.876978363275228,0.06536183880564037,0.7243785351771298,2.9583637319439715,-0.999822017814823,0.018866178539802377
11,140,0.8843220338983051,alpha,2891.84,358.24490385055543,120.9755859375,23.90432728711081,20.422332763671875,2.8052526163761877,0.6883235585345419,0.5543075170516183,23.90432728711081,215.5415254237288,52.88927485117611,0.28315490055687276,0.774583061147728,2.9612991834206666,0.6540105288386227,0.7564854447827962
11,142,0.8466453674121406,electron_positron,161.28000000000003,105.94112491607666,37.69173889160157,4.278921714485724,-74.05460357666016,3.5000002833818105,0.5294117647058824,0.3973344731146274,4.278921714485724,139.27156549520765,20.857642919473324,0.1805764947924965,0.7970736921452989,2.8107253215553385,-0.5283019022756734,-0.8490565941395808
11,146,0.7952,proton,1122.5600000000002,221.1606330871582,76.35402832031251,14.702040281237721,-32.125,2.4302910120365016,0.6743560169165705,0.467954830152495,14.702040281237721,119.41973333333334,11.397465680092566,0.2884056592602094,0.7989527106877262,2.8965155860456773,-0.9006982393225879,0.43444525740441714
12,161,0.9772727272727273,electron_positron,59.84,64.30782079696655,27.559951782226562,2.17126649831771,-85.42607879638672,5.684210145350002,0.5548961424332344,0.44782135888769675,2.17126649831771,149.09848484848484,18.65104589174104,0.18183348529012958,0.931351232572396,2.3333792927184556,-0.1589825099838707,-0.9872813993584749
12,150,0.928639846743295,alpha,2493.4400000000005,500.082074546814,99.93624267578126,24.950307648541056,-86.71075439453125,1.672710648624655,0.5092144817670893,0.4176127115922666,24.950307648541056,196.9722222222222,40.98799228944948,0.12529282779442402,0.5406739441746155,5.004011169093161,-0.11456423107404229,-0.9934158429169596
12,159,0.7297297297297297,electron_positron,376.96000000000004,202.0077331542969,71.0589111328125,5.304894122222669,-72.0308609008789,3.241088014476237,0.4077535479404638,0.2419630203095234,5.304894122222669,128.11806543385492,27.971108864471063,0.11608313875017856,0.7696117881356247,2.842820554578085,-0.5869133989351887,-0.8096497157106548
12,164,1.0,proton,2856.9600000000005,2191.907738304138,910.1242187500001,3.1390879850707196,37.35395050048828,12.444072058653433,0.06786618321132927,0.04292055554605934,3.1390879850707196,141.16147511636234,17.181047422088657,0.007472561261475898,0.8552863897256241,2.4083610711014694,0.9645937969795066,0.26374003645381244
12,149,0.9555412371134021,alpha,1913.92,205.51555395126343,66.09927368164062,28.955234957923604,-22.328655242919922,1.5719673286068034,0.8267901575891623,0.6886109454880736,28.955234957923604,206.9471649484536,36.260038314381596,0.5694351251856554,0.8879571880435322,3.1091953436751045,-0.7028649104240935,0.7113233566350334
12,158,0.99581589958159,electron_positron,98.24000000000001,152.09991235733034,62.94552001953125,1.5607147255200575,66.21796798706055,7.2992813250684065,0.26718885987815494,0.18098342576585255,1.5607147255200575,134.76569037656904,23.98315994453297,0.05336300652837146,0.8482197514583226,2.4163739104885544,0.738032272228534,-0.6747654149029773
12,148,0.9502680965147453,alpha,4616.0,462.3310202598572,173.67623291015627,26.578190479222823,49.763641357421875,4.422248693961568,0.8397368727442077,0.67674987052147,26.578190479222823,186.21273458445043,41.68489190540709,0.27137485040679443,0.8079860743287304,2.6620281457798765,0.9862068984774369,-0.16551722990527146
13,171,0.6288659793814433,electron_positron,70.08000000000001,151.1626540184021,63.70487670898438,1.100072767115434,-67.61986541748047,11.437499058281357,0.21987951807228914,0.19750577801760782,1.100072767115434,113.5721649484536,23.84415570516976,0.038540286645620384,0.8775769484803801,2.3728584345110812,-0.7041420001989003,-0.7100591831360903
13,168,0.9088654680719157,alpha,971.84,168.48813734054568,43.2,22.496296296296297,-90.0,1.125,0.7583021223470662,0.5858410493827161,22.496296296296297,188.91940483570986,46.97618820524143,0.430195611735677,0.7930208965020193,3.9001883643644826,-1.2246467991473532e-16,-1.0
13,169,0.8454011741682974,electron_positron,2416.32,2370.804660511017,425.10454101562505,5.6840606647652505,-64.74491119384766,1.8037832217520384,0.03260714671272806,0.02411833389036286,5.6840606647652505,118.02817452553316,22.260617896871675,0.0054022262393035175,0.47513880867414854,5.576992084927825,-0.7717375595971506,-0.6359411443734667
13,167,0.9878048780487805,alpha,1402.2400000000002,184.294024848938,61.334997558593756,22.861988356002303,-41.18592834472656,1.6106721358416378,0.8006577745295085,0.6003614425805015,22.861988356002303,162.26175958188153,37.386877475349976,0.5188116335719104,0.878275682138136,3.0047123532185784,-0.9911504572082184,0.13274325284525648
13,166,0.7781456953642384,alpha,1294.4,166.33910398483278,55.76396484375,23.212122804160256,58.39249801635742,1.8064515363660765,0.911036036036036,0.7519475169921136,23.212122804160256,147.0643330179754,46.601032400268146,0.5878813093646981,0.8639025878575863,2.982913866524969,0.8927038585300323,-0.45064378500717395
13,165,0.5171270718232044,alpha,1072.3200000000002,247.73119554519656,94.70377197265626,11.322885854109488,38.65980911254883,3.3839287729662835,0.6295322186736803,0.40458620007022433,11.322885854109488,115.34475138121547,23.928563979258332,0.21956993487890694,0.8388527748544014,2.615853522885274,0.9756097626754329,0.21951216588696298
13,172,0.9830743415772962,proton,17139.840000000004,2551.5942052841187,995.9287109375,17.20990650411686,35.076316833496094,21.608191285370737,0.47083747220000177,0.37339515133994394,17.20990650411686,160.07843415864446,33.720863205178944,0.033082126130172605,0.7875131800091307,2.5620249494386202,0.9406004133540017,0.33951562909280203
14,179,1.0,electron_positron,97.28000000000002,185.18418312072754,72.55372924804688,1.3407994462616648,30.16006088256836,3.2959657826533872,0.09653858367735789,0.06090974429681739,1.3407994462616648,144.2806324110672,41.66595349001949,0.03564721829662862,0.8602380166535439,2.5523730487735423,0.868805461519673,0.4951535822687625
14,182,0.9702323589249384,v_track,5678.400000000001,851.1700366020203,166.62655029296877,34.07860265975641,-74.50801086425781,1.149958155146597,0.37933688193420123,0.23519041218631692,34.07860265975641,226.22389977513652,34.19462825528767,0.09849250704041923,0.5929975056214993,5.108249766351537,-0.5147983634434261,-0.8573112882704683
14,178,0.6323529411764706,electron_positron,106.56000000000002,197.3547455787659,83.62208862304688,1.2743044541778077,32.24246597290039,11.459344238436852,0.23013130615065652,0.174627226435627,1.2743044541778077,126.43382352941177,41.17952128930005,0.03438024190297089,0.8679340768143851,2.360079122974374,0.9024720342490692,0.4307484502564657
14,173,0.9858466722830665,alpha,3673.2800000000007,370.5153786659241,154.82650146484377,23.725137268144543,33.17850875854492,5.205194570683559,0.9125526671436521,0.797628019289125,23.725137268144543,221.32148272957033,37.46729123575073,0.3362415825649598,0.9069989249643481,2.393100503856935,0.9160621355573906,0.40103636218930694
15,185,1.0,alpha,382.08000000000004,90.76467494964601,28.0,13.645714285714286,0.0,1.2962962962962963,0.8923766816143498,0.6317460317460317,13.645714285714286,202.67127496159753,29.662247539531503,0.5828146444227323,0.9446049063251427,3.2415955339159286,0.0,1.0
15,199,0.8645833333333334,electron_positron,98.24000000000001,68.28427076339722,27.173559570312502,3.615279026871717,43.451839447021484,3.5559999996006395,0.5622710622710623,0.4731044596806269,3.615279026871717,161.47395833333331,25.869853533246015,0.2647627396369269,0.8938174883056332,2.5128938513450683,0.9985401406042779,0.054014698018122934
15,201,0.9801643525077925,v_track,2172.1600000000003,241.57240810394288,96.45799560546875,22.519232193923468,-18.824710845947266,2.982969697061213,0.8392680514342236,0.6964086990809345,22.519232193923468,224.39132898838199,35.53555196267362,0.46774270064091744,0.9248735250455706,2.5044311421524785,-0.6108283430980795,0.7917630550032344
15,200,0.9709405501330968,v_track,2730.8800000000006,456.9015827178955,189.04110107421877,14.445959024158663,-60.03042984008789,7.435335464888603,0.6821742605915267,0.5681862348785431,14.445959024158663,218.789041703638,41.65803442315681,0.16438688118828051,0.8761698891458576,2.4169430886805565,-0.8654938144275712,-0.5009196115022978
15,183,1.0,alpha,1612.16,249.41159973144534,103.99674072265626,15.502024282658912,-59.0362434387207,4.986842345950026,0.9082386875788715,0.7433516724035898,15.502024282658912,224.8362198795181,28.929896543609285,0.32567521581221714,0.8980612120129955,2.398263618631941,-0.8823529416562229,-0.470588234394582
16,205,0.9986987638256344,alpha,914.24,191.55087900161743,59.59678344726563,15.340425222931163,-10.007978439331055,1.8637677463637836,0.649465787679018,0.47974048417064946,15.340425222931163,188.14508783344178,42.171341221710655,0.31311349383997017,0.7837418746904136,3.214114385403228,-0.3422818345199555,0.9395973317105865
16,206,0.9210220673635308,alpha,2082.5600000000004,341.5017580032349,72.70421752929688,28.644280493917872,21.16126251220703,1.3807130693132657,0.6408665681930084,0.543978517107217,28.644280493917872,198.72009291521488,42.846280653576216,0.22439930070006867,0.6284736841953288,4.69713820749977,0.6733032369851953,0.7393664524883841
16,220,0.9893505586592178,proton,4480.64,1651.3560653686525,694.51640625,6.451453068175811,-72.15301513671875,27.255710990160456,0.3131387677513139,0.2531818380536404,6.451453068175811,174.51209372637945,33.52344377168331,0.020647547020403754,0.8483941255588235,2.3777063443109303,-0.5834557378546951,-0.8121449390130023
16,204,0.8772919605077574,alpha,1298.2400000000002,175.55087900161743,67.1418212890625,19.335787666687636,13.781600952148438,2.238514087071468,0.8557266399493778,0.6446568211213234,19.335787666687636,211.63281617301362,46.23319516772135,0.5293693998244323,0.92365787750856,2.6146278970572836,0.4627267771952867,0.8865009473579052
16,203,0.9930875576036866,alpha,1046.4,177.2312831878662,45.941235351562504,22.776923432565273,27.758541107177734,1.2790457148086052,0.8154613466334164,0.6341302337651548,22.776923432565273,195.50691244239633,35.49952875856079,0.4186266104437769,0.753309214080227,3.8577822697107433,0.8242950208482547,0.5661605060446864
16,202,0.9512292624425345,alpha,3073.2800000000007,358.4390163421631,128.16717529296875,23.978682474471295,-13.266480445861816,3.1133321358737565,0.73380195599022,0.5824705315775172,23.978682474471295,221.10373775734558,38.236305038627684,0.30059478382673405,0.8155044886857289,2.796652228020407,-0.44671257358433586,0.8946775265991984
16,215,1.0,electron_positron,52.800000000000004,102.15878744125366,46.29263610839844,1.1405701735447509,-79.3150863647461,10.166124013720662,0.3810623556581986,0.25047564376017956,1.1405701735447509,129.6853146853147,16.3687488278025,0.06357587228503722,0.9235982058301676,2.2068042788066666,-0.36438642722851367,-0.9312478357836002
16,208,0.9297052154195011,electron_positron,232.96,134.85483322143554,54.520153808593754,4.272915311608671,74.93151092529297,4.151583338697537,0.4595959595959596,0.3253725966661521,4.272915311608671,177.67120181405897,22.585053365380542,0.16097490932608854,0.868017777883183,2.473485927697053,0.5020689931459088,-0.8648275701672868
16,209,0.971830985915493,electron_positron,184.96000000000004,115.26660823822021,42.374237060546875,4.3649163461213,73.30075645446777,2.9105260769401764,0.439209726443769,0.29980959494081133,4.3649163461213,179.06478873239436,23.496569114801343,0.17493658836701306,0.8295346659645215,2.7202049224749536,0.550458695533054,-0.8348623985496344
17,229,0.8186309103740297,electron_positron,798.08,300.8861164093018,97.41975097656251,8.192178608545245,89.47436535358429,3.122559249142097,0.4181757209926224,0.2625808712125658,8.192178608545245,115.88355681016232,19.293553445868334,0.11077761068784267,0.7548935138090508,3.0885535365584103,0.018347081010792295,-0.999831678143068
17,226,0.6840148698884758,electron_positron,132.48000000000002,106.87838325500489,39.48484497070313,3.3552113500330876,-81.8698959350586,3.2314817358657573,0.4380952380952381,0.2745940678163017,3.3552113500330876,125.89219330855018,22.087345500283174,0.14574055941825229,0.8208005967864351,2.706820384740177,-0.2800000573289693,-0.9599999832790488
17,232,0.9340659340659341,proton,7158.400000000001,2729.1390214920048,881.578515625,8.119980096072343,-43.50715255737305,5.631764252761942,0.08482127622463799,0.051872649829469,8.119980096072343,135.60362571247626,41.1989857214101,0.012077429424271181,0.6766226464479345,3.0957413016776685,-0.9986425704182244,0.05208662542804874
17,225,0.8791208791208791,electron_positron,42.88,42.10193328857422,16.305586242675783,2.629773585679021,47.72631072998047,2.805555462571134,0.600896860986547,0.4524814710014568,2.629773585679021,131.2967032967033,15.159586605670578,0.30399088601968344,0.8978746629040679,2.582055785175204,0.9954751139975915,-0.09502261526332749
17,223,0.7611241217798594,electron_positron,240.64000000000001,90.60386657714844,30.121099853515627,7.989084102847373,-9.7824068069458,1.689024435633944,0.6867579908675799,0.4479835840545828,7.989084102847373,143.79391100702577,35.75030057254355,0.3683699704168985,0.849811507894739,3.0079866611037276,-0.33487297181881803,0.9422632820741945
17,234,0.8787580088713652,v_track,2447.0400000000004,424.96247873306277,153.84147949218752,15.906243284174003,63.4349479675293,4.018691851037892,0.5961178671655754,0.4155075112234761,15.906243284174003,201.462543124692,43.6004157770059,0.17027455716532278,0.7829182080789159,2.7623400407732266,0.8000000179153028,-0.5999999761129288
17,231,0.8533685601056803,proton,1880.0,551.4956952095032,162.91716308593752,11.539606781688896,-45.80692672729492,2.7457034652173427,0.2895372332561234,0.19448127948935318,11.539606781688896,143.94655545257956,28.694268781198048,0.07767539306583464,0.6632494409266346,3.3851295023999013,-0.9996033346927798,-0.028163332030751147
17,233,0.7368697478991597,v_track,2272.6400000000003,456.6546579360962,147.0640869140625,15.453398907158254,27.758541107177734,3.1375197739108796,0.513447079236553,0.32968854370050527,15.453398907158254,214.59033613445376,37.51766714211026,0.13695084826010873,0.713677184329103,3.1051405378319465,0.8242950208482547,0.5661605060446864
18,246,0.938304631332553,proton,4064.0,1153.6699489593507,453.26054687500005,8.966145472001049,18.946502685546875,11.090079878009762,0.2982901164975573,0.21937772914034226,8.966145472001049,100.05117941386705,23.829006290274975,0.03837076014915533,0.8052253877691095,2.545268845729715,0.6141888646855613,0.789159070464416
18,242,0.9752066115702479,electron_positron,124.48000000000002,149.17442903518676,64.4890625,1.930249800111453,-68.58702850341797,7.80211972385845,0.3053375196232339,0.23352859312264615,1.930249800111453,102.18996415770609,14.459798664506755,0.0702943913895432,0.8868190728849966,2.31317409886656,-0.6797734606220491,-0.7334221446301736
18,243,0.9823529411764705,electron_positron,83.84000000000002,67.42741661071777,25.978558349609376,3.2272768516140795,-76.60749816894531,3.6321242080805782,0.5914221218961625,0.4512132744695521,3.2272768516140795,92.4,12.312786276158345,0.23173311122766596,0.8493533452864339,2.5955026334912707,-0.450643903877879,-0.8927037985231747
18,245,0.9720016715419975,proton,4039.6800000000003,1147.2423570632934,419.875634765625,9.621134606333976,27.181110382080078,6.974441433231176,0.2615397364713682,0.159814083688296,9.621134606333976,101.37341407151096,18.086461165803872,0.03856971963755871,0.7485974947625699,2.7323384880470267,0.8127167486996427,0.5826589794923629
18,240,0.5424710424710425,electron_positron,279.68,138.60386657714844,48.02015686035156,5.8242208748576845,-5.19442892074585,3.471204288387177,0.5069605568445475,0.42101196245805217,5.8242208748576845,116.63899613899615,26.474636083410456,0.18294501641034963,0.8043055336447463,2.8863684677296098,-0.1803278692991847,0.9836065572951495
18,235,0.9809523809523809,electron_positron,159.68000000000004,118.77442903518677,50.526824951171875,3.160301486473999,-23.33403968811035,8.514563265320815,0.5919335705812574,0.5325604165722704,3.160301486473999,105.93015873015872,15.271767030333262,0.1422376227416323,0.8977266267800292,2.3507202194075725,-0.7273905616229766,0.6862237032206121
19,260,0.9107142857142857,electron_positron,970.5600000000001,843.217136669159,256.75852050781253,3.7800498230027326,18.19165802001953,2.175605924479988,0.05492376226866104,0.032029701579091484,3.7800498230027326,124.38930912758448,34.576331057044854,0.01715352597246378,0.7266932713193033,3.284086288554159,0.593184484396647,0.8050665608948642
19,262,0.9949849548645938,proton,11633.6,2952.3373511314394,1151.2430664062501,10.105250871404373,-26.12824249267578,20.314432039261572,0.234515101082427,0.178313718498777,10.105250871404373,132.75311884438608,38.77319221592969,0.01677227711731565,0.7907129739800108,2.5644778563987636,-0.7907588620917051,0.6121277824306227
19,258,0.9735449735449735,electron_positron,98.88000000000001,61.22152910232544,24.787939453125002,3.9890366920972236,39.805572509765625,3.3611113065175875,0.665948275862069,0.540891926627294,3.9890366920972236,99.54497354497354,14.006587211621552,0.33152018541248385,0.9087558093176984,2.469811144169439,0.9836065662996888,0.1803278201835087
19,254,0.9732142857142857,electron_positron,98.56,126.96854152679444,48.69444580078125,2.0240501432797644,69.30455017089844,5.514124543695471,0.33297297297297296,0.2292020042365944,2.0240501432797644,113.89285714285714,15.309519180922068,0.07682778228292242,0.8019337050847642,2.6074542884469456,0.661192716145757,-0.7502160969452711
19,251,0.9033232628398792,electron_positron,180.16000000000003,86.547012424469,32.838906860351564,5.486175309249355,-34.215702056884766,2.686147291914382,0.6471264367816092,0.44875656222589433,5.486175309249355,147.63746223564954,35.11519650498808,0.30224844533278966,0.8714225390591074,2.635502234971242,-0.9299781171924206,0.3676148821025074
19,252,0.9672131147540983,electron_positron,129.6,71.75878744125366,27.9988525390625,4.62876111866331,-6.581944465637207,3.1586204534103204,0.6923076923076923,0.522182097389978,4.62876111866331,102.172131147541,15.201484301422829,0.3162748675409481,0.8952115295144801,2.56291886751929,-0.227737219835007,0.9737226292439863
19,250,0.956140350877193,electron_positron,819.2,683.6191576004029,106.59197998046875,7.685381209262696,4.724449157714844,1.2138515909115868,0.12480499219968799,0.08751983225506187,7.685381209262696,141.54050785973396,21.30067449547437,0.022027811837323604,0.4758522038794011,6.413420200334631,0.1641678794539985,0.9864324139826192
19,248,0.976931142957008,alpha,1752.6400000000003,220.5782956123352,88.12305297851563,19.888552890096683,30.618606567382812,3.1934825275703957,0.8685379004123057,0.7207392845169366,19.888552890096683,208.14295700803913,41.02729473376869,0.45266511859083264,0.9056166723142409,2.503071422935292,0.8766193902170959,0.48118441859167355
20,267,0.9863760217983651,alpha,2253.1200000000003,637.393761920929,185.3166015625,12.158219938218062,6.761238098144531,4.422359032560459,0.3871446637708253,0.290141375949534,12.158219938218062,213.69254578282178,40.73915816685087,0.06969130053036787,0.6329646490344604,3.439485488870036,0.23382679068476847,0.9722782687883451
20,266,0.9545115585384042,alpha,1631.3600000000001,242.34885807037355,100.126318359375,16.293018925800272,45.0,3.5399999352624407,0.83821111476488,0.5760452085689043,16.293018925800272,220.15958240119312,44.474132184133786,0.34904202378469473,0.8925444681186339,2.4204311318082334,1.0,6.123233995736766e-17
20,276,0.997872340425532,proton,5876.160000000001,1518.1264525413515,545.199365234375,10.778002277155819,-31.349578857421875,9.068180996805419,0.25671746120508876,0.17926813871328323,10.778002277155819,144.17610628308861,27.35357403792734,0.032039636571411394,0.7431192883852409,2.784534519567399,-0.8886104901127159,0.45866261768498096
20,265,0.9591280653950953,alpha,1076.4800000000002,280.3135330200195,86.40328979492188,12.458784874453556,14.715072631835938,2.0854556698795363,0.43802083333333336,0.3007089616368475,12.458784874453556,179.97057220708447,43.187030112897396,0.17215819437841362,0.7570293130892854,3.244246066154928,0.491362060947458,0.8709554093416416
20,264,0.9559979046621268,alpha,1167.68,150.49991235733032,41.04796447753907,28.4467211678411,-32.47119140625,1.042056058113313,0.9032178217821782,0.7221570790100776,28.4467211678411,190.70246202200107,34.64912803464577,0.6478302327355698,0.879672051375009,3.666440328354942,-0.9058823398633026,0.4235294397368239
20,273,0.9839679358717435,electron_positron,546.88,385.8331288337708,146.82340087890626,3.7247468504768086,6.772163391113281,5.482202617199505,0.214187241508961,0.13907740053597437,3.7247468504768086,82.42723880597015,13.482310294725831,0.04616394080750215,0.8198853232235247,2.6278721683608843,0.2341975662512889,0.9721890248104909
20,272,0.9651162790697675,electron_positron,134.08,86.93523740768433,31.627590942382813,4.239336478211655,-83.65980529785156,2.4026843350343907,0.4697309417040359,0.32205384740478155,4.239336478211655,107.34108527131782,15.812121796944671,0.22293701218776282,0.8721988383634611,2.748715119215294,-0.21951229579725912,-0.9756097334456112
20,271,0.8615916955017301,electron_positron,156.16000000000003,78.35289993286133,28.334002685546878,5.511399209390806,18.434951782226562,2.731706958264945,0.7338345864661654,0.5313590083673062,5.511399209390806,91.21453287197232,13.93071076041849,0.31964617703453413,0.8307127276268789,2.765331139494421,0.6000000826393695,0.7999999380204662
20,270,0.926829268292683,electron_positron,54.400000000000006,64.50193328857422,25.6,2.125,0.0,4.0,0.4885057471264368,0.33203125,2.125,116.88617886178864,29.211091348263977,0.16430973689257747,0.8652915449065595,2.5196067690849304,0.0,1.0
20,263,0.9962901896125309,alpha,2986.5600000000004,329.99393720626836,111.58132324218751,26.765769693532537,29.054603576660156,2.669144818041662,0.8098047722342733,0.6402658921988633,26.765769693532537,231.5313272877164,33.985285593956384,0.34464278124971776,0.7817024234332937,2.957429860282404,0.8490565941395808,0.5283019022756733
20,268,0.9757785467128027,electron_positron,153.60000000000002,84.09015827178956,35.380975341796876,4.3413161597765955,68.96248817443848,4.631579115576069,0.75,0.5683039844291925,4.3413161597765955,119.4567474048443,30.301581567238163,0.27296737284003864,0.9134692263486646,2.3767054881737724,0.6701031135151587,-0.7422680225210367
21,288,0.8348623853211009,electron_positron,412.8,361.47820796966556,102.38391723632813,4.031883240481537,-44.66097640991211,2.086209166254752,0.1339424774166753,0.08215501028492543,4.031883240481537,116.95976331360947,24.392224776140793,0.039699525085447857,0.6936428045118993,3.530615136899694,-0.999929977195726,0.01183387955638334
21,279,1.0,alpha,1425.6000000000001,220.076362323761,81.911865234375,17.404071997639424,32.471195220947266,2.3503521034261126,0.7993899156648124,0.49938671413216584,17.404071997639424,221.40203994900128,40.290686595699,0.36987991816853083,0.8396263217624826,2.686745829728757,0.9058823962596507,0.4235293191112903
21,293,0.819215557020435,proton,3708.4800000000005,488.0252203941345,171.72041015625,21.5960350701796,-29.475889205932617,3.7706114700429905,0.6444061387900356,0.47420255675476036,21.5960350701796,140.3444297956493,43.32224713155137,0.19566866083928983,0.7595156502115381,2.841975627417124,-0.856733528004353,0.5157593062594359
21,287,1.0,electron_positron,90.24000000000001,66.87838325500489,28.390570068359377,3.1785201840864183,55.61965560913086,4.921687333794084,0.6828087167070218,0.5510168514601785,3.1785201840864183,100.82584269662921,9.310982135886993,0.25353470686505064,0.9011776188970434,2.355654821089319,0.9320754674875005,-0.36226416177695175
21,292,1.0,proton,2354.8800000000006,672.6603701591492,186.05410156250002,12.656963647796498,-32.93869400024414,4.230273293901061,0.40599139357828534,0.28777874205134846,12.656963647796498,136.5771414465564,24.968539292594098,0.06540138740093064,0.5911222594073574,3.615401996032786,-0.9126729569645399,0.4086906820880593
21,291,1.0,proton,1347.5200000000002,305.605712223053,103.0118896484375,13.081208437189751,-34.18612289428711,3.7688440886927763,0.6052026444380569,0.47859558017736514,13.081208437189751,136.16337285902503,25.285069701323973,0.18131016310531625,0.7421670694685232,2.966703292853229,-0.9295980564051962,0.36857489541161337
21,278,0.9950448324681453,alpha,2621.76,248.99007062911988,87.87444458007813,29.835295261648515,22.932098388671875,2.1268860569504735,0.8891903624918602,0.7221243195360899,29.835295261648515,222.1875884851345,30.85187352248863,0.5314210344095613,0.8730705515875374,2.833475327428334,0.717691292730232,0.6963614064113608
21,282,0.983402489626556,electron_positron,120.64000000000001,95.98620405197144,40.86937255859375,2.9518437022012125,-39.80556869506836,6.045454181240487,0.5984126984126984,0.4366408078875274,2.9518437022012125,107.76763485477179,8.241929927444819,0.16454457127633831,0.8856351980302555,2.3486096811091874,-0.9836065422875784,0.18032795115864375
22,310,0.7029501525940997,electron_positron,530.5600000000001,271.3096664428711,88.87103881835938,5.969998855132034,-3.7640347480773926,3.7012244840895234,0.4006766553890769,0.24863337062778154,5.969998855132034,117.62461851475076,16.750897221136114,0.09057614518689794,0.7198716291981132,3.052846799702568,-0.13101189045802,0.991380796948688
22,298,0.998417095370004,alpha,1552.6400000000003,180.5449914932251,69.57930908203126,22.314679758741192,-45.0,2.236363695215963,0.9289680260386751,0.7172209718838222,22.314679758741192,232.47012267510883,31.6027948443092,0.5985628300589094,0.9110624340170989,2.594808627380443,-1.0,6.123233995736766e-17
22,297,0.9170699516058073,alpha,5616.64,577.5643243789673,165.55471191406252,33.92618630459477,-36.39687728881836,1.807517121927529,0.5491864831038799,0.3704042121077768,33.92618630459477,233.81643202815664,31.631193541620576,0.2115854179817267,0.7659933843442898,3.4886613476684016,-0.9552461233284281,0.29581217666960496
22,313,0.9570740254051686,proton,1330.5600000000002,381.1330411911011,163.88973388671877,8.118629327445785,36.41206359863281,10.113553349818453,0.6146341463414634,0.5009965473937321,8.118629327445785,160.52606219886115,35.6907876850597,0.11510418835212788,0.8834529880489785,2.3255455491467316,0.9554027997950854,0.2953057570446471
22,312,0.9956521739130435,proton,8644.480000000001,2491.551147079468,864.8685546875,9.995137357171554,31.74646759033203,9.93103254938251,0.1814457086820435,0.11477123765412628,9.995137357171554,135.53087750016834,37.62281488569992,0.017498834515616495,0.7067880168594779,2.8808437231016355,0.8948793366637927,0.4463081590248719
22,296,0.9745434421693414,alpha,1099.5200000000002,154.05483322143556,44.800000000000004,24.542857142857144,-90.0,1.2173913043478262,0.8964257761544482,0.6669254658385093,24.542857142857144,170.32484781405643,31.921097335179322,0.5821867822993073,0.8856300224435829,3.438723955835615,-1.2246467991473532e-16,-1.0
22,302,0.7681498829039812,electron_positron,235.84000000000003,98.95878744125366,41.42350769042969,5.693385547223648,-83.82982635498047,5.097883905643935,0.7551229508196722,0.7006702273193262,5.693385547223648,114.04215456674473,31.939977417317216,0.30263461446229234,0.9340737114376774,2.388952383772094,-0.21371836210688785,-0.9768953176765406
22,295,0.9777503090234858,alpha,482.56000000000006,95.01564159393311,35.2,13.70909090909091,0.0,2.0,0.9508196721311475,0.7789256198347108,13.70909090909091,178.83930778739182,43.82966679079139,0.6716932334953936,0.9442505100620096,2.6993079998276452,0.0,1.0
22,294,0.9782805429864253,alpha,1353.2800000000002,167.43717069625856,56.0,24.165714285714287,0.0,1.6666666666666667,0.8921940928270042,0.7192176870748299,24.165714285714287,206.62805429864255,44.27530214890843,0.6065879432338637,0.891288590792964,2.9899494767189028,0.0,1.0
22,301,1.0,electron_positron,53.44,67.8960457801819,26.440286254882814,2.021158148018578,87.95459175109863,4.451923277643525,0.4260204081632653,0.34031556694289145,2.021158148018578,106.95934959349594,10.172015152362789,0.14567577911247748,0.8630616901926657,2.5679013126283117,0.07133757126209049,-0.9974522298969641
23,330,0.9926739926739927,v_track,3383.0400000000004,311.9253080368042,124.43159179687501,27.18795083424274,79.38034439086914,3.3670208746860686,0.868122844473641,0.7356845369965993,27.18795083424274,202.7959706959707,36.13013899048358,0.4369339304764689,0.9074196011122772,2.5068015568425603,0.362264161776952,-0.9320754674875004
23,329,0.9895298301066772,v_track,3119.0400000000004,336.78216218948364,143.443115234375,21.744089947459166,15.642250061035156,4.8692469784131,0.8883521691578563,0.738113809798489,21.744089947459166,216.01600158040299,40.54821798550564,0.34556730553318543,0.9236295722856344,2.3478447302208094,0.5192879413341646,0.8545993412031894
23,314,0.9988511029411765,alpha,2694.4,249.458699798584,95.17957763671876,28.308593785570068,1.76239013671875,2.6244912848489284,0.9234481245887256,0.7805840236035583,28.308593785570068,240.86351102941177,24.01063894455149,0.544094862233253,0.9057568210578699,2.6209267365181796,0.061480224477981495,0.9981083017379111
24,336,1.0,electron_positron,424.96000000000004,731.9992988586426,321.0029296875,1.323850845890109,52.2889518737793,10.110766789552905,0.06479629177848256,0.041697897212271004,1.323850845890109,110.20038535645472,23.660946414037532,0.00996636038410478,0.8901181252469725,2.280350835337398,0.9678063096592117,-0.2516961401845849
24,339,0.997134670487106,electron_positron,410.56000000000006,387.935062122345,121.28431396484376,3.3851038652781393,63.4349479675293,2.8249997529876585,0.11800956585724798,0.07884710949529947,3.3851038652781393,121.26837806301049,26.115135814431348,0.03428218006289991,0.7019135814601929,3.1985592319448193,0.8000000179153028,-0.5999999761129288
24,331,0.9988129557402069,alpha,3644.4800000000005,374.42522039413456,142.31387939453126,25.608746072451233,-49.95027160644531,4.104171982059137,0.8220137134608445,0.7385273915192008,25.608746072451233,213.93166016618622,37.63069353584866,0.32667450906179296,0.8529509333618985,2.630981756572948,-0.9851076960758911,-0.17193843994886598
24,340,0.9231172645269562,proton,5682.880000000001,1208.9658194541933,407.13034667968753,13.958379782657282,-41.153968811035156,5.662577164692516,0.282597625791668,0.19414028764494526,13.958379782657282,164.57677784770294,33.15186385487528,0.04885964472351566,0.7089017449786401,2.9694809765810826,-0.9910017523348742,0.1338488956592794
25,348,0.9890710382513661,electron_positron,465.28000000000003,404.6977161407471,157.28883056640626,2.9581248606433124,37.051597595214844,12.054114457527003,0.32118400706869893,0.22670125730762694,2.9581248606433124,95.88428874734608,15.775709898308978,0.03569955000494094,0.7907088142563471,2.572959025020448,0.961756585826047,0.2739055852300671
25,350,0.9988901220865705,proton,5192.320000000001,1981.8219724655153,794.4852050781251,6.535452097549656,-50.351959228515625,22.184336176525125,0.22087609920775367,0.18248881850903806,6.535452097549656,112.45728314238953,30.716510869119713,0.01661276936225636,0.808903627466948,2.494473100063121,-0.9826000965101748,-0.18573381581767814
25,345,0.9323308270676691,electron_positron,144.0,72.6156415939331,29.764736938476563,4.837939616185646,57.9946174621582,3.81521757307159,0.75,0.6201228077131266,4.837939616185646,139.1578947368421,22.854670671609266,0.3431721205114032,0.9121018618922898,2.439653397375188,0.8988763942422683,-0.43820226822098746
25,344,0.9834710743801653,electron_positron,236.8,196.70579986572267,59.258251953125004,3.99606792632553,-70.01689147949219,1.8407646488139149,0.20487264673311184,0.12413158219479427,3.99606792632553,93.5103305785124,16.756825940290636,0.07690547015606042,0.7576693351978864,3.3194667979967187,-0.6423358198925555,-0.7664233128519503
25,342,0.9883236030025021,alpha,2920.6400000000003,414.4723204612732,161.572998046875,18.076287717039662,79.73169422149658,5.708384021643113,0.7367019129873275,0.6386363638844951,18.076287717039662,211.38865721434527,40.51970953127443,0.21364701421452567,0.8300492143605731,2.5652325912837735,0.3508058359580151,-0.9364482182469024
25,341,1.0,alpha,2407.0400000000004,208.95676651000977,63.2,38.08607594936709,0.0,1.253968253968254,0.9443816698053986,0.7556761101064898,38.08607594936709,186.96469981963412,41.56084491331479,0.6927559954479046,0.9000891693807402,3.3062779511077496,0.0,1.0
26,361,0.7029702970297029,electron_positron,202.88000000000002,158.8077331542969,59.20965576171875,3.426468156080203,37.26640319824219,3.792553121305845,0.3135509396636993,0.21947539355225992,3.426468156080203,94.4480198019802,21.056378141438586,0.10108944379315216,0.8116168919435173,2.6821255944029994,0.9637833104900426,0.26668657712913507
26,366,0.9885895997007108,proton,3149.4400000000005,757.2662576675416,278.1044921875,11.324664248417195,-72.57013702392578,10.17039933948242,0.5113789878416294,0.41414777908121564,11.324664248417195,171.64122708567152,46.37037549392393,0.06901539710335726,0.7573974986460552,2.7229558634996347,-0.5715692353064227,-0.8205538429933963
26,358,0.6320254506892895,electron_positron,502.7200000000001,281.88022890090946,92.52607421875001,5.433279259330405,-15.945394515991211,6.378788023829138,0.46465542738834664,0.374572648436356,5.433279259330405,91.9013785790032,13.479800221301439,0.07950726172963044,0.693487915496177,3.04649506942755,-0.5283018457463099,0.8490566293134058
26,356,0.9577777777777777,electron_positron,237.76,140.89991235733032,49.76085510253907,4.778052939606101,-36.65610885620117,3.297724891298654,0.44068801897983395,0.31664858006183566,4.778052939606101,146.31777777777776,25.419920350333307,0.1504967807677539,0.7986523869608165,2.831541219840108,-0.957883749626814,0.28715626791152443
26,365,0.953554268818529,proton,4780.8,1158.858173942566,429.563720703125,11.129431489639344,-71.56504821777344,12.671639918021114,0.4046696822774181,0.32830553776318744,11.129431489639344,159.09449303930023,38.745182588456636,0.04473524941680143,0.7626859425017408,2.6977561607058114,-0.6000000826393694,-0.7999999380204662
27,383,0.7182741116751269,electron_positron,199.04000000000002,147.10579986572267,53.73909301757813,3.7038213491041576,43.69804763793945,3.9332075813060565,0.4316446911866759,0.27108567324228044,3.7038213491041576,109.92893401015228,31.00302957818968,0.11558211453905737,0.7881377118477709,2.73740756691975,0.9989674759699761,0.04543106816018321
27,378,0.7623456790123457,electron_positron,162.24,126.77442903518677,46.47044372558594,3.491251363082489,27.597293853759766,3.4497610473816027,0.38063063063063063,0.2591751227963562,3.491251363082489,100.78395061728395,16.690804423210302,0.12685409028040867,0.8101221852284858,2.728065817141889,0.8210952945403086,0.5707911328005753
27,385,0.9963689179375453,v_track,1649.92,333.0193328857422,144.908154296875,11.385970706795355,55.40771484375,9.025458163112663,0.8136342117721319,0.7091636958543742,11.385970706795355,216.76615831517793,40.27863828675094,0.18695361104529634,0.8995116511617198,2.2981407395713678,0.9347300126031166,-0.3553586970076537
27,384,1.0,v_track,2084.4800000000005,332.7724081039429,123.29035644531251,16.90708065171834,-0.7161599397659302,5.0101582120931605,0.8212304589006556,0.6870541331211195,16.90708065171834,208.0701652652943,39.404258269025064,0.23654456702579782,0.8042898868020422,2.6990951903975526,-0.02499609416119457,0.9996875488254742
27,367,0.9340390879478827,alpha,1485.4400000000003,242.89789142608643,89.83168945312501,16.53581279660911,-69.86369323730469,2.730593647122274,0.7240680081110591,0.5026353800902862,16.53581279660911,232.6518729641694,32.80948455282846,0.3163861683781895,0.8425549188291375,2.7039221115042347,-0.6464251622635155,-0.7629773978255107
28,387,0.9957912457912458,alpha,659.2,278.37240810394286,128.11955566406252,5.145194241294933,15.216323852539062,17.53676804149119,0.7935285053929122,0.7042646805191427,5.145194241294933,188.6557239057239,34.776779656314325,0.1068992578025532,0.9361536701013785,2.172755022924469,0.5065251508121895,0.8622251861287101
28,399,0.9814814814814815,v_track,2328.6400000000003,361.899737071991,144.6176513671875,16.102045483282883,56.944175720214844,5.21212097214853,0.7180069067587568,0.5803289443888056,16.102045483282883,222.07850808555034,38.92187300868871,0.2234270143521651,0.8584347945755715,2.502458957469302,0.9143363039402055,-0.40495570535178804
28,398,0.9946268656716418,v_track,3098.2400000000002,323.94885807037355,132.82384033203127,23.32593299708141,-2.6630008220672607,4.349969546816248,0.8743791203829134,0.7639223345352332,23.32593299708141,216.49731343283582,38.447002260671866,0.3709983805559017,0.9108846908281093,2.4389360920492176,-0.09282245202728329,0.9956826765589741
28,392,0.990228013029316,electron_positron,163.84000000000003,91.92934989929199,37.92000122070313,4.3206749663960595,-36.869895935058594,4.086206893716783,0.6432160804020101,0.46558995951608617,4.3206749663960595,104.70358306188926,13.643676997609017,0.2436247606772639,0.8874660892364545,2.424297123943695,-0.9599999832790487,0.2800000573289695
28,386,0.9499072356215214,alpha,1664.9600000000003,169.53910398483276,57.922021484375,28.744853120313465,-70.97439575195312,1.4936111938714047,0.9543286867204696,0.7412316298089028,28.744853120313465,230.93320964749535,32.49429222170326,0.7279036566530729,0.9068448209530994,2.9270232571314434,-0.6163655193545403,-0.7874601872798445
28,388,0.9548872180451128,electron_positron,279.68,169.61950817108155,68.06814575195312,4.108823546026666,-65.96571350097656,4.824352755341443,0.4201923076923077,0.29121425266556156,4.108823546026666,138.34774436090225,13.859842685723107,0.12215737051414088,0.8519111482373605,2.491907283462537,-0.7439451250162062,-0.6682407133396029
29,411,0.6823266219239373,electron_positron,246.4,109.529349899292,36.80294494628907,6.695116392440903,73.81079292297363,2.4586092482331967,0.5365853658536586,0.4472651605591865,6.695116392440903,139.8881431767338,28.131220451905797,0.25810091702665017,0.8463056018891922,2.9761028651142256,0.5355086614093799,-0.8445297351517791
29,419,0.9942748091603053,v_track,2366.0800000000004,387.5801412582398,149.88792724609377,15.785660949965953,66.47293663024902,4.891549046230481,0.6667869059428262,0.5151604681085885,15.785660949965953,208.19795396419437,41.689642447181434,0.197932110401601,0.832643519907107,2.585799592931128,0.7319976520855607,-0.6813071534493282
29,418,0.9998527679623086,v_track,4219.2,362.99780378341677,138.56214599609376,30.449874817318033,-58.43819046020508,3.37100208961241,0.870239588145997,0.7407982237840711,30.449874817318033,236.65974676089516,25.712258568428002,0.40237591894717917,0.867240439874762,2.619747270612063,-0.8919839613057498,-0.452067044555675
29,402,0.9448259531139,alpha,2608.0,259.72144145965575,105.360107421875,24.75320179351415,76.50426578521729,3.2620424132409194,0.9248751702224239,0.7663810913806052,24.75320179351415,223.08358986502486,38.80471851115798,0.48584959157406005,0.912155535139773,2.465083301592497,0.45385782027647575,-0.891074115309095
29,400,0.6988105352591334,alpha,1373.4400000000003,357.04692478179936,123.2,11.148051948051949,-90.0,4.162162162162162,0.480143192750867,0.37662337662337664,11.148051948051949,214.82412914188615,38.64898343757798,0.13538450514469658,0.784458308811566,2.898108155696423,-1.2246467991473532e-16,-1.0
30,421,0.9168674698795181,alpha,1497.6000000000001,272.86256637573246,102.54566650390626,14.604225132643244,37.234832763671875,3.9499507639782516,0.675812274368231,0.5625393269816735,14.604225132643244,217.47710843373494,39.502291099132655,0.25276548815012156,0.8296231820554235,2.660888321061703,0.9634888324306417,0.26774851966246027
30,432,0.5042804257288293,v_track,5268.8,757.2053616523743,143.19302978515626,36.79508707864618,-75.96375274658203,1.0307262645919355,0.4383302718100258,0.2648569048145068,36.79508707864618,212.1289912077742,43.45554299917857,0.11547666064061148,0.6141746763930543,5.28800433085653,-0.47058835188697895,-0.8823528789936014
30,420,0.9342723004694836,alpha,2699.5200000000004,454.117399597168,179.15120849609377,15.06838844494237,22.28559112548828,5.748831539459432,0.6004697843262866,0.4835335885719105,15.06838844494237,213.46858931365975,39.08172385474647,0.16449781316608078,0.8387620253324566,2.5348274421887007,0.7017948402993599,0.7123791140461629
30,422,0.9653179190751445,electron_positron,81.60000000000001,80.80975408554077,28.57783203125,2.8553600535817414,-39.80556869506836,3.244185631590781,0.3684971098265896,0.32414348466737025,2.8553600535817414,155.84971098265896,17.392791757471784,0.1570263198537323,0.8299240643395333,2.8277076440639344,-0.9836065422875784,0.18032795115864375
31,440,1.0,proton,6986.560000000001,2426.980234050751,971.0206054687501,7.195068735567472,-46.662471771240234,22.891174699939338,0.20174271405074753,0.16961903225981256,7.195068735567472,124.2869693735118,21.795099455968415,0.014905301952861551,0.8098227567588007,2.4994116709594967,-0.9983166616852898,-0.0579986465491975
31,435,0.6645833333333333,alpha,265.28000000000003,115.46072072982788,29.6,8.962162162162164,-90.0,1.088235294117647,0.6082171680117389,0.3294912559618442,8.962162162162164,174.46666666666667,46.98300815779631,0.25006093150301184,0.837928808511303,3.9007000246563472,-1.2246467991473532e-16,-1.0
31,434,0.9475683890577508,alpha,2444.8,221.094024848938,83.50153808593751,29.278502600561428,85.91438341140747,2.250383963177697,0.9457786580836841,0.789061785309271,29.278502600561428,225.15906788247216,41.530180019161456,0.6284911829644637,0.9225759916319257,2.6477838602373294,0.1421319730827497,-0.9898477166855538
31,439,0.5219446320054018,electron_positron,805.44,397.80957880020145,109.6391357421875,7.3462819142788875,4.0141754150390625,2.7506149473864734,0.22980005477951246,0.18430273737879488,7.3462819142788875,101.6428089128967,15.803316046068911,0.06395766286741304,0.6432076465623883,3.6283538364953585,0.13966308372409977,0.9901990825307178
31,436,0.7052797478329393,electron_positron,677.1200000000001,363.17240810394287,121.70881347656251,5.563442618971823,-81.29263305664062,7.8946403247683365,0.4245585874799358,0.36087262039349083,5.563442618971823,91.5791962174941,19.48835886950028,0.06451338268782444,0.7051548558219404,2.9839450219755785,-0.2992861698799009,-0.9541633971802833
31,438,0.9273422562141491,electron_positron,283.52000000000004,141.64305820465088,55.605505371093756,5.098775707690745,51.04409408569336,3.2191567686865974,0.40810686319668354,0.2951822525824946,5.098775707690745,101.48374760994264,26.647138749708972,0.17758364841153176,0.875749749477038,2.5472847923846644,0.9778264299581201,-0.20941698325436192
32,452,0.9959183673469387,proton,6452.160000000001,1228.7814610481262,437.33574218750005,14.753333372038341,37.57797622680664,12.56551903616013,0.510365251727542,0.4238923862154501,14.753333372038341,180.92497440193617,38.39422963845816,0.05369893736282515,0.728704126585794,2.809698230704656,0.9666267226815124,0.25618895174850626
32,448,1.0,electron_positron,170.24,377.59191627502446,130.196533203125,1.3075616977788613,2.0901565551757812,3.567476615789003,0.05275161130391671,0.03582811051696646,1.3075616977788613,124.76793248945147,30.867502081557156,0.015004657911925633,0.7536551504885686,2.9001687447846836,0.07289551451564931,0.9973395830726357
32,446,1.0,electron_positron,51.84,41.164674949646,17.101594543457033,3.031296284581468,34.69515609741211,3.6344085655385285,0.782608695652174,0.6442071324619861,3.031296284581468,94.13461538461539,9.18721696822826,0.38443726247453375,0.9239264103548261,2.4070664782188604,0.9360000315309297,0.35199991615638
32,447,0.9843342036553525,electron_positron,202.24,120.84305820465089,48.554080200195315,4.1652524188726465,61.78264236450195,5.258845640121676,0.5787545787545788,0.45113447588090794,4.1652524188726465,93.72584856396867,10.720300415106047,0.1740337609333957,0.8703170790415307,2.488834258756379,0.8332563854070125,-0.5528867842320344
32,441,0.9879654005265137,alpha,1628.16,206.92144145965577,65.13076171875001,24.99832578391727,-44.02897644042969,1.5690531827108403,0.8521185731033327,0.6022300614734871,24.99832578391727,186.6137645731478,41.01330440361126,0.47785480209061415,0.816847078587628,3.177015529976317,-0.9994256155348297,0.033888626599892294
33,467,0.9689196222767492,v_track,8268.160000000002,974.3091405868531,283.9983154296875,29.113412125316064,-2.436648368835449,2.7110390295180418,0.45791758972086843,0.2779157208547478,29.113412125316064,214.4118521823184,40.28095042285749,0.10945237313671187,0.6578963208630927,3.4306863373915792,-0.08495255733943478,0.9963849973787693
33,466,0.7020905923344948,proton,10020.800000000001,1790.4204773902893,651.5058105468751,15.380983312471955,-67.58831787109375,16.50181176756133,0.4895875676182733,0.38958070260242533,15.380983312471955,126.48293884416677,27.526530466597496,0.0392827773747858,0.7435844264043442,2.7481266450830386,-0.7049235024138657,-0.7092833395368656
33,465,0.9585253456221198,proton,1827.2,334.2782079696656,127.53875732421875,14.326625398701664,-70.34617614746094,4.693069362522845,0.691785800823843,0.5271797227572703,14.326625398701664,140.61784068466096,28.799386200090062,0.205484855818667,0.8019777300607249,2.620993139519859,-0.6334841573451588,-0.7737556606530863
33,464,0.987027027027027,proton,1114.2400000000002,193.3449914932251,73.33707275390626,15.193407074468361,-73.1416015625,2.6145576261809444,0.7000402090872537,0.541663811255773,15.193407074468361,171.49567567567567,40.564532940138385,0.37456117296864266,0.8778145758118061,2.636388176305097,-0.5550882999153169,-0.8317914277612647
33,453,0.9959470413401783,alpha,2240.32,350.0174872398377,120.9711669921875,18.519454310502628,-63.19916534423828,3.5515451078602727,0.6740804929713076,0.5437054051148829,18.519454310502628,233.24587949202916,25.896371589736535,0.22979492578940824,0.7774330309288618,2.893395971475106,-0.8049110862630685,-0.593395435785284
34,474,1.0,electron_positron,55.68000000000001,68.63919162750244,28.99342956542969,1.9204351066625813,-86.42366790771484,7.958904346276287,0.5667752442996743,0.5271732094564945,1.9204351066625813,125.8984375,14.32318915460498,0.14851310236044732,0.9115177745714393,2.367405051982687,-0.12451353961544588,-0.992217908754137
34,477,1.0,proton,7116.4800000000005,2358.7535185813904,857.3435546875,8.300616434439684,-67.99414825439453,13.158368992573386,0.20218927003118436,0.12739650670143265,8.300616434439684,113.89982298036692,23.99241894201107,0.016073482256845482,0.7342188758625532,2.7512349112382974,-0.6948052915187378,-0.7191978913189067
34,469,0.9974817426340972,alpha,2446.0800000000004,273.91353302001954,108.51083984375,22.542264012721944,43.45184326171875,3.230209547173483,0.8916365333022279,0.6710503442204601,22.542264012721944,207.5643414756988,41.871523198791074,0.40968828120744016,0.8866805614130262,2.524296498068219,0.9985401477967611,0.05401456505445991
34,475,0.9933333333333333,electron_positron,67.84000000000002,80.06660823822023,33.41765441894531,2.0300646822638693,47.48955154418945,6.666666869603837,0.4785553047404063,0.40498847677139016,2.0300646822638693,112.73333333333333,20.383217497626735,0.13298199391715715,0.8811722086011994,2.3959374058530103,0.9962264192685895,-0.08679240491704622
34,476,1.0,electron_positron,51.2,70.07838325500488,27.718582153320312,1.847136325977876,45.0,4.899999352624406,0.4155844155844156,0.3265306555521792,1.847136325977876,144.6890756302521,16.876092133552884,0.13101218121543962,0.8600664214103038,2.5282095190648284,1.0,6.123233995736766e-17
34,468,0.9879475363346331,alpha,1710.08,265.9606330871582,79.2,21.591919191919192,-90.0,2.357142857142857,0.7593066211992043,0.6426166426166426,21.591919191919192,217.3771712158809,39.921141203678054,0.3038026625104024,0.727189694343046,3.358088801605533,-1.2246467991473532e-16,-1.0
34,473,0.9083969465648855,electron_positron,232.64000000000001,190.111687374115,73.68648071289063,3.157159871787746,-68.35556030273438,4.06180864610141,0.26151079136690647,0.17403164244358477,3.157159871787746,97.98101265822784,21.702769132165145,0.08088660736520308,0.8563180987478396,2.580007696593075,-0.6856770857369152,-0.7279058552418238
34,472,0.5,electron_positron,77.12,64.03330411911011,28.0,2.7542857142857144,-90.0,5.833333333333333,0.7151335311572701,0.5738095238095238,2.7542857142857144,114.62025316455696,14.85141922849348,0.23635514522323045,0.9274843600977227,2.2869037185396466,-1.2246467991473532e-16,-1.0
35,481,1.0,alpha,737.2800000000001,117.14112491607666,33.6,21.942857142857143,0.0,1.135135135135135,0.9316619490497372,0.7413127413127413,21.942857142857143,194.20491803278688,46.2096148047473,0.6751861678009479,0.9230714985043535,3.4863430034546625,0.0,1.0
35,497,1.0,proton,6923.52,2256.786472129822,877.26064453125,7.892204036691365,-50.440330505371094,23.45089707232493,0.24356636271529888,0.21097408813674828,7.892204036691365,154.86552384122493,38.56356566370165,0.017082674879288787,0.7834455573847139,2.572538146101036,-0.9820224819626812,-0.18876399264652016
35,480,0.7907750832144556,alpha,1276.16,185.39209156036378,60.0,21.269333333333336,0.0,1.6666666666666667,0.7987182054876828,0.5908148148148148,21.269333333333336,216.2900618164527,41.27754811353641,0.4665869456475767,0.8805807879274176,3.0898681926727294,0.0,1.0
35,479,0.9444636081407382,alpha,1752.6400000000003,288.00571222305297,89.60000000000001,19.560714285714287,0.0,2.8,0.7508911434055388,0.6112723214285715,19.560714285714287,192.76923076923077,41.93091533761486,0.26552192025844723,0.7376795156830049,3.2143494667751447,0.0,1.0
35,478,0.7967289719626168,alpha,1575.0400000000002,188.1567665100098,75.42802734375,20.88136274361295,-12.90740966796875,2.8293722798796694,0.9387755102040817,0.7832784575372571,20.88136274361295,214.26830218068534,44.17369664176902,0.5590643116252875,0.9352667040660477,2.4945205798968906,-0.4354639488452919,0.900206170416569
35,485,0.8258426966292135,electron_positron,85.12,79.67838325500489,29.6,2.875675675675676,-53.13010025024414,3.4905665402058355,0.39465875370919884,0.33911274641882844,2.875675675675676,147.14044943820224,34.46260705737834,0.16848469357562165,0.8392599126965262,2.6918372721285433,-0.9600000205633031,-0.2799999294972369
36,513,0.9248291571753986,electron_positron,234.88000000000002,128.1803165435791,51.526031494140625,4.558472546575022,62.969139099121094,5.4257287688341584,0.566358024691358,0.4800104902452145,4.558472546575022,121.17084282460137,21.73584354778616,0.17964420936734599,0.8653275398627217,2.487680747510224,0.8096497157106549,-0.5869133989351885
36,514,1.0,electron_positron,67.52000000000001,67.347012424469,27.54609069824219,2.451164513311818,24.77513885498047,5.244679760833549,0.5596816976127321,0.46669318903608575,2.451164513311818,104.74125874125875,13.180146802833487,0.18707063829154733,0.8793265897982775,2.4448845813452085,0.7609755709429972,0.6487805333300155
36,511,1.0,electron_positron,86.72000000000001,143.276362323761,59.4211669921875,1.459412603111643,-43.29864501953125,8.266354796484647,0.2646484375,0.20302567220479215,1.459412603111643,124.3755868544601,19.797798646020496,0.053086004562644416,0.8609888537556015,2.411200748423512,-0.9982370217497023,0.059353587998404615
36,498,0.944620253164557,alpha,4690.240000000001,470.4918286323548,175.7174072265625,26.691948589661383,60.52411079406738,3.812746018917694,0.7221264226240331,0.5791664145782085,26.691948589661383,225.33992616033754,36.1632668023414,0.26625683175453263,0.8383318919895308,2.6775482068530794,0.8567335280043529,-0.515759306259436
36,517,0.8437373327928658,proton,5797.120000000001,1368.6270660400392,578.7642578125,10.016375271532524,87.05595374107361,11.140872718420457,0.3059153312281531,0.19280935284747622,10.016375271532524,124.60113498175922,37.51813784745124,0.03889125032347177,0.8636425344103695,2.3647401296218744,0.10258581068558985,-0.994724158471071
36,501,0.5504731861198738,electron_positron,329.28000000000003,217.10377893447878,45.76546020507813,7.194945675723003,-55.61965560913086,1.5886609947133712,0.3688172043010753,0.24975886843227824,7.194945675723003,119.42271293375394,19.186232944375142,0.08778907060265838,0.5512435162690829,4.743834716435103,-0.9320754674875005,-0.36226416177695175
36,500,0.7033639143730887,electron_positron,539.2,251.48022890090942,97.18996582031251,5.54789782514059,56.673709869384766,5.81907840191723,0.41299019607843135,0.33217063240876216,5.54789782514059,122.2191641182467,18.224052385129927,0.10714010152992887,0.8191752512714611,2.5875122681476506,0.9181187012747596,-0.3963055013112344
36,499,0.930298719772404,electron_positron,367.36000000000007,222.03128318786622,88.0,4.174545454545455,0.0,6.470588235294118,0.44878811571540267,0.306951871657754,4.174545454545455,127.31578947368422,14.306038014261366,0.09364258474400136,0.8307474555512379,2.5230827634984796,0.0,1.0
36,516,0.9278863232682061,proton,1674.5600000000004,332.8999123573303,137.6,12.169767441860465,-90.0,6.142857142857143,0.6661998726925525,0.5432931893687708,12.169767441860465,132.8948490230906,21.096285020673072,0.18988174554273268,0.9054064594739007,2.419330758410831,-1.2246467991473532e-16,-1.0
37,529,0.9348739495798319,electron_positron,241.60000000000002,172.23717069625854,70.62196044921875,3.421032189749594,72.38742065429688,6.440396928695926,0.42084726867335565,0.31198235035794614,3.421032189749594,139.0189075630252,20.839564717865656,0.10234179463278453,0.8556914518561514,2.4388613626792046,0.5767910705467265,-0.8168917069829764
37,528,0.9352750809061489,electron_positron,153.60000000000002,120.06660823822023,46.25966491699219,3.3203872158524725,-82.33319854736328,5.294938911269829,0.511727078891258,0.3800556597469467,3.3203872158524725,139.66666666666669,10.039189659446318,0.13389260612394696,0.8281400438341018,2.595492389615583,-0.2644386994747199,-0.9644024959632357
37,526,0.9550561797752809,electron_positron,289.6,196.96652059555055,74.77581787109375,3.8729098289401835,61.88679122924805,4.338754679835754,0.2986798679867987,0.22471978405992019,3.8729098289401835,134.56171735241503,20.74047923705532,0.09380448321161035,0.8289464492863917,2.6340938314456377,0.8312408738689842,-0.5559124118146018
37,533,0.9975490196078431,proton,2982.7200000000003,436.50360364913945,178.56986083984376,16.70337864391993,-39.421363830566406,7.178104451186731,0.7773978315262718,0.671438035679011,16.70337864391993,195.32455065359477,36.452867346592726,0.1967191700124846,0.856585843279761,2.44444164091404,-0.98109973057676,0.19350276138135328
37,520,0.987884267631103,alpha,3389.120000000001,430.264412021637,167.95439453125002,20.178811096064607,-30.65066909790039,5.936035690013654,0.7928582123072316,0.7131825468609342,20.178811096064607,195.61410488245932,49.07793650598199,0.2300519706708082,0.8358876633010577,2.5617931178429565,-0.8771573795292603,0.4802030107541612
37,532,0.9866320089119941,proton,4604.4800000000005,928.8326029777527,373.8969970703125,12.314835465592449,-45.52757263183594,13.942897409369824,0.557583507711385,0.4592293836415461,12.314835465592449,180.8666753381894,29.71820116558045,0.06706803040854223,0.8149842243363156,2.484193802720172,-0.9998304347036523,-0.018414718034923533
37,523,0.987012987012987,electron_positron,77.76,56.03330411911011,21.88709411621094,3.5527786186292376,85.91438341140747,3.1735543150959216,0.6982758620689655,0.5151408339483691,3.5527786186292376,133.7987012987013,8.688983822738932,0.3112244093227574,0.8850760402514244,2.560107057684207,0.1421319730827497,-0.9898477166855538
37,519,0.9964213474404855,alpha,3964.4800000000005,424.4134453773499,155.96182861328126,25.419553202535333,-50.882442474365234,4.044931999521943,0.7627285599950748,0.6592662132568108,25.419553202535333,229.29142679321612,31.396834050014288,0.27657812466958454,0.8145748922127853,2.7212648707121407,-0.9789925350781647,-0.20389609182431243
38,536,0.978583916083916,alpha,1390.4,202.08813734054567,75.65272827148438,18.37871590050878,73.49563980102539,2.649751292066999,0.8352556708958093,0.6437180431767914,18.37871590050878,114.00218531468532,26.26368265672067,0.4278267949792097,0.8646394717530539,2.6712604020748625,0.5447666740785132,-0.8385876643580175
38,544,0.7596741344195519,proton,241.92000000000004,185.8274166107178,84.80000000000001,2.8528301886792455,-90.0,11.777777777777779,0.5995241871530531,0.39622641509433965,2.8528301886792455,103.57637474541751,25.047729832253992,0.08803635624929036,0.9312145007980666,2.1913610449377097,-1.2246467991473532e-16,-1.0
38,535,0.9544621026894865,alpha,2018.8800000000003,217.21748723983765,81.82283325195313,24.673797273474506,-48.46822738647461,2.594682564997453,0.9258878778984444,0.7824303932452473,24.673797273474506,225.99724938875306,36.6766873287669,0.5376885629053066,0.9061928520480566,2.654729475951661,-0.9926807032274415,-0.120768462107755
38,540,1.0,electron_positron,127.68000000000002,104.64894571304322,42.834902954101565,2.9807468021303007,55.98065185546875,4.8029729816663504,0.442350332594235,0.334223854111694,2.9807468021303007,112.12062256809338,14.739140393340067,0.14650856791221983,0.8711490964212987,2.443076521620152,0.9274366440087216,-0.3739803087728548
38,543,0.5754485131481937,proton,4869.4400000000005,929.4368201255799,348.80161132812503,13.960485966388545,-81.8698959350586,12.23412690724535,0.569072550486163,0.48966045870397473,13.960485966388545,164.62140575079871,40.89479418685138,0.07083520194626775,0.7709331115084592,2.6646574727295027,-0.2800000573289693,-0.9599999832790488
38,534,0.9947856315179606,alpha,1027.5200000000002,211.41362066268923,49.6,20.716129032258067,0.0,1.0689655172413792,0.6387507459717525,0.44646829810901,20.716129032258067,226.15643105446117,25.732217629089803,0.288891138168581,0.7537276626892017,4.262371384328412,0.0,1.0
39,563,0.6810584958217271,proton,2138.5600000000004,446.0369954109192,95.8847412109375,22.30344445833532,31.68636703491211,1.5592455516395707,0.5118719362745098,0.36269114479220854,22.30344445833532,149.51197771587744,35.00639410339298,0.13507952977290907,0.5787058959660096,4.651803715355286,0.8939410558924437,0.44818454746890024
39,558,0.8173076923076923,electron_positron,232.0,96.26072072982788,35.701239013671874,6.498373905487007,75.9637565612793,2.453332947463266,0.6239242685025818,0.4465580256517576,6.498373905487007,119.86057692307693,20.961498213616945,0.3146296381792996,0.8676542045817109,2.6962851539400243,0.47058823439458175,-0.882352941656223
39,557,1.0,electron_positron,63.68000000000001,60.28427076339722,24.540315246582033,2.594913690396432,-70.70995330810547,4.166666763820506,0.5784883720930233,0.4405868677772401,2.594913690396432,116.69924812030075,16.437159882369787,0.22019370306959102,0.8953558662900004,2.4565401934595603,-0.6236080307164618,-0.7817371834740474
39,546,0.985781990521327,alpha,1765.4400000000003,347.9821621894837,83.2,21.21923076923077,-90.0,1.8571428571428572,0.5999347542409743,0.47364354395604397,21.21923076923077,145.98882870683818,37.11785029985768,0.18320986797219135,0.6217262968391495,4.1824779109312935,-1.2246467991473532e-16,-1.0
39,556,0.990990990990991,electron_positron,53.120000000000005,49.164674949646,20.196588134765626,2.6301472132593173,-14.743562698364258,3.6740744524069378,0.608058608058608,0.4784648088986491,2.6301472132593173,118.08108108108108,10.392421992360568,0.27616051632013483,0.9057703529847329,2.4343059640363625,-0.4922279750782451,0.8704663236164685
39,545,0.9793696275071633,alpha,1061.1200000000001,156.81950817108157,44.800000000000004,23.685714285714287,0.0,1.2173913043478262,0.8420518029456577,0.6436335403726708,23.685714285714287,130.4263610315186,27.687374543417448,0.5422183228123465,0.8402939251218918,3.500435450247356,0.0,1.0
39,562,0.9835009022944058,proton,4563.52,1145.220827960968,471.174951171875,9.685404516199167,63.53339385986328,17.445773613747026,0.4642705993423837,0.35861281277140117,9.685404516199167,121.06934777004383,17.3294164282354,0.04372515387352019,0.8340141081052881,2.4305639022461847,0.7979334525471699,-0.6027455560235624
39,550,1.0,electron_positron,36.160000000000004,42.296045780181885,18.203572082519532,1.9864233149450712,41.63353729248047,4.41935539437544,0.6975308641975309,0.48225208506442735,1.9864233149450712,132.6,11.04717158371322,0.25400294434428006,0.9051303174047054,2.323502529528136,0.9931034399104302,0.11724145017045237
39,565,0.9814432989690721,v_track,2079.0400000000004,246.38620405197145,105.31385498046876,19.741372114671652,5.9061431884765625,4.231532820204289,0.9128846424055079,0.7932124793512807,19.741372114671652,227.0179675994109,32.97461827468588,0.4303679642434627,0.9533462439345826,2.3395421627825286,0.2047059532402251,0.9788235145867772
39,564,0.9768720685751253,v_track,3776.96,499.499737071991,183.47530517578127,20.58565863335901,-84.54244995117188,4.682329679339963,0.6228167379030131,0.5253504840631881,20.58565863335901,209.05984150088955,42.873358109914896,0.1902311886368348,0.8030516426868035,2.7224357882573775,-0.18935422812468808,-0.9819088431678898
40,579,0.9269949066213922,electron_positron,693.1200000000001,429.29384956359866,131.40479736328126,5.274693267733619,-34.4608154296875,4.840400216059566,0.26414634146341465,0.19429752143828585,5.274693267733619,120.67878787878787,28.526380747139374,0.04726165893240201,0.648476478587558,3.266957205350535,-0.9330893778287175,0.3596445647903174
40,578,0.9407008086253369,electron_positron,203.52,95.129349899292,39.42432250976563,5.1622954319528755,41.98721694946289,3.4712042039564848,0.6758767268862912,0.4545260505369863,5.1622954319528755,110.97843665768195,22.54518239686654,0.28261024417860386,0.8977256383288675,2.4129609297846,0.9944751544407064,0.10497222108792936
40,575,0.9647058823529412,electron_positron,205.76,186.20184564590454,70.36019287109376,2.9243808409816467,-33.08485412597656,4.631015812916476,0.2624489795918367,0.19247891975492057,2.9243808409816467,111.23529411764704,26.191982185314842,0.07457664683358126,0.8047364257132088,2.64640897143422,-0.9147461893266035,0.40402897063509896
40,581,0.8866920152091254,proton,10340.160000000002,2986.58392534256,1051.27490234375,9.83582883691723,49.07126998901367,20.488173683251407,0.2333944874609962,0.1916893184458423,9.83582883691723,129.3205569020912,34.18956131593435,0.014567588877306777,0.7106329241124183,2.840916223419928,0.9899187709441768,-0.1416362486525623
40,573,0.7634493670886076,electron_positron,698.5600000000001,310.5194205284119,102.4102783203125,6.821190328329033,84.75817966461182,2.6547932562881233,0.2740396685915139,0.17682649027537986,6.821190328329033,98.09572784810126,17.199716128857347,0.09104079552276803,0.7493085776897399,3.0321118702283822,0.181954775037728,-0.9833069001288305
40,572,0.6261980830670927,electron_positron,162.88000000000002,104.26072072982788,33.613720703125004,4.845640309757717,-59.0362434387207,2.4019607265888543,0.5329842931937173,0.346258535971349,4.845640309757717,99.44728434504792,10.062961567084331,0.1882938689375953,0.7667567356407503,3.101731035687905,-0.8823529416562229,-0.470588234394582
40,571,0.9957264957264957,electron_positron,111.68,104.53523740768433,37.75353088378906,2.9581339118655556,-54.782405853271484,3.821011835997732,0.4240583232077764,0.29939092914241744,2.9581339118655556,94.40598290598291,16.007000555036488,0.1284280384858738,0.8010689577802821,2.768886378586925,-0.9422632932219525,-0.33487294045133137
40,570,0.640636846095527,electron_positron,683.2,466.74279527664186,93.56248168945314,7.302072237327305,89.41536951065063,1.147117628130776,0.14896734579960927,0.08952665250078241,7.302072237327305,111.13874147081123,17.66136714826306,0.03940964075924905,0.6254134273903369,4.988567926466787,0.020406037427307167,-0.9997917751394614
40,568,0.7412731006160165,electron_positron,930.24,579.9740784645081,183.8909423828125,5.058650458506463,-45.59889221191406,3.691912290178033,0.12286040319513122,0.10156070526081729,5.058650458506463,119.94957507082152,21.335609253054823,0.03475263244114383,0.7134590897354264,3.1539023670733863,-0.999781492551868,-0.020903759249453455
40,569,0.9179415855354659,electron_positron,389.44000000000005,197.40184564590456,68.31458740234375,5.70068582433741,-66.31791687011719,3.3239524541357626,0.3435911914172784,0.27737573125433507,5.70068582433741,116.07093184979138,21.679912652559615,0.12558795908564083,0.7869004421155594,2.889600203296142,-0.7356736136172006,-0.6773362047221526
40,567,1.0,electron_positron,42.24000000000001,37.85096664428711,15.522279357910158,2.721249825881692,-75.96375274658203,3.8095241840095704,0.7674418604651163,0.6678572639620278,2.721249825881692,114.76404494382022,11.50771355564942,0.3704928434397056,0.922892248146563,2.438492812268467,-0.47058835188697895,-0.8823528789936014
40,566,0.9373881932021467,electron_positron,282.24,212.38418312072756,74.48027954101563,3.7894594614749395,-30.618606567382812,5.639361967363573,0.3753191489361702,0.2869233801967604,3.7894594614749395,141.89624329159213,29.10636782189398,0.0786292415708852,0.7516478191410306,2.851549221210555,-0.8766193902170959,0.48118441859167355
41,586,0.9798994974874372,alpha,343.36000000000007,105.47249574661255,34.4,9.98139534883721,0.0,1.9545454545454546,0.80374531835206,0.5671247357293869,9.98139534883721,204.01340033500838,33.368504714223825,0.38786547096635127,0.8322874550108774,3.066060922866644,0.0,1.0
41,584,0.9912095067556569,alpha,3758.0800000000004,490.3212661743164,154.4,24.339896373056998,-90.0,3.938775510204082,0.6973043581522385,0.6209157238024744,24.339896373056998,207.65586846817516,38.90979836218196,0.19643298906609527,0.7262662621551343,3.17565586900464,-1.2246467991473532e-16,-1.0
41,585,0.9847122302158273,alpha,664.3200000000002,129.39209156036378,50.85508422851563,13.063000682781297,-70.70995330810547,3.0337835832783377,0.9165562913907285,0.7792793507468813,13.063000682781297,211.50179856115108,41.055761305004765,0.49862233180337834,0.9168560510108321,2.544329510476174,-0.6236080307164618,-0.7817371834740474
41,599,0.9043772798332465,v_track,2351.0400000000004,312.96247873306277,132.96611328125002,17.681497503255425,-32.0053825378418,5.872659167952915,0.8728763217298324,0.7809313655426824,17.681497503255425,221.6284523189161,36.8925392324508,0.30163750268585576,0.9164763013454368,2.3537010371287934,-0.8988763942422683,0.43820226822098757
41,598,0.9993119581670565,v_track,4465.920000000001,509.84288291931153,219.64189453125002,20.332733013121057,-78.7410888671875,7.076303601172091,0.7800570119054273,0.6550689801209499,20.332733013121057,214.2373744323655,38.71115693528089,0.21589773229653916,0.9105151008801515,2.3212460628578877,-0.3829707932415588,-0.9237604513746684
41,583,0.9748378728923476,alpha,2330.2400000000002,360.01950817108155,159.693212890625,14.591978944001822,-84.17366027832031,7.129804814977636,0.783010752688172,0.6514864335922202,14.591978944001822,222.59403372243838,35.50800740066477,0.22592196065554482,0.9398119650798499,2.2544446420378645,-0.20197848664025775,-0.9793899585632432
41,582,0.9963800904977376,alpha,638.7200000000001,188.1567665100098,83.52136840820313,7.6473842822870655,69.53772735595703,5.457602317024241,0.8150265414454879,0.4997090322347434,7.6473842822870655,200.64343891402714,26.834426374577298,0.22671523080131525,0.9157694362824663,2.2527979377733685,0.6550645583004018,-0.7555729114114001
42,603,0.961890243902439,alpha,1574.4,295.9253080368042,69.234130859375,22.740229139264343,76.70142936706543,1.6518069396068482,0.6783399972425204,0.5425426423967359,22.740229139264343,186.35289634146343,42.076844344910576,0.22592314672795205,0.6375381434766174,4.274269126565239,0.447714474061128,-0.8941765763629506
42,619,0.9888268156424581,electron_positron,87.04000000000002,77.14112491607666,31.251196289062502,2.785173380081544,-60.461219787597656,4.597269779708746,0.5103189493433395,0.40971850463143517,2.785173380081544,151.22346368715085,22.117646516847344,0.18380478404889058,0.8829010768007898,2.4684215030537895,-0.8578637143300389,-0.5138772690398646
42,602,0.9769484083424808,alpha,544.96,102.547012424469,36.139749145507814,15.07924135847907,-84.2894058227539,1.694029698622871,0.9175646551724138,0.7068306587053619,15.07924135847907,207.1800219538968,43.914602243787186,0.6512211033139325,0.9182027452575824,2.8375131219530236,-0.19801983755550268,-0.9801980126150492
42,617,1.0,electron_positron,355.52000000000004,565.1582615852357,145.19678955078126,2.4485389869840075,-64.79887390136719,1.7274570126178426,0.04920283436669619,0.029131125122118465,2.4485389869840075,138.20665083135393,38.222968228337464,0.013987295181380841,0.6914989615438362,3.892360590986598,-0.7705382982069543,-0.6373937017231428
42,621,0.9880713041147299,v_track,9248.640000000001,847.4347991943359,172.06973876953126,53.74936968078711,49.74489974975586,1.0492689073922565,0.47588625623631303,0.3277597955415063,53.74936968078711,215.0152794531564,36.69829256802247,0.16183600573770143,0.6548284661313538,4.924949646895105,0.9863149697146609,-0.16487201253326
42,601,0.9909034844279988,alpha,3990.4,447.0546579360962,171.76662597656252,23.231521125323198,-80.72740173339844,4.7610542305800765,0.7528829318360201,0.6439349396757823,23.231521125323198,209.17930928152944,40.317393372363505,0.2509025339181883,0.8362834055454202,2.6026863798156965,-0.31805262215698665,-0.948073061287507
42,600,1.0,alpha,1135.0400000000002,185.69991235733033,68.15576171875,16.653617704161682,50.98059844970703,1.9763828178885137,0.7667531344574147,0.4829221045465084,16.653617704161682,233.2845744680851,27.353213205970306,0.413616288526549,0.912261966161336,2.7246399669573838,0.9782881829074394,-0.20724920068280236
42,605,0.9577464788732394,electron_positron,71.04,181.48224983215334,73.81612548828126,0.9623913410529522,-21.286405563354492,10.006563530981506,0.16028880866425993,0.13046241633803596,0.9623913410529522,145.08450704225353,26.564517871279275,0.027104693937873122,0.841367404541984,2.458571872089991,-0.6765265893896436,0.7364182058102695
43,636,1.0,electron_positron,47.68000000000001,75.8960457801819,32.2029296875,1.4806106296132315,13.240516662597656,7.55913923035044,0.382051282051282,0.34755042487726273,1.4806106296132315,112.54621848739495,20.25582099100135,0.10401783534451332,0.9107060597101266,2.3568056234846844,0.4459015377195228,0.8950820178393514
43,640,0.9942148760330578,v_track,7407.68,939.6053616523743,157.8145263671875,46.939151740471154,29.054603576660156,1.1371780858885647,0.46548430556393394,0.33823359584317814,46.939151740471154,188.0105785123967,41.110416373178076,0.10543895782370347,0.5110187556921787,5.953858515319381,0.8490565941395808,0.5283019022756733
43,624,0.9857320099255583,alpha,3944.3200000000006,510.07029953002933,167.90401611328127,23.491516708801367,-86.58341217041016,3.965934881980203,0.69942688532032,0.554875503890265,23.491516708801367,155.58514267990074,43.16902490237447,0.19051182333962502,0.7146093454564137,3.037868368710703,-0.11897889976692831,-0.9928967828582441
43,623,0.9944444444444445,alpha,959.04,207.711687374115,66.4,14.443373493975905,-90.0,1.8444444444444446,0.6658520328815819,0.40120481927710844,14.443373493975905,189.51913580246912,33.169471375828884,0.2793345899875456,0.83166295120617,3.1281880628631775,-1.2246467991473532e-16,-1.0
43,626,0.9113924050632911,electron_positron,25.6,63.450966644287114,23.7587890625,1.0774959924370093,-8.130102157592773,4.375000175611867,0.27972027972027974,0.19841268608985946,1.0774959924370093,144.34177215189874,30.648222975288764,0.0799048874003584,0.8416755273108865,2.670631338885692,-0.2799999934131038,0.9600000019211781
43,622,0.9900491245748835,alpha,4921.6,463.7369077682495,192.802685546875,25.526615389407738,36.027374267578125,5.700869582793724,0.8721292883470372,0.7547815260579882,25.526615389407738,232.64202040559266,28.461102220196047,0.28758938642843473,0.8845491016870746,2.405240914839352,0.951351360842366,0.30810807880251745
44,647,0.9177631578947368,electron_positron,568.32,342.4390163421631,117.80601806640625,4.824201762592832,-68.67053985595703,3.2093967949493916,0.19283387622149836,0.1314260334843601,4.824201762592832,94.48192771084338,17.07876854800083,0.060902668504797815,0.7584486089964008,2.906804100187251,-0.6776325793127412,-0.7354006305776202
44,642,0.7207656004195071,alpha,2303.36,391.44288291931156,85.47316284179688,26.94834171824567,29.054603576660156,1.3580245153671249,0.5785708544329234,0.4281637356699329,26.94834171824567,121.08547456738333,44.53560448602045,0.1889012719005654,0.6154388330696239,4.579716836310797,0.8490565941395808,0.5283019022756733
44,645,0.9803921568627451,electron_positron,198.72000000000003,265.76652059555056,96.59031372070314,2.0573491517442544,31.739139556884766,3.7811642891962745,0.1346779440468445,0.08053783907853938,2.0573491517442544,99.36304347826088,16.073903488136704,0.035355004850822186,0.7840672293812085,2.7514821140764787,0.8947651432684418,0.4465370515330221
44,648,0.9827938174394867,proton,12428.800000000001,2016.4500902175905,809.7450683593751,15.349028337007349,79.7807264328003,19.290971617318256,0.40360794746030426,0.36566776578528115,15.349028337007349,149.8148148148148,37.37380792262584,0.03841175138966913,0.8237215883515352,2.49022830642627,0.34920254772777304,-0.9370472670364246
45,669,0.9908515130190007,proton,854.7200000000001,150.111687374115,46.34955749511719,18.440737003585042,68.1985912322998,1.567839204798544,0.859671709044094,0.623783958296596,18.440737003585042,172.9289232934553,42.88412796786402,0.47665561872648554,0.8286864966514816,3.238686526617409,0.6896551542483049,-0.7241379483349473
45,663,1.0,electron_positron,53.760000000000005,49.71370830535889,20.761050415039065,2.5894643539354294,75.9637565612793,4.115384749169079,0.6774193548387096,0.5132997559209856,2.5894643539354294,120.69298245614034,16.26756928379904,0.27334856891170684,0.9216508770557578,2.39456613762408,0.47058823439458175,-0.882352941656223
45,650,0.9928147154627324,alpha,6443.200000000001,653.829086971283,227.666455078125,28.30105119258338,78.79920196533203,5.136020749589524,0.7788565681572025,0.638454998170127,28.30105119258338,233.89998083924124,30.536481124061048,0.18940132021780642,0.751648065195898,2.8718727436016778,0.38109613097155437,-0.9245354179037771
45,668,0.9820851994583898,proton,8770.240000000002,1462.248244571686,509.948388671875,17.198289463844525,79.11447334289551,8.145271576502529,0.3669630185041373,0.2747037571765971,17.198289463844525,143.48537005163513,44.276222733673315,0.05154411945226173,0.7175206223618192,2.867443602243767,0.37089870323238683,-0.928673328970168
45,667,0.9898417198204583,proton,2481.2800000000007,632.9486827850342,220.7996337890625,11.23769979786494,74.55368423461914,8.299770663039856,0.48902623612512613,0.4224206784304394,11.23769979786494,133.85967399007797,22.84458242087074,0.07783028812771463,0.734212516609178,2.8666201656371944,0.5134308971905294,-0.8581309421120579
46,683,0.911522633744856,electron_positron,265.92,127.43717069625855,49.772097778320315,5.342752503307771,-62.44718933105469,4.192208016203006,0.5481530343007915,0.45000976194962766,5.342752503307771,106.32304526748972,19.58469429959657,0.20576363539749978,0.8634551339745459,2.5604138942234322,-0.8202080056469737,-0.5720654048905719
46,682,0.5443632567849687,electron_positron,1072.96,439.58989534378054,129.21624755859375,8.303599742853242,57.835609436035156,2.838650654789384,0.2803980598762335,0.1824152867190399,8.303599742853242,99.4232776617954,12.274430749214776,0.06977470257246157,0.6703721191099669,3.4019707556083167,0.9012947456207279,-0.4332063959782535
46,672,0.9373543123543123,alpha,2056.0,381.7429705619812,114.42987060546875,17.967336580224547,-64.55459594726562,2.2686533679686285,0.5031717440676639,0.35621519477803465,17.967336580224547,169.95017482517483,47.790299509860375,0.1772927094019269,0.7333870379317855,3.3360430151857328,-0.7759452185021154,-0.6308002995272786
46,671,0.7026364193746168,alpha,1922.5600000000004,461.5683662414551,131.623974609375,14.60645756751874,5.931526184082031,2.7268250767885878,0.4397921089232121,0.3025987848821705,14.60645756751874,160.77651747394236,52.19456737682323,0.1134012111828549,0.6547684372627784,3.5067195593452287,0.20557314338902447,0.9786417540229702
46,685,1.0,proton,6484.8,1493.699211215973,584.898291015625,11.087055817413502,-75.05126953125,15.895481983342956,0.3866923634698317,0.3013072506811378,11.087055817413502,126.04001093693036,28.290930097375384,0.036524152472934605,0.8001121051678273,2.553775988338578,-0.4984493227344768,-0.8669188385688371
46,678,0.9868995633187773,electron_positron,120.0,73.08427076339721,30.46309814453125,3.939192245997555,-66.80140686035156,5.370370514832658,0.7668711656441718,0.6944442022867738,3.939192245997555,112.28384279475982,20.757967925461802,0.2823210588804832,0.9084035593237009,2.399108272463001,-0.724137994251515,-0.6896551060359031
46,677,0.8155339805825242,electron_positron,152.96,124.98031654357911,41.324038696289065,3.7014775134681104,-34.77783203125,3.414781554639064,0.34941520467836257,0.30586887285625425,3.7014775134681104,96.22977346278317,20.306445649107026,0.12305648292642002,0.7829063070145741,3.0243974327417917,-0.9370119810375711,0.3492972192732809
46,674,1.0,electron_positron,53.120000000000005,114.44305820465088,47.33360900878907,1.1222469850151613,59.036245346069336,10.454546074968574,0.2762063227953411,0.2478700242391622,1.1222469850151613,110.17808219178082,14.857627961783738,0.05096699411704802,0.8550148181312096,2.417797007268149,0.8823529103249141,-0.47058829314078143
46,670,0.7880749574105622,alpha,1767.3600000000004,304.16652059555054,94.69893798828126,18.66293368800721,55.34868240356445,2.0129602657156114,0.5639166836838881,0.3967071305519049,18.66293368800721,166.75604770017034,46.19591392564201,0.24005572395920835,0.7583977126905352,3.2119316969868277,0.9354602871354482,-0.3534318197226515
46,673,1.0,electron_positron,44.160000000000004,103.129349899292,43.0804443359375,1.0250590652140035,59.036245346069336,9.235292876562532,0.24338624338624337,0.2197451959688735,1.0250590652140035,120.90551181102362,13.54109119392906,0.0521764309577764,0.8724707779049758,2.3938785100519957,0.8823529103249141,-0.47058829314078143
47,695,0.9423076923076923,electron_positron,106.24000000000001,72.89015827178956,26.400000000000002,4.024242424242424,-90.0,3.0,0.5714285714285714,0.4573002754820937,4.024242424242424,140.0096153846154,21.516762335224367,0.2512812822620791,0.8499346179107896,2.760990843628392,-1.2246467991473532e-16,-1.0
47,696,0.7549132947976879,electron_positron,441.6,320.8154663085938,67.38915405273438,6.552983283547862,-64.05770874023438,2.387051937491933,0.31053105310531054,0.2321191245568169,6.552983283547862,139.50751445086706,30.502462729267744,0.053917324624968205,0.5297052784503434,4.760639465180768,-0.7867689578835169,-0.6172476058364949
47,690,0.8074074074074075,electron_positron,65.92,53.576449966430665,23.200000000000003,2.841379310344828,0.0,4.833333333333333,0.7518248175182481,0.5919540229885057,2.841379310344828,107.5851851851852,8.398752275220325,0.28858861632667715,0.9428253232281919,2.3093297399323562,0.0,1.0
47,689,0.5813148788927336,electron_positron,459.52,262.6469247817993,106.99348144531251,4.294841085574677,-70.64100646972656,4.879069721485074,0.2854303319419598,0.19585145577236046,4.294841085574677,124.03921568627452,25.620166388955575,0.08370851582558778,0.8635228286694993,2.4547937055029454,-0.6254876287156416,-0.7802340843129604
47,688,0.8899920571882446,alpha,1505.2800000000002,302.4390163421631,112.69376220703126,13.357261045510484,-47.76385498046875,4.11731200317544,0.6420090077794459,0.48801291353814347,13.357261045510484,205.68109610802222,48.29531260987228,0.20680047008811794,0.8017773212167488,2.683724550668104,-0.9953497280719206,-0.09632714480951757
47,687,0.990108803165183,alpha,588.1600000000001,167.47047481536868,56.72740478515625,10.368180991666001,-3.814074754714966,2.332603982939563,0.6602011494252874,0.42633468547686476,10.368180991666001,174.457962413452,39.50526093253598,0.26352926218237205,0.7744694690424214,2.952197010415508,-0.1327433600787348,0.991150442846598
47,686,0.937137330754352,alpha,1877.4400000000003,302.13119554519653,68.71048583984376,27.32392264517088,-64.02560424804688,1.5295566177848268,0.7335583895973994,0.6082548565174991,27.32392264517088,203.4107027724049,39.630924485634424,0.2584549129990111,0.635855958476213,4.39716284715887,-0.7874601872798446,-0.6163655193545402
47,698,0.8777013276480279,proton,12454.080000000002,2114.3027272224426,850.77041015625,14.638590918685948,-68.44142150878906,21.99577600985682,0.4385634761443285,0.3784654039486458,14.638590918685948,131.1792324837678,30.64686529974914,0.03500960212719634,0.8197425801970138,2.485162509159358,-0.6834923870948265,-0.7299576404034798
48,713,0.950920245398773,v_track,486.40000000000003,97.00386657714844,31.200000000000003,15.58974358974359,-90.0,1.3448275862068966,0.881159420289855,0.671971706454465,15.58974358974359,170.87484662576688,27.996170517175763,0.6495690726942296,0.9011901424318148,3.1090982877291164,-1.2246467991473532e-16,-1.0
48,712,0.99053876478318,v_track,7043.52,744.7269783973694,181.57729492187502,38.790753012542275,14.136062622070312,1.5120108544946373,0.5030395831428832,0.3230141721971349,38.790753012542275,216.98107752956636,39.42967248803781,0.15958991465275,0.6576634544764717,4.101432278291147,0.47365979520718,0.8807078961859558
48,700,1.0,alpha,1289.92,366.08409547805786,77.60000000000001,16.622680412371135,-90.0,1.3108108108108107,0.4530231512699483,0.28078852047924213,16.622680412371135,218.10860748084724,33.22910505839754,0.12095140504509103,0.6383155932500177,4.717578549974973,-1.2246467991473532e-16,-1.0
49,718,0.9716312056737588,electron_positron,122.88000000000002,151.0156415939331,64.8,1.8962962962962964,-90.0,7.363636363636363,0.2895927601809955,0.21548821548821548,1.8962962962962964,102.99290780141844,20.172306152652013,0.06770912516017272,0.9170003948446868,2.330488296202671,-1.2246467991473532e-16,-1.0
49,717,0.9192913385826772,electron_positron,279.68,123.26660823822021,51.26135864257813,5.455961515770193,-89.01223754882812,4.075658217588225,0.5842245989304813,0.433789407370954,5.455961515770193,93.69881889763779,25.812349760914845,0.23130252965227033,0.9148366887018405,2.4046691602089902,-0.03447258271354616,-0.9994056438909367
49,719,0.9937369519832986,proton,19999.040000000005,5766.583224201203,1048.8,19.068497330282227,0.0,1.795890410958904,0.04510188101913494,0.03265153652445587,19.068497330282227,123.13182160876877,28.779659938233614,0.007557564887623006,0.5180184679675796,5.498267757628912,0.0,1.0
49,714,0.8451059535822402,alpha,1193.6000000000001,204.1567665100098,87.20623779296875,13.687094297470512,-15.124006271362305,4.903755458665158,0.9113119960908869,0.7696486521276964,13.687094297470512,198.33501513622605,53.82569670338896,0.35986624882625706,0.9296155317694668,2.3410798547999105,-0.5037440122987515,0.8638529794317753
49,716,0.9195402298850575,electron_positron,177.60000000000002,121.47249574661255,50.11202697753907,3.544059394755732,80.72739887237549,5.200668488247258,0.46443514644351463,0.36780547757615234,3.544059394755732,126.73275862068965,17.663859017171703,0.15125053394388785,0.8981821016324653,2.4240188049279725,0.31805271683965847,-0.948073029524051
50,739,1.0,proton,9297.28,2315.8532556533814,845.5020507812501,10.996164931130856,-40.34756088256836,12.282848273320063,0.21223565506410022,0.15974440903210457,10.996164931130856,134.00411992140457,35.09531090581632,0.021784304600986598,0.7422421095174503,2.739027366655724,-0.9868419536769909,0.1616878426567062
50,737,0.7146974063400576,electron_positron,575.36,254.09789142608645,87.18663330078125,6.59917671112602,-56.575191497802734,4.111460816710804,0.46737717702105536,0.31119743294528596,6.59917671112602,129.49087415946204,27.7638276909776,0.11198179054099797,0.7287642682656005,2.9144133889134762,-0.9194761404239089,-0.3931458090723493
50,723,0.9427450980392157,alpha,3909.76,479.6702995300293,174.086279296875,22.458748706625865,24.99030303955078,3.5031533211199557,0.6386826973340303,0.4519393512089796,22.458748706625865,230.01850980392157,34.61308336077702,0.21353757492363903,0.7939281699482637,2.7553595921941207,0.7658268234912449,0.64304686953698
50,733,0.98,electron_positron,120.0,108.67249574661255,43.457949829101565,2.761289947452656,-73.0724868774414,5.223999846658302,0.40236051502145925,0.33192956222734915,2.761289947452656,112.288,27.501655513805,0.12768851256024544,0.8670582733638705,2.5006355839142724,-0.5570934272987802,-0.830449825853735
50,731,0.9571428571428572,electron_positron,67.84000000000002,60.75289993286133,22.663179016113283,2.993401762028464,37.87498474121094,2.833333492303522,0.4988235294117647,0.3742328233053935,2.993401762028464,115.52857142857142,20.73969377689034,0.23097324567643723,0.8640981972494526,2.6806874662052778,0.9692307785974424,0.24615380927256733
50,722,1.0,alpha,806.4000000000001,187.72144145965578,48.655389404296876,16.573703548014045,-66.03751373291016,1.5930850861861199,0.7066741446999439,0.5426597190665873,16.573703548014045,118.16214233308878,29.024152749147735,0.2875627461562619,0.6946916430203025,3.858183929015634,-0.7422679779062218,-0.67010316293464
50,721,0.982080637132902,alpha,1236.4800000000002,140.81950817108154,49.47349243164063,24.992777732610868,75.25643634796143,1.4691655979707965,0.9633507853403142,0.7421859148758866,24.992777732610868,137.7093081134893,36.607086247518225,0.7835582971884603,0.9372215825234774,2.846362794493579,0.4922280040556455,-0.870466307230438
50,720,0.9791069233920524,alpha,1503.3600000000001,165.48224983215334,57.601110839843756,26.099496660402913,26.565052032470703,1.5940594577840612,0.9525547445255474,0.7222803325893574,26.099496660402913,168.4485866448177,44.46026538062562,0.6898743871365137,0.9098773720133275,2.8729003211807194,0.8000000179153027,0.599999976112929
51,740,0.9413231626815315,alpha,4120.960000000001,674.776099395752,199.34119873046876,20.672896652798762,-32.087059020996094,3.7194617791862457,0.5313363865164831,0.3857308446766129,20.672896652798762,195.43332844359688,45.31047515893314,0.1137336246521735,0.6473749761585696,3.3850308099537596,-0.9001220746157018,0.43563775179560016
51,745,0.8932842686292548,electron_positron,566.7200000000001,348.96652059555055,139.9134033203125,4.050505430866923,85.26906156539917,13.578441627426027,0.4841443411700383,0.39309708898070844,4.050505430866923,109.56853725850966,15.919318310420275,0.05848047304393541,0.8261709298207931,2.4941607616865675,0.1643913204266055,-0.9863952016146454
51,747,0.9570815450643777,proton,5675.84,1933.1145022392275,786.263232421875,7.2187529137246855,-22.42096710205078,25.440206078884735,0.2975257904889709,0.23356880264136376,7.2187529137246855,109.6572722697534,25.460699284588397,0.019086436445454682,0.8165936746079621,2.4586098173315083,-0.7051533488712912,0.7090548318540697
51,744,0.7253521126760564,electron_positron,240.0,91.26660823822021,33.65073852539063,7.132087155202012,14.931419372558594,2.2363010847506506,0.7156488549618321,0.4739715958887502,7.132087155202012,113.17840375586854,18.57041170462398,0.36207395310656787,0.8693112459015794,2.7121725179777694,0.4979253776321423,0.8672198788714939
51,742,0.9010752688172043,electron_positron,704.0,388.24288291931157,133.948974609375,5.2557326553116255,14.410110473632812,3.173635895626421,0.20259692421033243,0.1245234005064607,5.2557326553116255,125.72734196496573,25.672439939503523,0.05869154158222929,0.7588408656899881,2.8984386334536274,0.48206291209359375,0.8761366039516008
51,743,0.7603686635944701,electron_positron,108.16000000000003,84.47838325500489,33.4126220703125,3.237100032807704,-48.99091339111328,5.071713621710912,0.5767918088737202,0.4913605492164872,3.237100032807704,103.66359447004608,13.845833590546793,0.1904519199332271,0.8504746853483962,2.5283374371885916,-0.990312162198128,-0.13885899827691603
51,746,0.8734402852049911,proton,1324.8000000000002,306.62337474823,122.90480957031251,10.779073696396694,-19.358993530273438,6.085858413375592,0.6722962000649562,0.5337457221808912,10.779073696396694,147.6934046345811,30.070943022379044,0.17707190718582103,0.8620543703095798,2.4948037088232424,-0.6254876287156413,0.7802340843129605
52,757,0.9037900874635568,electron_positron,185.60000000000002,90.49015827178955,33.6,5.523809523809525,-90.0,3.230769230769231,0.7231920199501247,0.5311355311355311,5.523809523809525,110.06997084548105,18.57851675561856,0.2848296133167505,0.861461318089927,2.6931594723746892,-1.2246467991473532e-16,-1.0
52,756,0.9490616621983914,electron_positron,539.5200000000001,362.09384956359867,98.66279907226563,5.468322458648556,48.8140754699707,2.3162544767070807,0.22471011595361856,0.12837692112956728,5.468322458648556,110.63102119460501,22.058026495326548,0.05171006890824522,0.6332872288452825,3.6700139563077143,0.9911504395323762,-0.13274338482492187
52,749,0.9206896551724137,alpha,159.36,67.31370830535889,28.8,5.533333333333334,-90.0,4.0,0.9378531073446328,0.7685185185185185,5.533333333333334,214.99655172413793,34.16879987153657,0.4419591729457647,0.9570053465298758,2.337281538380517,-1.2246467991473532e-16,-1.0
52,748,0.9882352941176471,alpha,970.5600000000001,173.5626540184021,70.324755859375,13.801114389089125,-67.2490234375,3.547418986621757,0.8448467966573816,0.6961749759685351,13.801114389089125,193.4965944272446,38.20380195423112,0.40487381292361274,0.9102135229362295,2.4680164459506537,-0.7132743416585589,-0.7008849502818201
52,759,0.9811320754716981,v_track,797.1200000000001,138.52346239089965,59.2,13.464864864864865,0.0,3.0833333333333335,0.9460691226737562,0.701295045045045,13.464864864864865,203.26716981132074,44.09067348336212,0.5220197009092795,0.9409874880389307,2.3399233511976294,0.0,1.0
52,758,0.9616902334758303,v_track,3706.56,535.7702118873597,169.33458251953127,21.888972381483157,34.35433578491211,2.3533169234308318,0.4776888815572418,0.30420064451933776,21.888972381483157,209.1218349227228,41.52599832296094,0.16226459539187016,0.7244567429299603,3.1639739733941425,0.9317461940601907,0.36311021722660114
52,751,0.9130832570905764,electron_positron,576.32,345.170387172699,108.85646972656251,5.29431095319978,67.99930191040039,2.3388600540933,0.18260164250228125,0.11375210342106148,5.29431095319978,123.38517840805125,20.68380080246509,0.060786410105317185,0.724088393622276,3.170876182552451,0.6946758990703191,-0.7193228727427231
52,750,0.7868852459016393,electron_positron,328.96000000000004,278.7606330871582,104.94204101562501,3.1346826954796945,80.80334568023682,5.720787079263162,0.22920847268673356,0.17088339514208614,3.1346826954796945,121.33532041728763,28.659612737170317,0.05319735906479694,0.7943609629165166,2.6563294404160964,0.3155382191030726,-0.9489128686477285
53,764,0.9889389594428513,alpha,1426.88,374.24490385055543,95.2,14.988235294117647,-90.0,3.2162162162162162,0.6381852010877344,0.5063593004769475,14.988235294117647,170.30970913560017,39.460961682197414,0.12802227022365031,0.5893591666328739,3.931143948010036,-1.2246467991473532e-16,-1.0
53,766,0.9111111111111111,electron_positron,64.0,63.67838325500489,25.04395904541016,2.5555064949576884,-26.565052032470703,3.6842103609156243,0.49019607843137253,0.37593990187568976,2.5555064949576884,146.3111111111111,26.369305013852443,0.19833793217593165,0.8750760644966427,2.5426644061964043,-0.8000000179153027,0.599999976112929
53,763,0.9481446241674596,alpha,1292.16,148.43128318786623,53.10457763671875,24.33236563596254,49.398704528808594,1.5813953911060283,0.9586894586894587,0.7245908466619984,24.33236563596254,198.0980019029496,42.90773969120458,0.7370132116586855,0.925571497323941,2.7950751101583857,0.988235298528373,-0.15294114797051026
53,762,0.9803793328973185,alpha,934.7200000000001,121.58620405197144,35.732373046875004,26.158911941667043,-70.34617614746094,1.0440250731138656,0.957391019337922,0.764308598162544,26.158911941667043,192.2367560497057,41.18534963311075,0.7945528678067837,0.9346378223221671,3.402690436833577,-0.6334841573451588,-0.7737556606530863
53,761,0.9817644159684573,alpha,2497.6000000000004,283.31942052841185,95.78029174804688,26.07634571180903,-13.869685173034668,2.3300676058667724,0.8145481110415362,0.6343648292730132,26.07634571180903,211.33957614588468,41.39338756698724,0.3910029733867381,0.8144345441266394,2.9580137558329085,-0.4654503272300832,0.8850740041834968
53,760,0.973771397018222,alpha,2224.32,268.2566788673401,102.97607421875,21.60035733421845,51.49934768676758,3.074341721402496,0.80844382414515,0.6448767857349404,21.60035733421845,216.12396466040863,47.933615688154255,0.38842398879180146,0.8756042465564771,2.6050388976519714,0.9743751866742951,-0.22492886785255603
53,773,0.7454160789844851,proton,10007.04,2361.481548690796,1049.0681640625,9.538979775392187,-0.6222354173660278,35.15859435439298,0.3696279135738263,0.31969049482831496,9.538979775392187,151.33174659144333,35.77392897774388,0.022549991711665995,0.9053215996886146,2.2510277497565037,-0.02171840575921676,0.9997641276077462
54,783,0.9672578444747613,alpha,432.32,101.99797906875611,36.078515625,11.982754625870228,-1.6846843957901,2.061827938236242,0.8099520383693045,0.6847947549019708,11.982754625870228,149.70532060027284,32.5185716535488,0.5221942163459149,0.9035817929826765,2.8271112960666906,-0.05877269070047789,0.9982713913700152
54,784,0.9430260047281324,alpha,2601.6000000000004,292.22337474823,94.74917602539062,27.45775856987749,-26.294790267944336,1.7832303549159922,0.7662582469368521,0.5167697558302686,27.45775856987749,218.334988179669,39.70807875161013,0.3828428002210211,0.8120846586553776,3.0841785333301552,-0.7943041537013922,0.6075202971199523
54,782,0.8929859062602425,alpha,3714.8800000000006,521.7860287666321,166.028173828125,22.374997654589052,20.637550354003906,3.0750945774466776,0.5800439692215449,0.4144190252266292,22.374997654589052,214.96411012782696,41.534944475770864,0.17146274052009838,0.7289989532146196,3.142755935548585,0.6596751253185167,0.7515508825329122
54,781,0.953125,alpha,895.6800000000002,125.99797906875611,37.6,23.82127659574468,-90.0,1.119047619047619,0.9345575959933222,0.708966565349544,23.82127659574468,221.31929347826087,35.469482558659976,0.7089826087087531,0.9154412293169918,3.3510100816158537,-1.2246467991473532e-16,-1.0
54,780,0.9826388888888888,alpha,857.6,180.93321647644044,39.733489990234375,21.583807518815476,-79.11447143554688,1.0849834705034465,0.7479765559586938,0.5893787430753866,21.583807518815476,170.1513888888889,31.028045078675447,0.32919863730984283,0.6868180760836984,4.55367038034942,-0.3708987650625528,-0.9286733042760911
54,779,0.9931180518793012,alpha,2306.8800000000006,306.81748723983765,89.80048217773438,25.688948923839746,-63.4349479675293,1.9609374838606193,0.7087101848210775,0.5609593806638645,25.688948923839746,203.7027527792483,40.39396117437711,0.3079460587717966,0.7383831967550153,3.416657458838363,-0.8000000179153028,-0.5999999761129288
54,796,0.984625343906781,proton,8894.4,2083.365118312836,790.303955078125,11.254404008544725,-57.106834411621094,11.592550629905363,0.25184614687627416,0.16508489858888195,11.254404008544725,147.8103103769815,29.357338455040853,0.025751097528781967,0.7749826646706857,2.6361567659203806,-0.9120222965307474,-0.41014062299506676
54,778,0.9849094567404426,alpha,1216.0,155.10579986572267,48.18934936523438,25.23379161614638,-21.037511825561523,1.479717690751126,0.8837209302325582,0.774836937019883,25.23379161614638,221.28521126760566,38.52019568302294,0.6351661770415018,0.8971861512346019,3.2186738752198605,-0.6701031135151586,0.7422680225210367
54,777,0.9916779127305443,alpha,2687.3600000000006,447.94481620788576,154.64774169921876,17.377298694906038,13.642913818359375,4.927608792278639,0.6869529652351738,0.553700486629891,17.377298694906038,199.7076023391813,36.8746459624226,0.16830099454980169,0.7408854724963535,2.8965493532981132,0.4584297370712717,0.8887306544554231
54,776,0.957345971563981,alpha,891.84,154.86458730697632,59.92735595703125,14.882018166118687,-54.05788803100586,2.8080424399587223,0.8808470290771175,0.6973332618355712,14.882018166118687,212.49627623561273,47.02494497510341,0.4672965471003251,0.8986956309779406,2.5842052403916567,-0.9504301526366803,-0.3109381368681181
54,775,0.9568210262828536,alpha,976.96,126.38620405197145,43.2,22.614814814814817,-90.0,1.4594594594594594,0.9594594594594594,0.764014014014014,22.614814814814817,178.6639549436796,31.247873958264837,0.7685768625461586,0.9301871044701562,2.9256065752771168,-1.2246467991473532e-16,-1.0
54,774,0.9820466786355476,alpha,1368.6400000000003,155.84894571304324,50.519509887695314,27.091315870689996,11.309928894042969,1.4770641154046054,0.943525259210236,0.7920823183091447,27.091315870689996,234.31104129263915,26.42483198121193,0.7080947186274524,0.9025105143518826,3.08492592385585,0.3846152692632769,0.9230769711402929
55,803,0.9719575279063436,alpha,3036.8,900.6896324157715,220.9536865234375,13.744056719677651,10.336555480957031,4.882848689839607,0.3944469844964462,0.30372948468384386,13.744056719677651,187.77580614386568,40.12632117291323,0.04704091138533107,0.5200625850918212,4.076372956647779,0.353035798884024,0.9356098143490795
55,804,0.9474751571689313,alpha,2994.5600000000004,443.352724647522,89.59998779296876,33.42143312473748,0.0,1.3827161214788217,0.7174179699478688,0.5157629540227158,33.42143312473748,209.70756438856216,38.88378262954212,0.19144504025922504,0.5869760353255024,4.9481337617136765,0.0,1.0
55,813,0.9740970448741335,proton,2034.8800000000003,872.6993865013123,274.6304931640625,7.409519520413838,-52.89969253540039,8.58370996571034,0.2842773481156958,0.23158814527746793,7.409519520413838,124.79435925520262,26.297161065800672,0.03357525548192895,0.6540902106789335,3.177722096504292,-0.9622209157322904,-0.2722699199825651
55,800,0.9885826771653543,alpha,1536.3200000000002,246.45281229019167,76.5496337890625,20.069593072560345,-52.12501907348633,1.7181102323372994,0.6310462670872765,0.45044987820357807,20.069593072560345,161.8216535433071,40.08069718741893,0.31785129979919197,0.7932847375056644,3.2195165422908283,-0.9692307458200715,-0.24615393833344995
55,809,1.0,electron_positron,31.040000000000006,99.07249574661256,41.21917419433594,0.753047595122983,18.034286499023438,7.845118335011211,0.1779816513761468,0.14332522693885547,0.753047595122983,110.22857142857144,25.960870607918494,0.039739771865583404,0.8765426856503545,2.403553629665546,0.5887530825285106,0.8083129392835282
55,799,0.9885572139303482,alpha,1231.0400000000002,154.3626540184021,48.65683288574219,25.30045477663486,-26.565052032470703,1.4166665630044095,0.8876326718966313,0.7366346345441361,25.30045477663486,200.44328358208955,42.91385582832088,0.649228467684709,0.8946079067312275,3.172476399787103,-0.8000000179153027,0.599999976112929
55,798,0.9581377151799687,alpha,1562.5600000000002,206.45281229019167,67.17720336914063,23.26027166408951,-60.25511932373047,1.9911765490722142,0.8213624894869639,0.6894497707515456,23.26027166408951,217.54068857589985,45.20288453301284,0.4606859424746299,0.828452043437561,3.07325702672866,-0.861538450539021,-0.5076923263580244
55,812,0.9666360173387626,proton,4548.4800000000005,925.9680156707764,302.0111328125,15.060636863422744,-61.22527313232422,9.73416082988871,0.5610863300832906,0.4854213818671517,15.060636863422744,158.01182188362012,31.25601570582066,0.06666289682628183,0.6760726115340503,3.066006233106819,-0.8438548912790185,-0.536571451406498
55,797,0.9944917376064096,alpha,1226.5600000000002,140.78620405197145,46.400000000000006,26.434482758620693,0.0,1.380952380952381,0.9599298772852491,0.7867405582922824,26.434482758620693,225.4802203304957,31.40982489606616,0.7776397692861982,0.9277120217333977,3.034185432154557,0.0,1.0
56,820,0.7992926613616269,electron_positron,646.4000000000001,217.84692478179932,69.489453125,9.302131056309129,75.55596542358398,2.2655954864607355,0.43741879601559114,0.3032815080258296,9.302131056309129,102.25375773651635,21.758910723438685,0.17116239097111965,0.7643050402296236,3.134963868400703,0.4831000725539859,-0.8755651431494595
56,823,0.9594953519256308,proton,5013.760000000001,1184.8854152679444,447.750146484375,11.197673611872204,33.64986038208008,12.765577755132725,0.40971731910776393,0.31925120358155107,11.197673611872204,103.5939565627951,22.293828279164813,0.044876677678990916,0.7698928067144089,2.6463093860970806,0.9225362086994703,0.3859105383873411
56,818,0.9038461538461539,electron_positron,68.8,83.62152910232544,35.31493835449219,1.9481840605067458,-12.33908748626709,7.9016391959439565,0.49539170506912444,0.43590186619864796,1.9481840605067458,86.23076923076923,12.234800174327349,0.12364088148938493,0.8909350118135357,2.3678797981446422,-0.4175209758406746,0.9086672849470541
56,817,1.0,electron_positron,68.48,62.90193328857422,25.600003051757813,2.674999681115189,67.38013648986816,4.0,0.5181598062953995,0.41796865034850234,2.674999681115189,98.50694444444444,12.507773431715824,0.21749317255885398,0.8952314074640743,2.457106476175013,0.7100591362549995,-0.7041420474739483
56,822,0.6321995464852608,proton,3915.2000000000003,927.9424447059632,378.03544921875005,10.356700695903447,31.73519515991211,12.494813541056635,0.49217587191761536,0.34230928438926606,10.356700695903447,105.76795162509448,15.993596629387016,0.057137565984610596,0.8259917931446816,2.4546439933706052,0.8947036531422631,0.44666024342209937
56,814,1.0,electron_positron,62.720000000000006,53.69015827178956,22.839207458496094,2.74615483545023,-56.976131439208984,5.1203004740961,0.7075812274368231,0.6156578739191941,2.74615483545023,103.0546875,9.430923696931481,0.27341764938152985,0.920502973563384,2.35078902669265,-0.9138840212718674,-0.40597536337068657
56,821,0.9559381383133937,proton,2015.3600000000004,502.18400783538823,198.38808593750002,10.158674551832299,27.93714141845703,7.567811143159852,0.46669136717302706,0.3875178799663945,10.158674551832299,149.37992413189377,32.68845314488042,0.10042382103501,0.8198490726745535,2.5313214019998953,0.8278086088706709,0.5610106122700396
57,825,0.9777537796976242,alpha,2827.5200000000004,371.39982471466067,132.77877197265624,21.2949702576123,80.2867488861084,3.8269864747808597,0.7033911797484477,0.6137695201272513,21.2949702576123,220.5987041036717,38.04591517347959,0.25759187520584914,0.8276666660882307,2.797132547596876,0.3325973850446021,-0.9430689155419623
57,824,0.9779748706577975,alpha,4159.68,482.5153786659241,131.559326171875,31.61828295293644,-60.61939239501953,2.348917313395882,0.6732093842249728,0.5645265479010912,31.61828295293644,194.25750184774574,41.9077532560313,0.2245160881748284,0.6758873382006045,3.6676638038989675,-0.8550134001858413,-0.5186059057730122
57,833,0.9962790697674418,proton,5774.400000000001,1425.4287364006043,595.380859375,9.69866583561599,9.785072326660156,22.335484020168227,0.4329830118053556,0.36384171976195795,9.69866583561599,160.9258618936235,28.910285932486136,0.03571294862615894,0.8455523858230577,2.394146056184852,0.334960642493555,0.942232120010937
57,832,0.8192771084337349,proton,5670.720000000001,1111.440511417389,372.6943603515625,15.215470378062097,12.369064331054688,6.139453578548536,0.4007643945904383,0.25064686778134915,15.215470378062097,207.7955888560574,41.88677608666457,0.05768669033366641,0.7027038458999711,2.982176897898233,0.41847156679664654,0.9082298980890025
58,835,0.946524064171123,alpha,1020.1600000000001,163.33321647644044,57.37708129882813,17.779921475734525,31.82744598388672,2.0571429759360735,0.853776111408677,0.6374642932081186,17.779921475734525,190.95008912655973,49.98722241657081,0.48053953730634374,0.8546542279980994,2.8466630365141343,0.8961373298730978,0.44377684257734157
58,843,0.8209219858156028,electron_positron,610.5600000000001,304.63514976501466,69.67288818359376,8.763236546059703,-21.801410675048828,2.039130229743219,0.3752950432730134,0.25647538113209284,8.763236546059703,123.07801418439716,28.438641408030538,0.08267575857595288,0.5594376694081604,4.372362876105784,-0.6896552024607037,0.7241379024183764
58,841,0.6994535519125683,electron_positron,54.720000000000006,171.29991235733033,73.40734252929688,0.7454295185547856,-73.85565948486328,11.70967770005319,0.14882506527415143,0.11890826053127747,0.7454295185547856,88.1256830601093,21.593121411528042,0.02343374346062161,0.8793914008603747,2.333552836202516,-0.5341853547079686,-0.8453673797914856
58,840,0.7333333333333333,electron_positron,732.48,585.8055369377137,170.37673339843752,4.299178563818606,-49.0633659362793,2.5173574825815552,0.10269639732603526,0.06352140407149186,4.299178563818606,98.56462585034014,25.86986480699347,0.026822465201551023,0.6578667954092468,3.438295389592708,-0.9899578112011815,-0.141363121222495
58,839,0.6259541984732825,electron_positron,574.08,267.83514976501465,95.8931884765625,5.986660878841383,-25.787328720092773,3.300278329184653,0.2836812144212524,0.20603806669174193,5.986660878841383,104.33301526717557,18.872178967987946,0.1005650647546422,0.7983559922321707,2.7930570879961607,-0.7834186401103022,0.6214943558293389
58,834,0.9700322729368372,alpha,1290.88,273.41159973144534,60.00287475585938,21.51363589248603,-64.17900848388672,1.5311202999608533,0.6819949281487743,0.5489731079548842,21.51363589248603,143.3660673121254,37.64643052145838,0.2170010645112598,0.5989487691484795,4.556641674984851,-0.7841483880535045,-0.6205733683563053
58,846,1.0,proton,5122.880000000001,1716.9732020378115,668.39736328125,7.6644228140744195,31.065162658691406,9.37653683787281,0.18329936568274977,0.10751948886273766,7.6644228140744195,133.7674027575384,31.55069753659353,0.021837203092714728,0.7937696757895675,2.5687911059507558,0.884013170608368,0.46746199224208634
58,836,1.0,electron_positron,213.12000000000003,270.98804969787597,78.5670654296875,2.7125869960197098,-6.483073711395264,2.318230279489459,0.1289697908597986,0.08003864310739671,2.7125869960197098,127.55925155925156,19.77685081427437,0.036469834527950516,0.6925442281533489,3.449130347631387,-0.22437531934418067,0.9745028045466041
59,857,0.9715909090909091,electron_positron,89.60000000000001,62.62741661071777,24.8,3.612903225806452,0.0,3.1,0.6140350877192983,0.45161290322580644,3.612903225806452,109.76136363636364,23.53430490223586,0.2870707070437807,0.9036394172975547,2.525299056883781,0.0,1.0
59,848,0.9658337582865885,alpha,2411.2000000000003,292.3232871055603,117.20732421875,20.5720932208968,47.38594436645508,4.2979276078356765,0.828021978021978,0.7543672547292666,20.5720932208968,219.19352371239165,46.263948281928066,0.35458166243278233,0.8976548811651696,2.4940701364360343,0.9965337945180511,-0.08318891983584442
59,856,0.9839228295819936,electron_positron,152.96,127.51757488250733,50.02739562988282,3.0575247436752946,54.58294677734375,3.212093186298825,0.30543130990415335,0.19631352526840465,3.0575247436752946,109.73633440514469,27.820877412546338,0.11820821230743565,0.8633710829765489,2.54895489315333,0.9445719672800152,-0.3283044298037444
59,855,0.9652777777777778,electron_positron,233.28000000000003,121.311687374115,44.79999389648438,5.207143566559869,36.869895935058594,3.0107525249811418,0.4899193548387097,0.3499424726972943,5.207143566559869,107.27314814814814,29.27953433423941,0.19919667439175967,0.8381425072886106,2.707850533516139,0.9599999832790487,0.2800000573289695
59,859,1.0,proton,4315.84,1952.6246945381165,812.0990722656251,5.314425477619997,-3.023376226425171,24.10227365564664,0.2059524173105702,0.15772673748633664,5.314425477619997,118.17117804041175,33.71315768796551,0.014224520808195727,0.8373793315173644,2.4044168516171425,-0.10533994256709397,0.9944362707081642
59,849,1.0,electron_positron,84.16000000000001,47.09604578018189,19.86530303955078,4.236532401868818,-38.65980911254883,2.9999997695662453,0.8375796178343949,0.6397886910691593,4.236532401868818,110.80379746835443,12.607742678713388,0.47681147748504865,0.9363856940462477,2.3707690583131864,-0.9756097626754329,0.21951216588696298
60,860,0.9741253644314869,alpha,3379.5200000000004,377.7860287666321,124.8038818359375,27.07864491300511,-25.240530014038086,2.7684021303349335,0.7564644366449395,0.6006590272752268,27.07864491300511,184.24672011661806,43.31645440797891,0.2975590059791655,0.7601373879393793,3.0270374864081186,-0.771414276118241,0.6363332575003213
60,865,0.8289385367724614,proton,6158.080000000001,1514.2694231033327,558.0292480468751,11.03540723278131,41.946075439453125,9.051087219295308,0.24256633264007058,0.17899139465169342,11.03540723278131,169.32563045354303,49.67276381719873,0.03374806560486145,0.7565420381647264,2.7136022500672445,0.9943233773682258,0.10640028768309148
61,879,0.517555266579974,electron_positron,423.36000000000007,186.63717069625855,69.94664306640625,6.052613555708008,7.431404113769531,4.251572744700006,0.5112055641421948,0.3678965236861951,6.052613555708008,149.58907672301692,24.131039862452372,0.1527296660407885,0.8098895695491638,2.6682791698676396,0.25650544606438835,0.9665427854675184
61,880,1.0,proton,3544.0,1259.5777697563171,436.98613281250005,8.110097172169633,84.65124654769897,5.9406379357497325,0.17020393735880374,0.11025327191396264,8.110097172169633,117.101665065642,26.731245180302086,0.028070723274044675,0.7223904599185365,2.882420459545271,0.18562385905113588,-0.9826208744734481
61,878,1.0,electron_positron,423.68000000000006,450.27416610717773,170.9031982421875,2.4790641974973555,-52.71833419799805,11.76923072881558,0.2556971803785245,0.1707204945956953,2.4790641974973555,117.47840531561461,20.83190459518145,0.02625994222463306,0.7712014529366048,2.6346737260533457,-0.9639252550782621,-0.26617306892754433
61,868,0.9875147232037691,alpha,2624.6400000000003,267.2390163421631,108.51463623046875,24.186967686328135,-49.184913635253906,3.467898116690943,0.92908926144087,0.7729642986567998,24.186967686328135,229.53545347467607,35.020982821028724,0.46182759397471557,0.9059297644586919,2.462700199948951,-0.9893491250772247,-0.14556204419054414
61,867,0.9807658058771148,alpha,3441.6000000000004,424.46054544448856,162.3914794921875,21.193230154452607,71.70722389221191,5.199799053251963,0.7676659528907923,0.6786103460420487,21.193230154452607,160.67408726625112,44.391289326479146,0.24004662343520317,0.8260690960635401,2.6138104460394977,0.596022416427408,-0.8029677945696411
61,875,0.7896551724137931,electron_positron,158.08000000000004,75.15289993286133,29.197259521484376,5.414206764291668,-80.53768157958984,2.707317066268918,0.7254038179148311,0.5020325405022891,5.414206764291668,111.19310344827586,20.193989051618427,0.35171857460225114,0.8920322490336448,2.573971022094083,-0.3243241992582341,-0.9459459888257391
61,874,0.9957627118644068,electron_positron,1055.3600000000001,602.3878744125367,205.1035888671875,5.14549748168174,-84.83305358886719,3.810408539607511,0.13737659849210646,0.0955929033373715,5.14549748168174,123.6157337367625,36.3383355273649,0.036547531668688515,0.7499574972332463,2.9369933395100465,-0.17938419247412055,-0.9837790968964566
61,866,0.9882113821138211,alpha,1507.2,187.60773315429688,70.04365844726563,21.51800795977467,19.536651611328125,2.257053172543532,0.8805384183959618,0.6933859425545521,21.51800795977467,158.7219512195122,46.71386614809018,0.5381201784952622,0.9003905732134508,2.6784399517843966,0.6303141427477976,0.7763401841023747
61,870,0.8258785942492013,electron_positron,279.68,325.98418312072755,107.7415771484375,2.5958409687532225,6.009002685546875,4.56205640629236,0.14220631304913764,0.10991460524938625,2.5958409687532225,156.5367412140575,36.57299705167695,0.033073352380391274,0.722491182902888,3.025611762408242,0.20821906637295962,0.9780822155620523
62,884,0.9732451998740951,alpha,1941.4400000000003,255.50377893447876,90.24361572265626,21.513322404618467,12.994613647460938,2.4712639269099586,0.8097971169247197,0.5891286289980731,21.513322404618467,230.07113629209945,32.71219160741374,0.37371384002827507,0.8298933471396458,2.8312670861915925,0.4382021485283518,0.8988764525924218
62,883,0.9989683124539426,alpha,4202.240000000001,393.86643295288087,156.34588623046875,26.87784182441166,63.4349479675293,4.2427181595643475,0.8541138211382114,0.7293770904226471,26.87784182441166,225.55652173913046,36.095469443644944,0.3404025279401407,0.8662272829340358,2.5191992091962314,0.8000000179153028,-0.5999999761129288
62,882,0.9960238568588469,alpha,2132.1600000000003,340.370387172699,116.2039794921875,18.3484249792267,79.69515419006348,3.081594053203249,0.6695136655948553,0.48657883790832085,18.3484249792267,191.9233172394206,45.882180269105596,0.2312736306820735,0.7568640104092286,2.929076858297976,0.35199997847435105,-0.9360000080951155
62,889,0.9806161301488404,proton,3209.2800000000007,1323.0011445045473,493.404541015625,6.504358458870303,20.674423217773438,10.6811383688721,0.22457845354591666,0.1408052559810902,6.504358458870303,131.1483286908078,19.951698393732514,0.023040772397354577,0.7620018525974743,2.6813720477344587,0.660641904094963,0.7507011885922265
62,881,0.9918560606060606,alpha,3221.1200000000003,438.0036912918091,138.8623046875,23.196503955835297,-77.15229797363281,2.967251423471938,0.6681269082702774,0.49566986186367534,23.196503955835297,188.19507575757575,44.20235637480397,0.2109896867255981,0.722386676383629,3.1542303166975807,-0.4335868038290021,-0.9011118041316241
62,888,1.0,proton,1629.7600000000002,496.6879620552063,193.52706298828127,8.42135448569634,20.62353515625,7.249094476874781,0.41178848641655885,0.31544525787467054,8.42135448569634,148.16849557522124,22.85136115390643,0.08301684987216688,0.8276656090619143,2.5665039007246366,0.6593073706441306,0.7518735206231983
63,892,0.9622926093514329,alpha,1581.4400000000003,429.24674949646,145.98233642578126,10.83309144599161,-39.12260818481445,4.461557273130957,0.4375,0.33108428810446716,10.83309144599161,189.93932667406585,49.220592083062435,0.1078570538380373,0.7290627488717233,2.94040196921148,-0.9790284670021356,0.2037234910349029
63,891,1.0,alpha,2256.6400000000003,224.01950817108155,91.10082397460938,24.770796811112774,-8.530766487121582,3.091275407279139,0.9474674190514577,0.8405341648967206,24.770796811112774,207.49138166894664,47.57079389583825,0.5650676791371082,0.9474600031872596,2.459028342416725,-0.2933985622789233,0.9559902110652916
63,890,1.0,alpha,1897.92,287.7782956123352,82.06110229492188,23.128131927584985,1.909149169921875,2.3432266693250754,0.7760041868376292,0.6604158855874834,23.128131927584985,172.40479233226839,31.061878509233225,0.2879862111504959,0.7047219960916281,3.506878259788421,0.06659256115581974,0.9977802517582258
63,902,0.9829612220916569,proton,2329.28,1009.0210032463074,397.04765625000005,5.866499810121975,-19.925580978393555,12.13591787266801,0.23558159104149134,0.1793118754763151,5.866499810121975,159.68903164406376,28.691200780495322,0.028749556464454668,0.8080371901990795,2.541309556581238,-0.6407954788199456,0.7677116348759583
63,893,1.0,electron_positron,88.0,71.20975408554078,29.085565185546876,3.0255557847550008,-34.38034439086914,4.702247216650157,0.5863539445628998,0.4891399282401974,3.0255557847550008,154.99435028248587,24.449301210108498,0.21807885797140578,0.8856574870734799,2.448285038687374,-0.9320754674875004,0.36226416177695187
64,905,0.9862745098039216,alpha,1562.2400000000002,194.0077331542969,64.25747680664062,24.312190232756727,71.56505012512207,1.8676470327354395,0.8982520699172033,0.7066351217639958,24.312190232756727,187.09176470588235,49.016053900972786,0.5215783244890179,0.850912565645177,3.019224264564452,0.6000000293761505,-0.7999999779678862
64,904,0.9030470914127424,alpha,857.6,178.05483322143556,71.56878662109375,11.982877459420784,73.30075645446777,3.3597122513442734,0.7641859138865127,0.5625220449791368,11.982877459420784,197.49168975069253,44.753889169095665,0.33992812797257455,0.9098328361264122,2.4878839173858056,0.550458695533054,-0.8348623985496344
64,917,0.9704641350210971,proton,8385.920000000002,1982.0460483551026,763.3021972656251,10.986369527090128,-80.05880737304688,13.157844666656075,0.2801881749171389,0.18938363364573238,10.986369527090128,127.00907109204697,30.814492244254613,0.02682459037509427,0.7926528404743314,2.5966727928406073,-0.3400904563541838,-0.9403927272670727
64,915,0.8976377952755905,electron_positron,336.0,192.294024848938,58.749969482421875,5.719151906973024,-48.012786865234375,2.0626304466149237,0.28540364229410164,0.20079154008187014,5.719151906973024,150.55590551181103,33.39953239698914,0.11418723641093392,0.7543385363972364,3.2730914848640524,-0.9944751404628008,-0.1049723535103052
64,910,0.8947368421052632,electron_positron,90.88000000000001,144.6156415939331,62.94775390625,1.4437369780556484,-84.66783905029297,11.18301786863354,0.26817752596789424,0.2564878875146052,1.4437369780556484,108.12280701754385,18.862215247697687,0.05460691539101712,0.9166325582525316,2.297391608433139,-0.18505470611965705,-0.9827282206912384
64,908,0.5344079355238686,electron_positron,852.8000000000001,493.26054544448857,135.0700439453125,6.313761179683068,48.12213134765625,2.577812816658938,0.16957241028251463,0.12049818016569544,6.313761179683068,125.73279603223806,29.61779507202788,0.044045779269888695,0.6403659045744585,3.6518870582747502,0.9940672346075491,-0.10876733461706241
64,903,0.9577060931899641,alpha,850.8800000000001,116.12346239089966,34.11155700683594,24.944038755823552,60.94539833068848,1.0812807619681468,0.9592352092352092,0.7906853746680281,24.944038755823552,163.24802867383514,35.089258249512284,0.7929361662625765,0.9231743953945271,3.404226384847475,0.8490565589657524,-0.528301958805034
65,921,0.9917452830188679,alpha,502.08000000000004,110.93523740768433,44.1234619140625,11.378980211885484,45.0,2.1081080805233188,0.9085118702953098,0.5436590669043928,11.378980211885484,202.71108490566036,45.91404263498407,0.512676902451987,0.9386241961060022,2.514200667747885,1.0,6.123233995736766e-17
65,924,1.0,electron_positron,168.0,228.6920039176941,96.96124267578125,1.732651061019896,63.86899757385254,8.149202646212093,0.17540928833945874,0.145622356126757,1.732651061019896,111.69845360824742,20.490236490170258,0.040366136616064995,0.8902841003671483,2.3585919240164217,0.7908178307221819,-0.6120515979979648
65,925,0.9084967320261438,electron_positron,58.24,104.22741661071778,41.62152709960938,1.3992759050050951,77.98852062225342,6.476683583508525,0.22807017543859648,0.21773990322499695,1.3992759050050951,111.6078431372549,19.007819269636364,0.06737011418646964,0.8808216699602354,2.5041708912140317,0.4071026734445579,-0.9133824025424914
65,928,1.0,proton,3615.6800000000003,1874.1580862998962,796.8941406250001,4.537214939445082,84.50471687316895,24.390797850986193,0.17531691725240112,0.13887201166730193,4.537214939445082,123.96034457151343,25.673209395736837,0.01293562475599481,0.860717769106091,2.351828167327223,0.19064736793954323,-0.981658586830332
65,920,0.964420592327569,alpha,3038.7200000000003,514.1604578018189,171.0078857421875,17.769472950394768,-68.41603088378906,3.886844792186893,0.5660804769001491,0.40388303204493076,17.769472950394768,141.99880739415622,41.49980899785389,0.14444522878542249,0.7160003492638027,3.006647650021065,-0.6841390800235959,-0.7293515744717823
65,922,1.0,electron_positron,56.0,61.770562458038334,26.47702331542969,2.1150413825924903,87.6140558719635,6.4112901192151295,0.6183745583038869,0.5121475989351137,2.1150413825924903,124.9758064516129,14.283683286204743,0.1844313644722583,0.9108607945793528,2.332987425442235,0.08318891154231312,-0.9965337952103808
65,919,0.9812312312312312,alpha,1617.6000000000001,250.26845388412477,100.46737060546876,16.100749828043664,41.235965728759766,3.7254198759383383,0.7855477855477856,0.5970301906521642,16.100749828043664,221.6216216216216,38.28999996173995,0.32454041040178233,0.8795958030515177,2.4910421401085405,0.991380799129349,0.13101187395672775
65,918,0.9974402730375427,alpha,706.8800000000001,115.347012424469,31.200000000000003,22.656410256410258,-90.0,1.054054054054054,0.9380042462845011,0.7654192654192654,22.656410256410258,221.80460750853243,38.176796545421645,0.6676407822654713,0.9402909615734956,3.697019628989391,-1.2246467991473532e-16,-1.0
66,929,0.934640522875817,alpha,451.20000000000005,99.03919162750245,37.59999389648438,12.000001947930835,-90.0,2.6111112406224657,0.9684065934065934,0.833333645212729,12.000001947930835,219.55424836601307,52.24338465414851,0.5780491689785179,0.9708803050254365,2.634021481497173,-1.2246467991473532e-16,-1.0
66,936,0.9210526315789473,electron_positron,73.60000000000001,65.55289993286134,24.957452392578126,2.9490189480191997,21.801414489746094,3.818181521075601,0.5463182897862233,0.45116342307347024,2.9490189480191997,97.33552631578947,12.073210927148299,0.21523052288504482,0.8517358845598325,2.6265861956469374,0.6896552988854918,0.7241378105852248
66,934,0.9748953974895398,electron_positron,247.68000000000004,165.87047481536865,61.56403198242188,4.02312831087345,6.146629333496094,3.645652178038098,0.33740191804707936,0.23823856262777454,4.02312831087345,112.08995815899581,19.758432964686392,0.1131260510667184,0.8091174027907982,2.6942756910841865,0.21291542712603007,0.9770706324988692
66,932,1.0,electron_positron,376.96000000000004,301.72917461395264,88.11550292968751,4.278021318232711,32.81136703491211,1.9040336618113745,0.16505534538321423,0.09244112925691995,4.278021318232711,120.08666666666666,32.781648660323526,0.05203200044669704,0.7436923636541394,3.4242461834975844,0.9108475024951113,0.41274305227152913
66,938,0.9896414342629483,proton,6661.440000000001,1483.3893694877625,630.185693359375,10.570598587361442,-17.76091194152832,18.991211497477654,0.3951519523167745,0.31855447615349014,10.570598587361442,136.41007386313072,39.00038035748781,0.03804237828686019,0.8599493814217138,2.353892487752546,-0.5810130090514769,0.8138942703526967
66,930,0.9376344086021505,electron_positron,716.1600000000001,498.9840078353882,167.87014160156252,4.266154738224955,-4.3250603675842285,3.505318768963912,0.13809700111069975,0.08908214488016533,4.266154738224955,102.73476702508961,23.5874315569687,0.03614487029602955,0.7307833709914567,2.9724405011804897,-0.150400222370083,0.9886251934434149
67,943,0.9957825679475164,alpha,2612.1600000000003,329.605712223053,136.5006103515625,19.13661772846497,-19.44003677368164,5.532375144057711,0.8925213207959763,0.7756078744968179,19.13661772846497,206.72563261480786,42.20309410195909,0.3021483170560537,0.8920361873329518,2.414683065329459,-0.62769236055837,0.7784614958343549
67,953,0.6108374384236454,electron_positron,63.68000000000001,172.28427076339722,70.23932495117188,0.9066146356655378,-6.4993462562561035,7.189494589103019,0.13509843856076034,0.09279845758839741,0.9066146356655378,115.49753694581281,31.43989094608688,0.02696011006057422,0.8532947425497861,2.452817860695041,-0.22492881919784177,0.9743751979059527
67,942,0.9892328398384926,alpha,2288.9600000000005,240.876362323761,82.43961181640626,27.765293280341183,-18.17801856994629,2.044738406546236,0.8635759990341664,0.6886587683814813,27.765293280341183,226.6772543741588,34.99058142064348,0.4957465488861393,0.8802197399687812,2.9218522142024974,-0.5928011196580304,0.8053488887011551
67,941,0.9845316528215411,alpha,4292.160000000001,523.0368201255799,207.300732421875,20.70499196917974,-39.10777282714844,6.436335303825257,0.7764399421128799,0.6428547994970207,20.70499196917974,198.51088513319965,43.91803234745511,0.19716110392456543,0.8406832686106738,2.5230823548715424,-0.9789228371827888,0.20423045522644023
67,940,0.9905506087588588,alpha,3401.6000000000004,351.55659122467046,120.31689453125,28.27200629847124,42.12162780761719,2.874377996646876,0.7710721021325982,0.6754199660986159,28.27200629847124,237.0888606214792,28.483729258708095,0.34586181583354514,0.8175757512365438,2.9219220841289277,0.9949567180486986,0.10030518037351036
67,939,0.951781523362492,alpha,2852.1600000000003,419.88796205520634,135.73052978515625,21.013400629280664,4.856605529785156,3.176298266312064,0.6054615854901162,0.4917451371755004,21.013400629280664,212.66631107318116,37.33279517511995,0.20329041440724335,0.7607351861633369,3.0935410236726715,0.168716655127379,0.9856645931972139
67,962,0.9988558352402745,proton,485.44000000000005,216.66845388412477,92.34702758789064,5.256693287046906,57.9946174621582,8.066666422305223,0.5967741935483871,0.45918089990087496,5.256693287046906,151.02860411899314,16.72212954700993,0.12994334871287985,0.8861630643736558,2.3462417745705144,0.8988763942422683,-0.43820226822098746
68,986,1.0,proton,3270.0800000000004,1037.954219722748,390.67912597656255,8.370244997927475,66.62157440185547,14.134354928960416,0.3369604642727603,0.302826554521779,8.370244997927475,123.56878633080854,21.99910477840466,0.03814273615965069,0.7714685938542301,2.65679467037872,0.72845289607024,-0.6850958897898017
68,980,1.0,electron_positron,57.28000000000001,53.382337474823004,24.47529449462891,2.340319133343628,-78.69007110595703,5.379310078847844,0.8099547511312217,0.5143677557987525,2.340319133343628,132.2377049180328,13.89424534650923,0.25259089999066103,0.9482304791402087,2.181070282383639,-0.38461526926327705,-0.9230769711402927
68,983,0.9530201342281879,electron_positron,356.1600000000001,415.58989534378054,153.28660888671877,2.3234906335700067,20.74158477783203,4.1433525855164755,0.09941050375133977,0.06280418748868101,2.3234906335700067,124.35083226632521,27.092242298806624,0.025913438703851658,0.7959210486716581,2.711195050644692,0.6624000163834808,0.7491503309050623
68,967,0.9795018472172566,alpha,5209.280000000001,452.16247873306276,170.9638427734375,30.47006849807053,-24.065629959106445,3.79577979971777,0.8063701208638795,0.6765036900478614,30.47006849807053,220.44333214158027,39.85608840159664,0.32018318734212464,0.8446937177734061,2.644784250271396,-0.7446757971946589,0.6674263682778042
68,976,0.9607843137254902,electron_positron,268.8,251.17240810394287,61.6,4.363636363636363,-90.0,1.925,0.19297036526533426,0.13636363636363635,4.363636363636363,134.0427807486631,19.780568674339737,0.05354208382200933,0.6038016362163646,4.07747415753154,-1.2246467991473532e-16,-1.0
68,966,1.0,alpha,1790.4,263.11555395126345,73.00420532226563,24.524614604002053,-20.095230102539062,1.8845789609393298,0.7784889383609295,0.6330946622023081,24.524614604002053,187.70478452663727,33.057667079583,0.3249876738092938,0.7240980758813121,3.6041150340556554,-0.6453305061039283,0.7639034872885762
68,965,0.9915727262777717,alpha,5679.360000000001,494.75254936218266,189.5607666015625,29.960630049241356,-39.40066146850586,5.05058794391762,0.8698294452068221,0.7982601021915631,29.960630049241356,188.89854437999344,49.617844541564764,0.29156351744505715,0.8431208227800763,2.6099944531354544,-0.9809596398824707,0.19421170129951865
68,974,1.0,electron_positron,76.16000000000001,79.67838325500489,31.586343383789064,2.4111686203945757,65.69544982910156,5.1259543643445955,0.44074074074074077,0.39129379943439574,2.4111686203945757,111.73170731707317,26.63989708308318,0.15074946267292463,0.8673158041820052,2.5225580019464333,0.7502160969452712,-0.6611927161457569
68,964,0.9958230491741029,alpha,3234.8800000000006,394.4016703605652,116.25593261718751,27.82550470479602,45.93918991088867,2.818794645859859,0.7857753595025262,0.6746699451330318,27.82550470479602,229.68217201442945,32.477673995161155,0.26133076977241004,0.7140073387331368,3.3925294088798705,0.9994626556708759,-0.03277804019950169
68,963,0.9993840468124423,alpha,1960.9600000000003,325.66256637573247,105.3282470703125,18.617607854908567,13.902687072753906,3.0134185200862205,0.6516376010208422,0.5326457609441891,18.617607854908567,163.06190329534957,36.80142803564521,0.23235012848218084,0.7583427091534084,3.0918825237671945,0.4664696089173409,0.8845372258737916
68,968,0.8705882352941177,electron_positron,183.36,90.95878744125366,35.10808410644531,5.222728743729365,28.178592681884766,3.050328071789008,0.582909460834181,0.4537711613665732,5.222728743729365,171.3029411764706,23.81878874401115,0.27849996178024117,0.8687948870045217,2.590821736824853,0.8325074828398588,0.5540138003837469
69,990,0.9261059795819154,alpha,1193.92,344.23312883377076,73.11185913085937,16.330045688799412,18.434951782226562,1.829113972855967,0.5250492541514213,0.40854541386093535,16.330045688799412,176.0753524550316,32.5818465339701,0.12661342669271136,0.5421364092984777,4.708307693525404,0.6000000826393695,0.7999999380204662
69,989,0.9653218495013599,alpha,2733.76,248.05281229019167,91.51011352539064,29.873856502663877,76.26373195648193,2.2713245861253024,0.913201496525922,0.741483341489386,29.873856502663877,218.84247506799636,38.02587609754126,0.5583183968714035,0.9106519629447369,2.7106600870008353,0.4613233842404354,-0.8872320638665803
69,997,0.7168949771689498,electron_positron,358.72,172.35087900161744,62.73590698242188,5.717937577606245,-64.53665161132812,3.9310345618854923,0.42413923571698825,0.358286208352291,5.717937577606245,133.09284627092845,21.228242021572257,0.15175340679585272,0.81684059051228,2.7472445572502657,-0.7763401841023747,-0.6303141427477975
69,988,0.9826589595375722,alpha,2432.32,638.6721451759339,139.52910156250002,17.43234904232848,-59.74356460571289,2.9192773691415828,0.4545780754739549,0.3647257918266686,17.43234904232848,176.54527938342966,37.94142087462638,0.07493325946727943,0.5009217477614751,4.577340053249394,-0.8704662908444067,-0.4922280330330452
69,994,0.6185344827586207,electron_positron,517.44,220.41748723983767,79.10789794921875,6.540939822875298,44.02898025512695,3.7171173310481778,0.40024752475247527,0.30734530188831893,6.540939822875298,135.72952586206895,28.038057398939568,0.13383748530549458,0.7997168820975179,2.7862892701475763,0.9994256200473643,0.03388849351832133
69,993,1.0,electron_positron,74.56,78.27249574661255,33.29239196777344,2.2395507079266945,-54.24611282348633,6.22330166110384,0.5200892857142857,0.4186361753237101,2.2395507079266945,131.66875000000002,10.982783046090551,0.15293165908553533,0.8865687540675237,2.3510625437300874,-0.9483667009286316,-0.31717597728980573
69,987,0.9875505254648342,alpha,3837.4400000000005,322.0077331542969,131.0524658203125,29.281707718964686,-3.6522226333618164,3.61527665493012,0.9304057723640313,0.8077793399019898,29.281707718964686,232.15634599838322,29.477096910426788,0.46507057116540285,0.9207209191950521,2.457090228243437,-0.12714156389335934,0.9918845813554875
69,1004,0.8872166199105315,proton,15636.480000000003,3499.041130065918,907.4369140625,17.231478858400322,-58.33620071411133,6.085147430750834,0.18589363159096098,0.11555193278814536,17.231478858400322,144.33539313063918,38.50651377021961,0.016049102942361324,0.5401811102777118,3.8559607569864855,-0.893587715325919,-0.44888862206409774
70,1005,0.9735054347826086,alpha,2727.3600000000006,277.7429705619812,106.46632080078126,25.61711515422243,-30.963754653930664,3.0551182398705334,0.8939584644430459,0.7350992799589117,25.61711515422243,236.60982789855072,30.269175611181197,0.4442896319183978,0.8822619116765966,2.608740195706501,-0.8823529103249141,0.4705882931407813
70,1013,0.9534336782690499,proton,8648.320000000002,2371.053956794739,1021.7474609375,8.464244180322964,-3.3029582500457764,29.081133816596992,0.33285710766805426,0.2409106232947922,8.464244180322964,176.61839806477624,43.67546553446904,0.019331196729740287,0.8699037778163508,2.3205870799220665,-0.11503972794250739,0.9933608916173989
71,1031,0.6252631578947369,electron_positron,251.84000000000003,145.69991235733033,47.40853576660157,5.312123564411298,-43.45184326171875,2.8302915031928353,0.38390243902439025,0.31713399169892764,5.312123564411298,127.72,33.21083399640606,0.14907883617037712,0.780984216613151,3.0732843780417536,-0.9985401477967611,0.05401456505445991
71,1030,0.8283261802575107,electron_positron,104.0,119.48427076339722,45.46361999511719,2.287543315098306,-62.927921295166016,3.649301082265332,0.2565114443567482,0.18361789704413428,2.287543315098306,107.85836909871244,13.073632045108592,0.09154228077248015,0.8518855362554185,2.6281292773481275,-0.8104933124268053,-0.5857478898907148
71,1029,0.9779527559055118,electron_positron,318.40000000000003,248.55474557876587,89.10957641601563,3.573128869040097,25.836753845214844,3.6343120653442242,0.21611642050390964,0.14572917841239164,3.573128869040097,107.30708661417323,23.24539131734365,0.06476476652991756,0.7838281931616339,2.7893157567977536,0.7844897144464732,0.6201418288808545
71,1027,1.0,electron_positron,66.24000000000001,271.4566788673401,108.98737792968751,0.6077768018488738,49.9697380065918,4.6624742718789145,0.045887829749501216,0.026000659484563385,0.6077768018488738,83.21428571428571,23.821961037336955,0.011296115517532698,0.842080428629328,2.490716668516134,0.9849906355345178,-0.17260778635191004
71,1032,0.9958563535911602,proton,7955.520000000001,2532.31380109787,947.6580078125,8.394927214685712,57.18365478515625,18.60343287720276,0.20183970382879227,0.16480044874828773,8.394927214685712,132.2906361064771,30.541868264091168,0.015589902249057866,0.7585046091659111,2.6721810824384487,0.9109192116232843,-0.4125847669214344
71,1014,0.9933306386418755,alpha,3061.1200000000003,297.52530803680423,97.48737792968751,31.40016753971806,-79.47921752929688,2.0997095475313317,0.8091009050156475,0.6763053123121449,31.40016753971806,201.19462409054162,43.26695997624814,0.434552639170197,0.8200999658381568,3.0519367158627806,-0.3590451165147108,-0.9333202045959027
71,1025,0.9701492537313433,electron_positron,104.32000000000001,67.81564159393311,27.2451171875,3.828942972866411,39.559669494628906,3.4440675324530035,0.6481113320079522,0.48401840541590757,3.828942972866411,107.03482587064677,16.644775108198793,0.28504779942929775,0.9045287397031395,2.4890934080858633,0.9820224819626812,0.18876399264652027
71,1023,0.8007380073800738,electron_positron,296.64000000000004,143.55087900161743,55.289257812500004,5.36523751152497,25.016891479492188,3.678456952014055,0.5352193995381063,0.35695532919622,5.36523751152497,120.19188191881918,13.606491578050186,0.18089554199232757,0.831139351183826,2.5963611139153855,0.7664233128519504,0.6423358198925554
71,1022,0.7909215955983494,electron_positron,396.1600000000001,200.36063308715822,79.59095458984376,4.9774500386574365,50.710594177246094,5.295880124715424,0.47615384615384615,0.3311931471023419,4.9774500386574365,119.16231086657497,26.856049278150707,0.1240097113084771,0.8332898566282663,2.5173794449341274,0.9801980126150492,-0.1980198375555027
71,1019,1.0,electron_positron,161.28000000000003,160.01950817108155,62.23899536132813,2.5913014672503936,27.255329132080078,4.090652152416475,0.2743603701687534,0.1703130467165946,2.5913014672503936,98.65102639296188,12.448777412413524,0.07914883308163065,0.8399141108091599,2.571049022274367,0.8142235276801549,0.5805515024285821
71,1020,0.5765472312703583,electron_positron,144.32000000000002,149.676362323761,45.23572692871094,3.1903986030210265,-45.76390075683594,2.7845868302282004,0.3235294117647059,0.19639215585396497,3.1903986030210265,130.12052117263843,28.014104213905096,0.0809524402618877,0.6823564210764131,3.3088086007690967,-0.999644505506336,-0.026662006882320344
71,1018,1.0,electron_positron,33.28,114.71757488250734,47.60270385742188,0.6991199512464505,65.72555923461914,10.704179384143309,0.17304492512479203,0.15720756937651884,0.6991199512464505,114.24137931034483,15.386189894733985,0.03177849069039171,0.8687651140768315,2.4098961946805755,0.7495207582451449,-0.6619808403266843
72,1046,0.9752321981424149,electron_positron,149.12,158.96854152679444,51.039154052734375,2.9216785185335774,-33.95906066894531,2.4253540087345757,0.21714818266542404,0.13883664098032747,2.9216785185335774,121.26934984520125,31.059892535955445,0.07415208713538302,0.7679278333428061,3.1146390350150766,-0.9266475756144259,0.3759312046211472
72,1033,0.5277203856749312,alpha,3538.8800000000006,490.0605454444885,165.16700439453126,21.426071223927664,77.93511581420898,3.9606188561638818,0.6846406240326874,0.5137860434902215,21.426071223927664,196.73019972451792,49.644934572904674,0.18517238585350781,0.7306392305189087,2.967060807580492,0.40880467381037483,-0.9126219034577205
72,1048,1.0,proton,2997.76,1382.1045728683473,533.84990234375,5.61536114709209,45.960174560546875,15.678362047401313,0.22504083789756896,0.16491464118378935,5.61536114709209,115.62270450751251,20.361728720070055,0.019720817615671377,0.7829168238513418,2.588938513991522,0.9994383775422595,-0.033510140192126496
72,1041,0.9401330376940134,electron_positron,238.72000000000003,141.094024848938,57.11497802734375,4.179639181261928,53.746158599853516,5.442623751737222,0.5169785169785169,0.3982878794199483,4.179639181261928,93.78048780487805,15.76231917418064,0.15068895639425492,0.862502468623932,2.470350680716175,0.9537572638631437,-0.3005779127419204
72,1040,1.0,electron_positron,146.24,308.9860287666321,129.5780029296875,1.1285866172775771,50.14545822143555,11.120075326119316,0.12579135700522984,0.09685261319382117,1.1285866172775771,121.72773536895676,32.13568037860125,0.019248564963437666,0.8578604342314817,2.384556188401022,0.9839133725107455,-0.17864622972380603
72,1039,0.8644501278772379,electron_positron,215.68000000000004,94.74112491607667,39.17355651855469,5.505754880791649,-72.12130737304688,3.717949035440148,0.689161554192229,0.5225493385752059,5.505754880791649,113.96163682864452,28.17875097529967,0.3019553054997063,0.9040357739463092,2.4184968978040633,-0.5843542702325794,-0.8114986671960402
72,1038,0.5521472392638037,electron_positron,159.68000000000004,139.68813734054567,44.041235351562506,3.6256930289385005,72.2995719909668,3.1182546075580895,0.3403819918144611,0.256710192228466,3.6256930289385005,139.87730061349694,30.563275008028434,0.10283509066805904,0.7166278648127132,3.171757926985347,0.5792933505593155,-0.8151191409835509
72,1035,0.9952830188679245,electron_positron,98.56,104.45483322143555,42.65572814941407,2.310592370027421,-61.11341857910156,6.1748247438666155,0.4583333333333333,0.3344803513717702,2.310592370027421,138.94811320754715,14.59232630549557,0.11351505891054636,0.8593872021524868,2.448787953063471,-0.8459434757833251,-0.5332725717488449
73,1052,0.9702970297029703,alpha,596.1600000000001,139.57442903518677,47.63785095214844,12.514418431654999,58.81502342224121,2.4355433655074776,0.7971758664955071,0.6398149407499084,12.514418431654999,182.38910891089108,37.89396462039182,0.3845572269015557,0.8190322277062582,2.929906077740311,0.8859604973606674,-0.46376071105305894
73,1062,0.9760536398467433,electron_positron,1174.4,854.564149093628,152.2851806640625,7.711846910374678,49.39870071411133,1.2162162531045915,0.09632545931758531,0.06159019224951748,7.711846910374678,102.92401215805471,25.73830102926498,0.020208615839389557,0.5376630685829256,5.611604132241706,0.98823531889371,-0.15294101637901908
73,1051,0.9091981132075472,alpha,1540.4800000000002,246.76063308715823,86.51845703125001,17.805218133323702,-38.99099349975586,2.3282868063899844,0.6892898052691867,0.4791538810006716,17.805218133323702,200.8671383647799,46.16344992298743,0.31791731118030075,0.8159543955719671,2.8521155086946313,-0.9780821878359979,0.20821919661248267
73,1050,0.9981515711645101,alpha,2292.1600000000003,365.30764551162724,103.48131103515625,22.15047313443171,-10.049348831176758,2.5951489521673006,0.6609762849497093,0.5554991193076508,22.15047313443171,211.81146025878004,40.091364440157875,0.21584265289359889,0.6766903964735285,3.5301799122695625,-0.34363834880945354,0.9391020632644316
73,1059,0.6241050119331742,electron_positron,463.36000000000007,201.3449914932251,70.6358642578125,6.559840455958621,49.8645133972168,3.1547939839367745,0.41549497847919653,0.2929807035489682,6.559840455958621,105.263723150358,25.45459519786309,0.14363052318027533,0.7771243348159846,2.8504640469654317,0.9856179836660701,-0.16898872824549696
73,1049,0.8882725832012678,alpha,1512.6400000000003,286.01748723983764,96.40310058593751,15.690781632604995,71.80083465576172,3.1636487384310192,0.6764453348597596,0.5149224580462145,15.690781632604995,192.85459587955626,54.258193114794466,0.2323594130919696,0.7580927728114522,2.9668909558035477,0.5933954357852841,-0.8049110862630684
73,1064,0.9839704069050554,proton,5681.6,1586.729968547821,665.9378417968751,8.531727202451137,36.60707473754883,16.795001241069592,0.28812294110965064,0.2151707861607609,8.531727202451137,118.08834140810225,21.423140827923064,0.02835792635478546,0.8490897495273044,2.382699809138954,0.9573908461660162,0.2887953733658477
74,1083,0.9792746113989638,electron_positron,247.36000000000004,231.50377893447876,88.83197631835938,2.7845828749042116,-70.82099151611328,8.894736793857021,0.32194918783840065,0.2788200013043692,2.7845828749042116,112.20388349514563,21.759479230321073,0.05799935542846053,0.8111428083523691,2.606086102427878,-0.620573368356305,-0.7841483880535046
74,1069,0.7910224438902743,alpha,1131.5200000000002,431.282074546814,135.38297119140626,8.357919685484239,59.74356460571289,4.867495641589131,0.4216551395182447,0.3004967115423223,8.357919685484239,190.17805486284288,46.734872914571355,0.07644503484569566,0.6654691244885513,3.185644920859815,0.8704662908444067,-0.4922280330330452
74,1068,0.9836873406966865,alpha,3616.3200000000006,423.6369954109192,139.0997314453125,25.99803725301776,67.26399612426758,3.6367811484390633,0.7678874770673371,0.6797221734059478,25.99803725301776,215.82888700084962,37.28510716785244,0.25321472592901306,0.7462760150099109,3.0455630000800786,0.712907929986967,-0.7012576440664998
74,1067,0.7606439313704724,alpha,2871.6800000000003,409.91353302001954,152.32093505859376,18.852825443169333,-14.281095504760742,4.068524143525643,0.6716060469989522,0.5035629242933897,18.852825443169333,129.92649862317305,43.23135079785616,0.21476395569596216,0.8090122219944792,2.6911174938778895,-0.4781123803687786,0.8782986688695937
74,1079,0.6925795053003534,electron_positron,130.88000000000002,139.57442903518677,56.02622680664063,2.336048801781654,-10.3888578414917,5.665782635806907,0.31269113149847094,0.23623837427444344,2.336048801781654,100.74911660777386,24.236699917573947,0.08442507021080853,0.8539031056713079,2.4912337844361745,-0.3547433494114815,0.9349637191080323
74,1080,0.8551401869158879,electron_positron,579.5200000000001,296.39393720626833,111.54572753906251,5.195358108153953,-39.805572509765625,4.140684449412837,0.2602385400201178,0.19285667862115563,5.195358108153953,115.0158878504673,22.22175262287569,0.08289716168681469,0.8166451163233951,2.657151858214142,-0.9836065662996888,0.1803278201835087
74,1078,1.0,electron_positron,22.400000000000002,54.51370830535889,22.619158935546878,0.9903109157961458,6.581947326660156,5.826771789725581,0.2755905511811024,0.25510743894858157,0.9903109157961458,125.33823529411765,26.08843010073828,0.09472103401812831,0.9257133713268643,2.4100678747912463,0.22773731707926406,0.9737226065001976
74,1074,0.9836734693877551,electron_positron,129.92000000000002,72.22741661071778,30.594119262695315,4.246567743442672,-78.69007110595703,3.545454794623012,0.7211367673179396,0.492121176537305,4.246567743442672,115.60816326530613,16.11874098408803,0.31295486905644343,0.918318142490868,2.3608267978084165,-0.38461526926327705,-0.9230769711402927
74,1073,0.5875576036866359,electron_positron,203.52,212.49789142608643,46.87450256347657,4.341806075155616,-49.63546371459961,1.183987706747183,0.17477328936521022,0.10966825751597298,4.341806075155616,143.55069124423963,24.5830382868266,0.056637973767928326,0.6652922581445256,4.533336458095226,-0.9869375890932952,-0.16110305780683992
74,1085,1.0,proton,7982.080000000001,2094.4813734054565,799.958642578125,9.978115836432707,-83.40213775634766,15.976903287330764,0.27899069434502505,0.1992845420041821,9.978115836432707,187.127268735363,35.67520516327601,0.022865091058952198,0.7867231237448468,2.6182370711757224,-0.22827821929033532,-0.9735959401094653
74,1065,0.9857406475423587,alpha,3688.0,351.4566788673401,142.99468994140625,25.79116750077364,-70.07441711425781,3.828341220719295,0.8712579377078924,0.6904968968718095,25.79116750077364,207.85690320416035,43.82316981676081,0.37519511459633625,0.8947097198691983,2.457830280350645,-0.6407955299334379,-0.767711592212417
75,1093,0.9149659863945578,electron_positron,151.36,107.29991235733033,42.701263427734375,3.544625799097364,36.027374267578125,4.594936074944974,0.503727369542066,0.38142498954432696,3.544625799097364,109.30272108843538,24.547611506843484,0.16520464292798795,0.8727389288944728,2.5128041595050155,0.951351360842366,0.30810807880251745
75,1089,1.0,alpha,2788.1600000000003,274.38216218948367,107.982470703125,25.820487175788532,35.83765411376953,2.994005506770078,0.9097838571577739,0.7159187994904788,25.820487175788532,187.61340434975588,40.1860038127225,0.4653886722296873,0.882582522301465,2.540987999282212,0.9492900735769796,0.3144015842966009
75,1096,1.0,proton,8013.120000000002,2418.4278599739077,954.77138671875,8.392710665051016,-27.60248565673828,24.055578118322636,0.2878408202675985,0.21145533877115028,8.392710665051016,127.53380037555974,29.888042429547273,0.017216514636969497,0.7950712683121642,2.5329915554814497,-0.8211987244553144,0.5706423178778145
75,1088,0.9424426766495086,alpha,1236.16,370.60957880020146,136.9599853515625,9.025701899915523,-53.130104064941406,6.847999790039046,0.5412638363458036,0.45128512942609916,9.025701899915523,182.3954141319607,41.03205815543477,0.11309704833228422,0.7749119837003454,2.705969760794614,-0.9599999832790488,-0.2800000573289694
75,1087,0.9950601020912234,alpha,3743.36,395.2390163421631,165.45036621093752,22.62527479224483,71.56505012512207,5.7368427457342275,0.8836682278289771,0.7845110683928643,22.62527479224483,231.23118722213076,28.85345535479979,0.3011284854533234,0.902462127793686,2.388867582428082,0.6000000293761505,-0.7999999779678862
75,1086,0.9504080351537979,alpha,968.96,134.74112491607667,39.317788696289064,24.64431576975878,87.95459151268005,1.2679557766369411,0.9430084085954531,0.79475228840832,24.64431576975878,220.86754551161332,42.307716882217946,0.6706800306325091,0.9228395595055735,3.426976169918578,0.07133757956326532,-0.9974522293032658
76,1105,0.9950147292091548,proton,6020.8,1307.330844974518,548.502587890625,10.97679415361407,-10.850936889648438,19.942915031417858,0.4577636124762785,0.3991034462840887,10.97679415361407,200.05943711867744,40.65197612369285,0.04426832085498772,0.8531500738297678,2.383454287794916,-0.36977714307296067,0.9291204789804168
76,1102,0.8328729281767956,electron_positron,401.9200000000001,173.20773315429688,43.9960205078125,9.135371685005692,-2.337306022644043,1.212679972153966,0.4213351224421335,0.25180191646245886,9.135371685005692,101.50690607734806,20.914749529607228,0.16835069975280373,0.7513667238640154,3.9368954545227535,-0.08149688718582718,0.996673596208418
76,1098,0.9961442503969155,alpha,2695.6800000000003,340.1096664428711,143.21265869140626,18.82291708450602,-8.365885734558105,5.754911006168623,0.8856181665264928,0.7563871356598402,18.82291708450602,213.56611476525288,38.70934013558423,0.2928466428199286,0.9137247183890159,2.3748575688112687,-0.28789160425385385,0.9576630013737308
76,1097,0.9994224660698816,alpha,2123.2000000000003,252.076362323761,90.87915649414063,23.36289289983553,-85.38935089111328,2.773155357901649,0.8635949498893661,0.7129129948013823,23.36289289983553,215.10222350563097,35.46465547977132,0.4198909589925434,0.8431000211807812,2.7737533230737395,-0.16024811890292312,-0.9870767651951263
77,1116,1.0,proton,6147.200000000001,1660.7010568618775,561.8302734375001,10.941382639260425,-10.924417495727539,14.913957332760432,0.3339998261323133,0.29044236588559047,10.941382639260425,171.4581869957285,40.16553943705642,0.02800943078762239,0.694650583747996,2.9558767752065958,-0.3721590781772698,0.9281689611973915
77,1107,0.9893255701115963,alpha,3827.5200000000004,347.91555395126346,148.35960693359377,25.79893597125268,-7.253194808959961,4.529514791170486,0.9104818451701302,0.7876582076046801,25.79893597125268,228.1568817726023,35.28758453020665,0.39735587919057763,0.9356979698351136,2.3450827428182093,-0.2504879701968917,0.9681197120122289
77,1111,0.8057553956834532,electron_positron,71.68,44.91370830535889,19.200000000000003,3.733333333333334,0.0,3.4285714285714284,0.8924302788844621,0.6666666666666666,3.733333333333334,176.40287769784175,21.136323341128218,0.44652937310275376,0.9566700842518572,2.3392556409041085,0.0,1.0
77,1106,1.0,alpha,1307.2,149.17442903518676,53.862768554687506,24.269082987681642,-85.91438293457031,1.7027025984089106,0.9580206378986866,0.767190988747102,24.269082987681642,187.093559003291,30.195292740666805,0.7381814622783649,0.9318184669902257,2.769527691168125,-0.14213198955852407,-0.9898477143198017
77,1108,0.7416666666666667,electron_positron,87.04000000000002,183.35676651000978,71.34671020507812,1.2199581417252916,72.01266479492188,5.376024551524444,0.1505257332595462,0.09192469986206175,1.2199581417252916,150.09583333333333,30.310806367348384,0.03253380529367645,0.8160530734275889,2.569940029231499,0.587427540797682,-0.8092767662007774
78,1120,0.9837209302325581,alpha,506.56000000000006,116.947012424469,47.2,10.73220338983051,0.0,2.6818181818181817,0.9134448932487017,0.6097842835130971,10.73220338983051,171.39883720930231,46.999136543741145,0.4654387032815799,0.9429262976319229,2.477690941196377,0.0,1.0
78,1129,0.7492603550295858,electron_positron,749.1200000000001,324.9194205284119,105.6320068359375,7.091789907612915,-16.260204315185547,3.478397574351655,0.2977235151977617,0.2335283173287198,7.091789907612915,122.2448224852071,27.526076444635997,0.08916818278758473,0.7501121193764935,3.0759561449311565,-0.5375999884290189,0.8432000073773237
78,1126,0.9468822170900693,electron_positron,486.40000000000003,328.4272413253784,117.02565917968751,4.156353430602389,75.277024269104,4.73731143299374,0.24643320363164722,0.16825319134603164,4.156353430602389,109.35600425079701,19.42870939492314,0.056666329876352714,0.7561941472582673,2.80645495720809,0.49160231288947087,-0.870819824051866
78,1127,0.575187969924812,electron_positron,592.32,253.46845388412476,86.69844970703126,6.831956073050321,22.86450958251953,4.354148613368785,0.5179071068830442,0.3431128487601548,6.831956073050321,113.46616541353383,16.090813178786014,0.115855973197665,0.7412655115643875,2.923563855416534,0.7160463752502417,0.6980527118284049
78,1131,0.9931050333256722,proton,11013.120000000003,2258.9597566604616,895.6779296875001,12.295848356833414,-7.398846626281738,14.438935846312,0.2981056570433698,0.19821741690368705,12.295848356833414,124.81180732010597,34.54000808913788,0.027120846914407155,0.8050952124326693,2.522067008448681,-0.25540683309257756,0.9668336721533959
78,1122,0.6356209150326797,electron_positron,371.52000000000004,439.36247873306274,116.44147949218751,3.1906155917997134,-21.982437133789062,2.6398702382691943,0.10397635679742075,0.07233514362134873,3.1906155917997134,118.93203883495144,21.084440559503392,0.024185002168861727,0.6322903313364765,3.7732471336603144,-0.6942172417157502,0.719765532173204
78,1121,1.0,electron_positron,80.32000000000001,74.68427076339722,29.01820068359375,2.7679180000092547,48.012786865234375,3.8124996930232324,0.5306553911205074,0.363657507245617,2.7679180000092547,112.30357142857142,12.660286110027569,0.18095695273639184,0.8335236986818974,2.5737043994468634,0.9944751404628008,-0.1049723535103052
78,1119,0.9389505549949546,alpha,1213.1200000000001,151.711687374115,45.162600708007815,26.861163462291508,23.962486267089844,1.1855011380069322,0.9075891788364855,0.70509535220567,26.861163462291508,200.70433905146317,39.72499272199993,0.6623317121206911,0.8915760581322068,3.3592327500133288,0.7422679779062217,0.6701031629346401
78,1118,0.9768211920529801,alpha,1260.4800000000002,253.7900706291199,74.4,16.941935483870967,0.0,2.1627906976744184,0.6783192698467367,0.4924981245311328,16.941935483870967,219.8689687795648,36.92339550278441,0.24592154009041917,0.705141914561837,3.411156863294622,0.0,1.0
78,1117,0.9974485967282005,alpha,4134.72,344.6018456459046,138.98958740234374,29.748415527207165,78.20656967163086,3.8955621625690258,0.9362365046011158,0.8337804585943749,29.748415527207165,234.45219870929012,31.237978087491186,0.437543030552769,0.9292836284952771,2.4793356976329406,0.40013887733055775,-0.9164545154281476
79,1140,0.8862559241706162,electron_positron,224.0,128.84305820465087,50.32088012695313,4.451432475641855,-64.88516235351562,3.976744127155322,0.47297297297297297,0.3517865329516659,4.451432475641855,118.15402843601896,16.72321287015786,0.16956485118993625,0.8538111529528458,2.560429346219628,-0.7686149535523384,-0.6397116953563822
79,1142,0.9569829110194461,proton,2049.6,335.61748723983766,125.668017578125,16.309638995664187,-77.19573211669922,4.901797858149737,0.7392659279778393,0.636172631962155,16.309638995664187,184.66352386564526,42.64898232844371,0.22865979688839216,0.8330546358261383,2.6706674753677224,-0.43222009651953464,-0.9017681454590444
79,1139,0.8239700374531835,electron_positron,138.56000000000003,89.47249574661255,33.81380920410157,4.097734128788805,74.87599277496338,3.2464924199323004,0.5082159624413145,0.39342691938999524,4.097734128788805,95.29213483146067,15.334621361364917,0.21750469464058486,0.8623775133335155,2.646034204740224,0.5037440410559967,-0.8638529626623818
79,1138,1.0,electron_positron,440.32,333.06643295288086,89.07388916015626,4.943311717402366,63.19916534423828,1.5415976925469923,0.14829184179329669,0.08555366795970974,4.943311717402366,121.40506329113924,21.59378660477826,0.04987886292672956,0.7099741984339794,3.7392151178447164,0.8049110862630685,-0.593395435785284
79,1137,0.696113074204947,electron_positron,96.0,239.69789142608644,70.85000000000001,1.3549752999294284,-64.05770111083984,7.406504758204842,0.19157088122605365,0.14164616804766894,1.3549752999294284,97.91872791519434,18.817435222326843,0.02099677864410606,0.6114719757082397,3.383174190911594,-0.7867691222664698,-0.6172473963072252
79,1136,0.8789013732833958,electron_positron,439.36000000000007,199.16265401840212,80.318408203125,5.470227931918919,86.85504245758057,4.943273772663472,0.4387983381271972,0.3366704454346226,5.470227931918919,102.5705368289638,15.411471021211993,0.13919209437962693,0.8791287087443713,2.4796638588095568,0.10955935738001905,-0.9939802549399446
79,1134,0.871012482662968,electron_positron,351.36000000000007,314.6899829864502,124.32386474609376,2.8261669689691633,-38.35472106933594,5.693230219601615,0.17132157902948977,0.1294201980145625,2.8261669689691633,135.4618585298197,22.972672697344613,0.04458577751716885,0.8340203889076375,2.531211393959966,-0.9732167709325992,0.22988935768217914
79,1141,0.9818901679008725,proton,8239.68,1348.5150280952455,557.923095703125,14.768487025287792,-78.59273529052734,15.071757696710005,0.47795741837283984,0.3989565223350842,14.768487025287792,150.39988268934673,26.528345921165577,0.056938841718611057,0.8501249479874847,2.4170267165509136,-0.3877493457624237,-0.9217648533442856
80,1148,0.6485461441213654,electron_positron,1095.68,651.0977161407471,172.0,6.370232558139535,-90.0,3.257575757575758,0.15681963909498947,0.12064834390415785,6.370232558139535,109.82604517059107,22.770896094859268,0.03247889568724114,0.5969535397953594,3.7854518380275994,-1.2246467991473532e-16,-1.0
80,1149,0.9068100358422939,electron_positron,104.32000000000001,221.11353302001953,93.93040161132814,1.1106095386631336,43.83086013793945,12.256025305956507,0.17602591792656588,0.1449121730280185,1.1106095386631336,84.2831541218638,18.766307682386774,0.026813085593623557,0.8739216850731077,2.3540145600032543,0.9991673597721666,0.04079935251836296
80,1146,0.884437596302003,electron_positron,347.52000000000004,188.5449914932251,76.66624755859375,4.5328943448601775,80.31121349334717,4.694935395103395,0.3698910081743869,0.2775882057574702,4.5328943448601775,85.69183359013867,20.16665414671159,0.12284561730002512,0.8720724659182367,2.4592959417914084,0.3317919057456921,-0.9433526017781696
80,1150,0.9414182939362795,proton,2278.7200000000003,558.9547455787659,247.20000000000002,9.21812297734628,-90.0,14.714285714285714,0.6886847195357834,0.5486977962706118,9.21812297734628,139.3024152106886,19.723636946386538,0.09165317891385732,0.9066503221203739,2.2611437927943605,-1.2246467991473532e-16,-1.0
80,1143,0.828132501200192,alpha,1257.92,205.28813734054566,71.46885375976562,17.60095389564179,-80.3802719116211,2.3529928201253516,0.7986590816741163,0.5794820535811861,17.60095389564179,195.16610657705232,47.05572496115587,0.3750897338526349,0.8673283344721233,2.87241401730883,-0.32951690423618507,-0.944149675540166
81,1155,0.8878648233486943,alpha,370.56000000000006,130.16854152679443,54.547418212890626,6.793355435334416,-60.945396423339844,5.707317349643514,0.8160676532769556,0.7107913923085847,6.793355435334416,168.98310291858678,51.03257617671398,0.27482505533476864,0.9036293056040663,2.3863373518204947,-0.8490565941395809,-0.5283019022756732
81,1158,0.5158730158730159,electron_positron,200.64000000000001,332.69200391769414,143.19512939453125,1.4011649757108473,-76.77871704101562,10.332430278603725,0.15639810426540285,0.10110287606546704,1.4011649757108473,91.32142857142857,21.81050826952585,0.022779419749043645,0.8776050572201903,2.3233472068806265,-0.4453004944979464,-0.8953811867578436
81,1152,0.9446622089001614,alpha,2639.3600000000006,392.882074546814,157.81566162109377,16.724322370088657,-59.420772552490234,5.345705642887512,0.6866466866466866,0.5665046393298083,16.724322370088657,222.73760664053495,34.88706836256141,0.2148740976575292,0.862643711131165,2.4894999045791857,-0.8759571306626083,-0.48238895638408863
81,1151,0.7908496732026143,alpha,398.72,248.79595813751223,88.00448608398438,4.530678124970741,-81.02737426757812,4.274747523261302,0.36422098801520025,0.22007406616669578,4.530678124970741,167.5424836601307,46.390638413299804,0.08094522663068447,0.7837710640381526,2.8270826773544413,-0.3081080788025175,-0.951351360842366
81,1160,0.8813270522201062,proton,5720.320000000001,1798.6502655029299,546.4,10.469106881405565,-90.0,10.841269841269842,0.29661832542395383,0.20772037463106277,10.469106881405565,164.25167886138118,46.504831059312245,0.0222196255604511,0.6233447276721523,3.2918196660009693,-1.2246467991473532e-16,-1.0
82,1172,0.8146341463414634,electron_positron,326.72,178.52346239089968,67.53563232421875,4.83774251837183,77.73522758483887,4.610208712785401,0.4523704031900753,0.3302405254953419,4.83774251837183,112.52845528455285,28.9898006183257,0.12882346668474856,0.8217230905610504,2.6433966225985848,0.4151624131863267,-0.9097473114427466
82,1171,0.7253333333333334,electron_positron,194.88000000000002,128.09991235733034,29.536248779296876,6.597994263123863,-13.392498016357422,1.5813491591803923,0.44452554744525546,0.3532517875994256,6.597994263123863,109.00533333333333,20.133818272305493,0.14923801701096853,0.6392912693520073,4.337040675494331,-0.4506437850071739,0.8927038585300323
82,1162,0.9878366637706343,alpha,2082.8800000000006,350.7939372062683,92.80000000000001,22.444827586206898,-90.0,1.7846153846153847,0.6677952190417564,0.431631299734748,22.444827586206898,208.8036490008688,39.89184216777348,0.2127012079183467,0.7035548284880551,3.7801070819640983,-1.2246467991473532e-16,-1.0
82,1173,0.99359316604378,proton,10378.240000000002,2178.8574728012086,832.7511718750001,12.462594290480116,-24.542200088500977,14.834581925762915,0.2748614336322186,0.22200794457413672,12.462594290480116,113.69361506660542,25.973754387316337,0.027471092356479553,0.7839163305633393,2.6164568077344783,-0.7556751760028313,0.6549465843663054
82,1169,0.6,electron_positron,69.12,143.564674949646,66.4,1.0409638554216867,-90.0,9.222222222222221,0.27341772151898736,0.14457831325301204,1.0409638554216867,105.57435897435897,17.904257020632855,0.04214231699302841,0.9542011880357022,2.162118598639247,-1.2246467991473532e-16,-1.0
82,1167,0.7943722943722944,electron_positron,558.08,265.41159973144534,64.10413208007813,8.705835051363819,60.592811584472656,1.3198539552875672,0.29330642448705013,0.179246336449419,8.705835051363819,114.76251226692835,27.693622552796498,0.09955579015936884,0.6842993314780821,4.1403196817312224,0.8554942181421719,-0.5178123624686012
82,1163,1.0,electron_positron,33.92000000000001,52.75289993286133,20.628402709960938,1.6443347784567384,52.12501525878906,4.899999936570894,0.4472573839662447,0.3905896362130207,1.6443347784567384,106.76829268292683,14.751848813844765,0.15316975943864194,0.8603302419183446,2.5572944582562505,0.9692307785974426,-0.2461538092725672
82,1164,0.9514563106796117,electron_positron,48.96000000000001,45.10782079696656,19.479629516601562,2.513394823976181,18.43494415283203,3.5000001370810563,0.7116279069767442,0.4515939187117643,2.513394823976181,126.50485436893203,8.376891221222298,0.3023761828966543,0.92926776602276,2.3156405905216677,0.5999998695864777,0.8000000978101252
83,1183,0.7327510917030567,electron_positron,646.4000000000001,242.23514976501465,87.54258422851564,7.383835029506078,28.92642593383789,3.907072383038081,0.40611178126256536,0.32954450886880726,7.383835029506078,104.28471615720524,16.871028435317314,0.1384321256413815,0.8038945764940706,2.7670550498337967,0.8466843519636945,0.5320954878025359
83,1182,0.5231481481481481,electron_positron,353.9200000000001,170.28224983215333,54.634106445312504,6.478004730511441,41.53177261352539,2.940147302127022,0.47224594363791633,0.34861534983910103,6.478004730511441,79.72993827160494,11.255159255769442,0.15338264056271642,0.7356582545601177,3.1167755988212598,0.9926807032274415,0.12076846210775491
83,1179,0.995850622406639,electron_positron,122.56000000000002,90.52346239089967,38.61172790527344,3.1741651215578273,-40.815086364746094,5.437984622316005,0.5838414634146342,0.44704192368883416,3.1741651215578273,80.98755186721992,13.471186810731766,0.18794739161905494,0.8934378160666929,2.3444550995744566,-0.9893491250772247,0.14556204419054403
83,1177,0.9470782800441014,electron_positron,487.0400000000001,262.48611640930176,65.09421997070312,7.482077521156279,80.83765316009521,1.6028859060301817,0.24727863525588953,0.1842393473934287,7.482077521156279,97.69018743109152,19.09362826199949,0.08883044138633549,0.6784618343076574,4.0324028235907665,0.3144016158980054,-0.9492900631107033
83,1176,0.6024844720496895,electron_positron,81.28000000000002,56.11370830535889,20.8,3.907692307692308,0.0,2.888888888888889,0.7055555555555556,0.5427350427350427,3.907692307692308,97.70186335403726,8.797123132587096,0.32438115697659275,0.9143549886578041,2.697774437757639,0.0,1.0
83,1174,0.9147727272727273,electron_positron,90.24000000000001,60.364674949646,24.0,3.7600000000000002,-90.0,3.3333333333333335,0.6945812807881774,0.5222222222222223,3.7600000000000002,105.98863636363636,20.936589501604086,0.311202600819617,0.8930406857806642,2.515194789568583,-1.2246467991473532e-16,-1.0
83,1184,0.9481826112241931,proton,10416.320000000002,1683.99692735672,592.18359375,17.58968014300886,68.39555740356445,11.600314496088885,0.41863545752684717,0.3445651377343861,17.58968014300886,102.60552486187845,23.05972027885929,0.04615742662002549,0.7287341197190886,2.8437075007310093,0.6846601431413623,-0.7288624619183302
84,1189,0.9945945945945946,alpha,1347.2,200.95676651000977,72.18146362304688,18.66407152722034,81.86989784240723,2.738197579912741,0.8363130711164084,0.7080199392193453,18.66407152722034,220.67612612612612,37.66388892742291,0.41921486114056106,0.8620897683704595,2.7840494833890586,0.2799999934131037,-0.9600000019211781
84,1188,0.9895192147729163,alpha,3726.4,337.4449038505554,122.62971191406251,30.387415430050254,13.495735168457031,2.793054526743036,0.8491941952891416,0.6921137373494081,30.387415430050254,237.17052071202795,27.727385167914825,0.4112383308357413,0.8435136823137396,2.751738535331739,0.4538578499398995,0.8910741002003882
84,1187,0.9928358208955224,alpha,1025.6000000000001,129.97442903518677,38.400000000000006,26.708333333333332,-90.0,1.0909090909090908,0.9547214775096813,0.7587594696969697,26.708333333333332,211.18567164179106,43.07636576169648,0.7629077726669695,0.9163947148185723,3.3847507561246553,-1.2246467991473532e-16,-1.0
84,1198,0.9925895984909728,proton,4364.160000000001,1126.2344486236573,445.45590820312503,9.797063906064462,48.61954116821289,15.022138170704899,0.39777168523595635,0.33038701463808245,9.797063906064462,162.74966316356776,30.757723810297758,0.04323673730295793,0.8030818368443031,2.5282736807031005,0.9920289787798017,-0.12600994112015057
84,1191,0.7715355805243446,electron_positron,127.68000000000002,120.64894571304322,37.882546997070314,3.370417517329927,-46.1233024597168,2.5761687816778243,0.31894484412470026,0.22920223368394224,3.370417517329927,162.87640449438203,14.86101923457177,0.11022641321773605,0.7396431378333251,3.184816103372715,-0.9992313608399833,-0.039200606039639804
84,1186,0.9399075500770416,alpha,1961.92,328.34683713912966,132.89580078125002,14.76284418669761,-28.09484100341797,6.045135744282238,0.7855221012171685,0.6715290968987947,14.76284418669761,212.4191063174114,38.71011945672449,0.22867857855891457,0.8602611121648586,2.470708895306611,-0.8308842764433798,0.556445252616249
84,1185,1.0,alpha,1695.3600000000004,270.71353302001955,113.56142578125001,14.92901298426564,-51.17992401123047,5.333445701467393,0.840952380952381,0.7011454777034769,14.92901298426564,236.26001430615165,25.530550366230994,0.29070457243228215,0.8979203194641783,2.3838511286524966,-0.9768225216271568,-0.21405083798472452
85,1202,0.9828571428571429,alpha,1166.4,176.64894571304322,65.17510986328125,17.89640251388565,-68.42869567871094,2.5997240880975285,0.8423850242662353,0.7138570046638253,17.89640251388565,179.72051948051947,41.56325574713285,0.469715915137413,0.8923324726057685,2.7103743451081588,-0.6838165779785346,-0.7296539506380588
85,1201,0.9783683559950557,alpha,989.7600000000001,131.0253956794739,39.59797973632813,24.995214568786974,45.0,1.249999975916087,0.9361380145278451,0.7890305974457869,24.995214568786974,194.7620519159456,50.465101270306334,0.7244840065236444,0.917854892692173,3.3088909220100455,1.0,6.123233995736766e-17
85,1200,0.7416721817780719,alpha,2740.1600000000003,444.2095788002014,123.2553466796875,22.231571074324673,-78.46537780761719,2.5130463918792665,0.6615931391485745,0.45327826320857123,22.231571074324673,177.0657401279506,59.66819130024428,0.17450583282448417,0.6475052730338032,3.603978170250096,-0.3918433121117645,-0.9200319661583951
85,1218,0.9885714285714285,electron_positron,66.24000000000001,123.73523740768434,50.845034790039065,1.3027820764315208,24.842391967773438,5.765243070057757,0.21384297520661158,0.14772052706734926,1.3027820764315208,101.89142857142858,11.491347587979103,0.054368004850929574,0.8730688834480911,2.433575626777327,0.7624965345671845,0.6469922988514117
85,1211,0.948051948051948,electron_positron,78.4,52.44507913589478,21.738333129882815,3.606532273269227,86.98721241950989,3.51700670027874,0.7424242424242424,0.5834945160732186,3.606532273269227,113.45454545454547,19.2512745097028,0.35819245745986183,0.935869034923217,2.4125621234408556,0.1049723783395007,-0.9944751378419416
85,1212,0.9640718562874252,electron_positron,84.48000000000002,59.701933288574224,21.961795043945315,3.846680102011536,-11.768289566040039,3.3152712184971214,0.6423357664233577,0.5806805774958844,3.846680102011536,140.35928143712576,32.923286183738725,0.2978427132781871,0.8746224945758295,2.7184450619410345,-0.39933446288590674,0.9168053156213833
85,1209,1.0,electron_positron,29.760000000000005,36.83330411911011,15.839190673828126,1.8788838781500319,45.0,4.666665992317136,0.6888888888888889,0.5535714341872081,1.8788838781500319,124.34328358208955,9.5675949329064,0.27565218111530954,0.9226890710263285,2.325453672325038,1.0,6.123233995736766e-17
85,1208,0.6335260115606937,electron_positron,461.76000000000005,261.46845388412476,88.43281250000001,5.221591250419634,-46.59114074707031,4.252265673276113,0.3435714285714286,0.251078673247425,5.221591250419634,133.2335260115607,21.427518036061407,0.08487652213532063,0.7486339995409884,2.9566904692093194,-0.9984579790316065,-0.05551273825096323
85,1199,0.9981498612395929,alpha,642.2400000000001,131.347012424469,51.2,12.543750000000001,0.0,2.909090909090909,0.9089673913043478,0.7127130681818182,12.543750000000001,223.61517113783535,33.10007687280356,0.4678071087263312,0.9195597728479514,2.56537133641541,0.0,1.0
85,1225,0.9122582024153041,proton,5342.080000000001,1886.1240810394288,613.61904296875,8.705857585766058,-41.807220458984375,4.758193355164422,0.12273195118364946,0.06750793377465218,8.705857585766058,135.33098215239926,26.215122630126327,0.018870340277641423,0.6827352558230247,3.0737704487040896,-0.9937959823999551,0.11121845784629449
86,1230,0.9897655377744696,alpha,3222.7200000000003,603.2918286323547,142.215234375,22.660863403017544,-15.5241117477417,2.248476523847673,0.5197667217175888,0.3582768020298728,22.660863403017544,191.94380349832528,33.72564119418867,0.11126986274128524,0.5711264680364424,4.242104098647869,-0.515759334779678,0.8567335108349761
86,1229,0.8178733031674208,alpha,1619.5200000000002,215.66458730697633,71.91025390625,22.521405669230177,57.9946174621582,1.9766896513077992,0.8234624145785877,0.6190748481754821,22.521405669230177,196.19909502262445,41.9708334311998,0.4375608953542364,0.8145277719152897,2.99907976389765,0.8988763942422683,-0.43820226822098746
86,1228,0.5448954489544895,alpha,446.08000000000004,206.53321647644043,81.48395996093751,5.474451661576656,57.58769607543945,5.41767654617303,0.43224806201550386,0.36398339482150743,5.474451661576656,198.64452644526446,48.62055644889915,0.13141435227696163,0.8409582873423018,2.534648740383385,0.9050098360999211,-0.4253906399562569
86,1226,0.9531864673485445,alpha,3107.2000000000003,426.4349744796753,166.0467529296875,18.712801937871944,51.203453063964844,4.69965343098488,0.6398682042833608,0.5296320601216462,18.712801937871944,225.9101101494886,33.44979304374278,0.2147204650598351,0.845374274099737,2.5681620805933445,0.9766463881873881,-0.21485304847855785
86,1238,0.9775476459838134,v_track,7085.760000000001,746.1466618537903,187.78801269531252,37.73275992593148,-59.59446716308594,2.015520335425814,0.5757859427412435,0.4049840234789039,37.73275992593148,236.13340875467756,26.457954659293065,0.15993661558018543,0.6450128573044699,3.973345535449161,-0.8730162825166119,-0.48769106046848476
87,1242,0.9831053901850362,alpha,695.6800000000001,279.14885807037354,82.44828491210939,8.437774063361067,-43.40885925292969,2.5394291442069643,0.3843026339048966,0.25988568945459845,8.437774063361067,162.80611423974256,27.05915978636715,0.11218832679602551,0.6733139164698753,3.385744874716906,-0.9984579790316065,0.05551273825096335
87,1241,0.8772169167803547,alpha,431.0400000000001,101.88427076339723,37.6,11.463829787234044,-90.0,1.9583333333333333,0.8956117021276596,0.5970744680851063,11.463829787234044,209.65893587994543,41.38256505187699,0.5218109103845989,0.9257175750440468,2.709688052218011,-1.2246467991473532e-16,-1.0
87,1239,0.9338006230529595,alpha,4724.8,582.0565035820008,172.57493896484377,27.378251027297285,51.126930236816406,2.8998289722417314,0.5977006841274339,0.46004504486272524,27.378251027297285,215.73091900311525,36.07878550674088,0.17525200743076985,0.6735207591106113,3.3727753697805154,0.9772168081424639,-0.21224351552840157
87,1245,0.9805796010538201,v_track,8225.6,769.5976284980775,186.6896484375,44.06028973134934,-55.76575469970703,1.9182480213729352,0.6454812545513899,0.45272228163509703,44.06028973134934,230.8733910425292,30.648685006714953,0.1745219307691655,0.6331418665108208,4.122336910156663,-0.93021587259778,-0.36701284768676795
88,1257,0.8821292775665399,electron_positron,134.72,95.32346239089966,38.28148193359375,3.519195004877203,26.565052032470703,4.1153849308403645,0.540436456996149,0.37832501147378433,3.519195004877203,130.2889733840304,26.412207543313727,0.1863126405045729,0.8830749425853539,2.490067196360258,0.8000000179153027,0.599999976112929
88,1247,0.9204431017119838,alpha,3581.4400000000005,656.4662576675415,158.68839111328126,22.569010718895967,52.00126647949219,3.5531539726348647,0.5797161504195587,0.5053373440344404,22.569010718895967,183.84306814367238,37.878133300476705,0.10443419591337723,0.5581456026378337,4.136825971087681,0.9702850303299775,-0.24196479065672885
88,1259,0.9914295811980915,v_track,6969.6,769.3564159393311,175.66549072265627,39.67540790925024,-63.4349479675293,1.8320894923830338,0.5961570044342257,0.4137915628022272,39.67540790925024,201.61256405725393,35.652197326138634,0.14796621274763258,0.6009820462645235,4.379667359675125,-0.8000000179153028,-0.5999999761129288
89,1263,0.9923780487804879,alpha,3253.1200000000003,292.22337474823,115.8194580078125,28.087853767892472,-12.724355697631836,3.1643737183616576,0.8923022908803652,0.7674053030217861,28.087853767892472,229.58650914634148,32.15352583286417,0.4787183157499262,0.9081218017543354,2.5230939582580185,-0.42970297068186736,0.9029702968465675
89,1262,0.9995975855130784,alpha,1520.0,200.9096664428711,57.47731323242188,26.44521663449287,-34.99201965332031,1.6121324350757347,0.9047619047619048,0.7417394636501855,26.44521663449287,183.5496981891348,36.61238101477264,0.47320768245173667,0.7599988733798579,3.495460298056203,-0.9395973089217927,0.34228189707743106
89,1264,1.0,electron_positron,38.080000000000005,49.24507913589478,21.85757293701172,1.7421879414396753,85.23635816574097,6.326922930403238,0.68,0.5042961022036362,1.7421879414396753,156.1573033707865,11.889849203270337,0.19732455149512812,0.9386862377635014,2.25299850435395,0.16551724632044526,-0.9862068957224427
89,1261,1.0,alpha,612.8000000000001,108.39797906875611,33.6979736328125,18.185069721916527,-43.53120422363281,1.3449073510196405,0.8990610328638498,0.7257775857476382,18.185069721916527,179.60647693817467,22.5702522756018,0.655369535752393,0.9007992646238607,3.216750664295329,-0.9986859483868515,0.05124818528157708
89,1274,0.9953018722389734,proton,8562.560000000001,1557.3913904190065,668.450732421875,12.80956035305227,-71.36541748046875,23.832181734719335,0.5392800999637228,0.4566974878907425,12.80956035305227,190.16057779959328,36.215116932022205,0.044362698208561785,0.8742696021454128,2.329852171417923,-0.6055602113001259,-0.7957994913859563
90,1282,1.0,electron_positron,78.08000000000001,61.576449966430665,24.988645935058596,3.1246190851203846,-80.53768157958984,3.725489946286393,0.6321243523316062,0.4658410470836616,3.1246190851203846,139.39622641509436,20.625446476714785,0.25877384234208306,0.9205198925536441,2.464177135746282,-0.3243241992582341,-0.9459459888257391
90,1280,0.6434108527131783,electron_positron,209.60000000000002,330.15474557876587,90.4,2.3185840707964602,0.0,2.825,0.11075414271220832,0.07245575221238938,2.3185840707964602,119.75387596899225,29.3698595122204,0.02416384571410454,0.6213232983337869,3.6521542652518346,0.0,1.0
90,1275,0.9871054657428792,alpha,3208.32,322.3488580703736,113.54669189453125,28.255512745189208,-10.124671936035156,2.912698305213715,0.8628227194492255,0.7248100557812986,28.255512745189208,202.63356428021552,40.306624771368384,0.38800316705982524,0.8247408092335026,2.8389101671917474,-0.3461063132697567,0.9381952994525271
90,1286,1.0,proton,6716.8,930.3602825164795,337.25766601562503,19.915929797393588,-72.89727020263672,9.818494229604335,0.7079258010118044,0.5798072556899403,19.915929797393588,160.66914768085684,45.21692698439808,0.09751467038896748,0.7499239924793805,2.758603810278923,-0.5621621860744124,-0.8270270107729479
90,1285,0.9985590778097982,proton,1205.1200000000001,357.22724132537843,123.45531005859375,9.761589027057905,-71.56504821777344,5.304347723470516,0.5270081164287713,0.4194138146715142,9.761589027057905,153.2732949087416,22.645341177377475,0.11867275330605616,0.7501373184956791,2.8935753444370516,-0.6000000826393694,-0.7999999380204662
91,1303,0.96875,electron_positron,112.0,82.10193328857423,33.132885742187504,3.380327354263394,85.60129451751709,4.576271300747075,0.5663430420711975,0.4668864396181794,3.380327354263394,141.2455357142857,18.780153793266216,0.20879549266843278,0.9205752465653525,2.477959026189962,0.15294118086838251,-0.988235293437036
91,1292,0.9393822393822394,alpha,3180.1600000000003,359.1959581375122,153.0443115234375,20.779341409974485,10.265144348144531,6.0710596222629825,0.900262704955159,0.8242882035638025,20.779341409974485,222.7934362934363,37.589833138408046,0.30973904324871987,0.9385089361550102,2.3470062661068214,0.35070249232467227,0.9364869256307122
91,1298,0.9879518072289156,electron_positron,73.28000000000002,93.06072072982789,37.36822204589844,1.9610245280064982,45.97101974487305,5.715542865571432,0.35837245696400627,0.29994254841697393,1.9610245280064982,117.78915662650603,18.57216800995308,0.10633163731473447,0.8667738242874912,2.490370577854193,0.9994256200473643,-0.03388849351832143
91,1291,0.9877350776778414,alpha,1503.3600000000001,168.8430582046509,60.295568847656256,24.93317550081356,-14.470293045043945,1.8518803318184103,0.9498584714921149,0.7657819339327465,24.93317550081356,228.1500408830744,31.75247902707199,0.6626839239673169,0.9486247955352014,2.8002564936612915,-0.48390240679608726,0.8751219690402898
91,1304,0.9808079838787065,proton,8066.880000000001,1686.4043099403382,726.2184570312501,11.108062487115875,-39.78073501586914,23.473616760021653,0.42785132382892055,0.3590467843999052,11.108062487115875,164.07542687453602,38.266307271309664,0.035644461147662315,0.8756708784848728,2.322172197102077,-0.9834498538486989,0.18118053141817625
91,1289,1.0,alpha,2820.4800000000005,310.32530803680424,101.61064453125,27.75772177227526,-62.47477722167969,2.323280810524555,0.8011998909190073,0.6346675846305984,27.75772177227526,234.96310043668123,26.438883813180333,0.368042945875677,0.7778953876763948,3.054062981968043,-0.8196567269736156,-0.5728549990415549
91,1287,0.5047254150702427,alpha,2348.8,434.14094963073734,164.36107177734377,14.290488462997288,-9.211027145385742,5.658340188541874,0.5728109879818948,0.49196834937661743,14.290488462997288,206.56475095785441,39.48278101058811,0.1566009522244128,0.824460602885461,2.641385487062644,-0.31601425489742907,0.9487544417295883
92,1311,0.9352941176470588,electron_positron,70.72000000000001,106.52346239089967,37.23674011230469,1.8991995482609647,77.00538349151611,4.373239472587048,0.31616595135908443,0.22304998788091493,1.8991995482609647,131.04117647058823,19.82937686492476,0.07831799628726714,0.761564575447462,2.860708592364119,0.4382022382978292,-0.8988764088298082
92,1313,0.9273743016759777,electron_positron,82.24000000000001,88.147012424469,35.671704101562504,2.3054687762000614,5.9061431884765625,4.377104361974412,0.44773519163763065,0.2828930574207998,2.3054687762000614,142.39664804469274,25.46668740797171,0.13300800242521799,0.8544349355402557,2.4710625590945052,0.2047059532402251,0.9788235145867772
92,1306,0.9866969500324465,alpha,1875.8400000000001,272.4743413925171,88.78865966796876,21.127022381178314,-73.1416015625,2.3948684731812846,0.7638780297107115,0.5698525016830772,21.127022381178314,201.30207657365347,40.079276432114476,0.31750782533355876,0.7571924796276421,3.068796650512053,-0.5550882999153169,-0.8317914277612647
92,1305,0.9810046433094133,alpha,1382.4,385.1565912246704,110.5511962890625,12.50461366682442,63.4349479675293,3.05940592888747,0.5108194395175594,0.3460540498421986,12.50461366682442,183.68847615027437,46.86241727176866,0.1171032424618525,0.6332965011293655,3.48396583803206,0.8000000179153028,-0.5999999761129288
92,1314,0.9687215305192833,proton,9781.44,2125.7301438331606,856.13017578125,11.42517840943298,-71.27875518798828,14.434013092328028,0.29770925453376706,0.1926239483305815,11.42517840943298,175.4341937443061,39.05720764611275,0.02720172195655546,0.8286456528268701,2.482952013568911,-0.6079647976997409,-0.7939639820280976
93,1319,0.7899702085402185,alpha,1182.4,285.676362323761,102.4,11.546875,0.0,3.5555555555555554,0.5156293608707787,0.4009331597222222,11.546875,217.00893743793446,49.41487740348496,0.1820646668852958,0.8362497206937684,2.7898082258179784,0.0,1.0
93,1333,0.9050093258726353,proton,6522.240000000001,1470.167840385437,528.500048828125,12.341039540984255,-65.12812805175781,9.38090486711618,0.2707923686028591,0.21905412904312213,12.341039540984255,139.9448075526507,32.57123699791633,0.03792039065342913,0.7508107562047341,2.7817742754145978,-0.7631619152109792,-0.6462073128427983
93,1318,0.8698067632850242,alpha,2499.5200000000004,415.0213538169861,154.55999755859375,16.17184290555149,-16.260204315185547,4.124679682298591,0.5689831002331003,0.43157138270894096,16.17184290555149,198.1876811594203,48.53138625787335,0.18235832507720498,0.8233411214130272,2.6851796090359756,-0.5375999884290189,0.8432000073773237
93,1317,0.9497784342688331,alpha,1632.3200000000002,281.88022890090946,98.55994873046876,16.561696926851038,50.710594177246094,3.360844645198941,0.7459783562445159,0.5647455294871514,16.561696926851038,202.75443131462336,49.210583942318216,0.2581582062907988,0.7726745077769795,2.8599875764116462,0.9801980126150492,-0.1980198375555027
93,1328,0.9816849816849816,electron_positron,127.36000000000001,133.36854152679444,53.48045654296875,2.3814306801527194,68.00886917114258,6.037036647888998,0.3983983983983984,0.26882314063527474,2.3814306801527194,121.86813186813187,20.67906275528036,0.08997795338939339,0.8361445843508301,2.4937809089127687,0.694435634981529,-0.7195548268671405
93,1316,0.9877017678708686,alpha,1576.3200000000002,248.63514976501466,56.9322509765625,27.68764580639767,-34.592288970947266,1.1468434381623123,0.7413092550790068,0.5577400219833474,27.68764580639767,162.7847809377402,42.06819560209853,0.320427070582242,0.692565946196926,4.367210948103407,-0.9347300599219811,0.35535857254082065
93,1315,0.990791896869245,alpha,1654.4,234.89789142608643,60.20975952148438,27.47727300604262,18.434951782226562,1.487499918008395,0.8671586715867159,0.678834156927638,27.47727300604262,172.35837937384898,43.21406009204376,0.3767837366319236,0.6884910980304905,3.9013258530333257,0.6000000826393695,0.7999999380204662
93,1325,1.0,electron_positron,213.76,344.49384956359864,140.23406982421875,1.5243086096548784,-50.12818908691406,8.901422037808656,0.11969181150331482,0.09675618961505808,1.5243086096548784,121.51544401544402,22.78586639626268,0.02263462791252609,0.8512572764061068,2.4565631589771044,-0.9840208828498817,-0.17805308791295768
93,1331,0.9779710144927536,proton,2034.2400000000002,480.1860287666321,173.11375732421877,11.750885842019722,-73.20162963867188,8.133062058813598,0.642056357943642,0.5520686817523662,11.750885842019722,138.85014492753623,23.072271612702107,0.1108646305201178,0.7600843054591225,2.7738178420292057,-0.5533441675225405,-0.8329527191076254
93,1323,0.9152016546018614,electron_positron,715.8400000000001,454.42522039413456,105.40042724609376,6.79162332358126,-73.10134887695312,2.060617486974225,0.211117402793507,0.13277875764998112,6.79162332358126,147.16119620714807,27.929412113491868,0.04356131419013688,0.5607475479948678,4.311417251973008,-0.5562564882391455,-0.8310106613587177
93,1322,0.9187725631768953,electron_positron,283.2,198.33910398483278,75.71312866210938,3.7404345191420867,74.05460357666016,5.029196068216325,0.3274139844617092,0.2484559667457535,3.7404345191420867,147.12635379061373,14.591251225886099,0.09046621475840207,0.8115880452057882,2.619613103956851,0.5283019022756734,-0.8490565941395808
93,1321,1.0,electron_positron,65.28000000000002,60.91370830535889,26.692276000976562,2.445651318666556,82.87498378753662,5.72340473390931,0.6732673267326733,0.5244008541735296,2.445651318666556,134.55395683453239,10.93484474819839,0.22108533256224752,0.9393386740290163,2.2820724730678754,0.24615384153778863,-0.9692307704031012
94,1344,1.0,electron_positron,155.84000000000003,175.55087900161743,71.35416259765626,2.1840351610421513,79.42647647857666,4.846865901307636,0.21109666233203295,0.148354702289784,2.1840351610421513,136.09941520467837,15.829004014121223,0.06354520525375858,0.859569215652598,2.4602752328759543,0.36076275888906334,-0.9326576176704673
94,1335,0.9857071836937609,alpha,4994.880000000001,443.4526370048523,169.12994384765625,29.532795236419737,-35.67641067504883,3.7234042195826587,0.7759109211114977,0.6501659723744992,29.532795236419737,190.84166045239868,39.66076049284168,0.3191835049374267,0.852137410781516,2.6219640763571244,-0.9475054503735586,0.3197396151752234
94,1346,0.8996681415929203,proton,5237.760000000001,1636.4103727340698,685.213134765625,7.643986570385227,37.963809967041016,28.29230060493159,0.35753604193971167,0.3156185351633284,7.643986570385227,174.64845132743363,39.30388299952755,0.024579384948301364,0.8467802270646972,2.3881771812412773,0.9699893393479866,0.24314744816932918
94,1339,0.7546174142480211,electron_positron,138.88000000000002,284.1096664428711,92.8388671875,1.4959251896031223,-72.05755615234375,5.286009167716245,0.1290898274836407,0.08517417872505496,1.4959251896031223,114.52242744063324,28.62156683410138,0.02162108834596921,0.6851954175124261,3.0602448634910115,-0.5861586801842851,-0.8101962735316777
94,1334,0.9519748653500898,alpha,1353.2800000000002,203.5273289680481,55.31488647460938,24.465023545174994,-81.7028579711914,1.3859502419695842,0.7788213627992634,0.61298698168333,24.465023545174994,154.69165170556553,31.29880866778029,0.4105367702321639,0.7797370651244802,3.6794313780517505,-0.28559276179297455,-0.9583510705432855
95,1357,0.9764388489208633,proton,3715.2000000000003,1748.7985977172852,714.23779296875,5.201628976475277,36.75031280517578,28.049184284787355,0.285356142161923,0.20427573446625008,5.201628976475277,130.75289747399702,38.02830741316452,0.015265550467851441,0.8216551728031369,2.448482305099473,0.9588228359633575,0.28400487537221003
95,1347,0.9695789000449573,alpha,4130.88,394.0605454444885,138.673779296875,29.788472059714675,-35.45547866821289,2.927261325024938,0.7824110552154676,0.6288041087083414,29.788472059714675,151.22628502922223,41.77396360901199,0.33429242437240164,0.8036775137023304,2.841637023541974,-0.9450114725510317,0.3270371794566036
95,1350,0.6478555304740407,electron_positron,204.16000000000003,231.26256637573243,93.28328857421876,2.188602086402268,-36.6213264465332,9.43070007373744,0.24481964696853414,0.22126203067116346,2.188602086402268,122.32054176072234,28.446158522640822,0.0479700133641158,0.8349346809704581,2.4791425121310295,-0.9575343971769588,0.28831905629520593
95,1348,0.9361702127659575,electron_positron,90.88000000000001,163.76854152679445,68.68916015625,1.323061743559997,74.55368423461914,9.616475965500756,0.21745788667687596,0.1852285197384315,1.323061743559997,119.33617021276596,27.109270028957653,0.042581133658729446,0.8731089214396446,2.384197756301919,0.5134308971905294,-0.8581309421120579
96,1369,0.9801582750315403,proton,5338.240000000001,698.634799194336,287.5770751953125,18.56281484320143,55.02790832519531,9.469410379493883,0.677744373120988,0.6112410435687605,18.56281484320143,135.58102993462555,30.507697971969893,0.13743822284959892,0.8554481723379832,2.4293827966636323,0.9393589842749429,-0.3429354147094574
96,1363,1.0,electron_positron,66.56,57.164674949646,21.89120788574219,3.040490061005302,-53.74616241455078,2.8121547010059005,0.5606469002695418,0.39058276103561335,3.040490061005302,111.7007299270073,20.011808544432725,0.2559574062663346,0.8571707028609835,2.6113074823467155,-0.9537572238387653,-0.30057803974237934
96,1368,0.944,proton,8676.480000000001,1792.5281229019165,672.5801757812501,12.900291017233222,50.32933044433594,16.804559252462667,0.41211071086589757,0.32231652460065113,12.900291017233222,133.06286579907731,40.04402280679123,0.033932939126677504,0.7604823604012728,2.6651515870502234,0.9827464999057549,-0.18495760844849868
97,1375,1.0,proton,2842.2400000000002,756.121090888977,279.4843017578125,10.169587279585194,-63.24740219116211,6.43658578069279,0.2996322909287184,0.2342078623650732,10.169587279585194,169.0687667284332,40.62263764066337,0.06247235917012942,0.7728525989105569,2.7054152456269076,-0.8039107962201796,-0.59474989005517
97,1371,0.9292161520190024,alpha,1266.88,233.33119554519655,83.27518920898439,15.213174680644485,-39.80556869506836,3.763888518191385,0.7873906125696102,0.6876080865096365,15.213174680644485,212.22660332541568,42.76981925998145,0.29241505700672304,0.8237523003330837,2.801929335274605,-0.9836065422875784,0.18032795115864375
97,1370,0.950746558076401,alpha,3161.2800000000007,401.07618703842166,157.45095214843752,20.07787159660801,52.25319290161133,4.762963278208657,0.7576501265434465,0.6073647940158333,20.07787159660801,184.35485747527633,41.998390069563165,0.24695571030848987,0.8514402872867376,2.547308743235198,0.9681197286894723,-0.25048790574042235
98,1383,0.9757412398921833,electron_positron,338.88000000000005,308.64490385055547,108.12000732421876,3.1342950152029014,-27.606678009033203,4.464017478693433,0.18853480505607975,0.1294075729137817,3.1342950152029014,105.38857142857142,28.142959245645105,0.044703093862347054,0.7672636986768375,2.8546511555906946,-0.8212822238591162,0.5705221369701833
98,1378,0.9504854368932039,alpha,1893.7600000000002,233.84692478179932,74.35457763671876,25.469312854583396,-48.8140754699707,1.8854960367024844,0.8490674318507891,0.6458551708743436,25.469312854583396,209.3242718446602,37.12865361103434,0.4351825543942929,0.77884098095647,3.1450239139858684,-0.9911504395323762,-0.13274338482492187
98,1384,0.5362156092083099,v_track,6545.280000000001,816.305449295044,196.24366455078126,33.35282193686463,43.693809509277344,1.3183427091534732,0.3266994633273703,0.22406047976535537,33.35282193686463,229.48820887142057,33.49990853457073,0.12343340304859039,0.6951376886626539,4.1596524971322655,0.9989607440298306,0.04557885351089176
98,1376,0.9394313967861557,alpha,2464.32,335.11555395126345,125.7646240234375,19.594699376994512,-79.8244857788086,3.5860676914508978,0.731547449415788,0.5587256265834972,19.594699376994512,230.40889987639062,31.667359789625625,0.27575144359279635,0.8665805023922382,2.6646249416593593,-0.34777081119597025,-0.9375795768254004
99,1393,0.8237704918032787,electron_positron,804.48,368.0390163421631,122.14635009765625,6.586197617504057,-24.663816452026367,3.424500618635945,0.2762030323005933,0.1846509355176713,6.586197617504057,114.11543715846994,18.604994686048915,0.07463411598294421,0.7186117473986748,3.013098762655742,-0.758448745396295,0.6517326910680374
99,1387,0.9795275590551181,alpha,1540.8000000000002,236.5782956123352,59.750439453125004,25.78725803696854,-78.2317123413086,1.3473142621287209,0.7501168406293816,0.5814775732596571,25.78725803696854,168.66929133858267,36.69715497095612,0.34594442520582874,0.7272366867225939,3.9594402614885196,-0.39933440184589963,-0.9168053422086815
99,1396,0.9875660997570387,v_track,4325.760000000001,420.952724647522,162.03663330078126,26.69618537414492,-10.750967025756836,4.495446148114909,0.8751213827927753,0.7406427871578267,26.69618537414492,210.9725596684293,42.54038381219326,0.3067648777590229,0.8372899917910955,2.597886145080085,-0.36653263328787206,0.930405195995303
99,1395,0.9105571847507331,v_track,3693.4400000000005,669.7681909561157,223.51687011718752,16.524211340573842,-65.5049819946289,6.02578164150001,0.5742859986068265,0.44547549938441766,16.524211340573842,215.16243075920497,40.781604988009164,0.10346462225283415,0.6965691645449801,2.9964995063010833,-0.7545954772467158,-0.656190266400532
99,1386,0.9833865814696485,alpha,3867.2000000000003,383.84490385055545,139.77574462890627,27.667175090121077,-83.33334350585938,3.385404221337418,0.795379755166513,0.6701060444446175,27.667175090121077,223.75638977635782,29.125446134358146,0.32983363347250305,0.8504551858005729,2.746148159465248,-0.23061552522572715,-0.9730449524687244
100,1410,0.9988799701325368,v_track,3261.4400000000005,478.29771614074707,156.7978271484375,20.80028823940562,-13.392497062683105,4.2267730527084755,0.7250480187806787,0.5607099244791085,20.80028823940562,202.29998133283556,44.22177324206272,0.17915240517245895,0.7059981232764269,3.050410358607532,-0.45064375528949635,0.8927038735317443
100,1409,1.0,v_track,1958.7200000000003,327.1821621894837,108.39594726562501,18.070048275883817,-72.38742065429688,3.211187049071899,0.7203718959632811,0.535318030455772,18.070048275883817,201.99568300955903,38.852750394890336,0.2299338893969831,0.743423745861758,3.0183984774607997,-0.5767910705467265,-0.8168917069829764
100,1406,1.0,electron_positron,112.0,92.09015827178956,39.06829528808594,2.866774687099156,11.0035400390625,5.614420429424102,0.5271084337349398,0.41197800546761304,2.866774687099156,97.6593886462882,13.319295572992731,0.16595924405222628,0.897120583510401,2.3571583452189397,0.37472116328992133,0.9271375570985397
100,1405,0.9907407407407407,electron_positron,91.84000000000002,127.32346239089966,54.89522705078125,1.6730051943321542,71.84729385375977,8.845381829983484,0.3551980198019802,0.26957479807350604,1.6730051943321542,141.4351851851852,21.597656400701013,0.07119096153567663,0.894394422974377,2.319390395691744,0.5920893060162106,-0.8058723557122692
100,1404,0.9591078066914498,electron_positron,101.76,185.66660823822022,81.91683349609376,1.2422355168898527,-81.7028579711914,9.855158674248873,0.2077073807968648,0.14944947951779472,1.2422355168898527,92.71003717472118,16.631964443882183,0.037095339894670086,0.9133842848019823,2.2665256982507,-0.28559276179297455,-0.9583510705432855
100,1399,0.6764705882352942,electron_positron,43.2,61.88427076339722,24.895849609375002,1.7352289910898333,40.10091018676758,4.178378536534272,0.39244186046511625,0.29123101585621275,1.7352289910898333,180.49019607843138,21.74168540558144,0.14175326003570574,0.8843667692273021,2.485726405581014,0.9854133057992516,0.1701781911814515
101,1421,0.9273927392739274,electron_positron,121.60000000000001,191.129349899292,80.35357666015625,1.5133116042150743,9.066505432128906,7.298472637130689,0.1810385898046689,0.1374532882528516,1.5133116042150743,106.75247524752476,24.24615485445648,0.04183007793584983,0.8851595118801918,2.378604137406923,0.31122401603100913,0.950336578189817
101,1420,0.8801369863013698,electron_positron,330.88000000000005,364.56449966430665,154.31893310546877,2.144130945837094,-7.950772285461426,5.675403023964825,0.12303664921465969,0.07885492083763744,2.144130945837094,99.6615811373093,18.687867031821312,0.031284673673171656,0.8800016532034258,2.362409409707014,-0.2739851450690501,0.9617339238487387
101,1419,1.0,electron_positron,80.32000000000001,152.60184564590455,65.09867553710937,1.2338192649436277,54.462318420410156,11.864407307571122,0.2603734439834025,0.22486685301108064,1.2338192649436277,105.88942307692308,12.861028029471555,0.043342503343101337,0.8735209534702498,2.344162064540225,0.9459459888257391,-0.3243241992582339
101,1418,0.9211956521739131,electron_positron,191.04000000000002,123.18620405197144,48.95307312011719,3.9025129133617646,77.34744262695312,4.7204293631407195,0.4723101265822785,0.3763101144042049,3.9025129133617646,102.57880434782608,21.517164197267142,0.15820129271427857,0.8614157084194063,2.516414112546251,0.4274385683738249,-0.9040443961811472
101,1424,0.8658705915023605,proton,2082.8800000000006,608.8016703605653,221.568798828125,9.400601578454774,73.5450382232666,3.884612915183169,0.3006883170878182,0.16481426308802688,9.400601578454774,129.3948903082477,30.497260273567914,0.07061914305698676,0.7841934233319885,2.747686829465659,0.5433198628564218,-0.839525774842964
101,1423,1.0,proton,1339.2,257.3782956123352,99.13602294921876,13.508712173031084,70.55996513366699,4.693276968553422,0.7788944723618091,0.6395266405732253,13.508712173031084,128.44280607685434,25.66615756123076,0.2540454748240087,0.8372812313072385,2.5962136462159084,0.6276923087291593,-0.7784615376255
101,1412,0.9223758642363293,alpha,1925.1200000000001,315.2390163421631,114.58930664062501,16.800171468333968,76.2392168045044,3.2549550162602015,0.6635050181978603,0.4772155796909087,16.800171468333968,210.96794468887492,44.47655873937139,0.24343764753735755,0.8070473534851907,2.751033456645442,0.4620824554130653,-0.886836966076309
101,1411,0.9201846965699209,alpha,871.3600000000001,273.76652059555056,112.0538330078125,7.776262325084836,79.69515323638916,5.344709279594244,0.5590227879285568,0.3709097698294917,7.776262325084836,158.27176781002638,31.94210659802672,0.14609885452871946,0.8615552036269795,2.4431696198778248,0.3520000096333356,-0.9359999963772071
101,1422,0.9916259595254711,proton,5239.040000000001,741.7681909561157,290.4275634765625,18.03905916258803,68.1985912322998,8.24894579612123,0.6478059589285008,0.5123591558045112,18.03905916258803,136.88846243312398,25.87756353341331,0.11965343394779653,0.8175244189594014,2.55405575860907,0.6896551542483049,-0.7241379483349473
102,1432,0.9450171821305842,alpha,341.76000000000005,81.82741661071778,28.0,12.205714285714286,0.0,1.5909090909090908,0.9459698848538529,0.6935064935064935,12.205714285714286,223.88144329896906,37.69156840977,0.6414065855042564,0.951635033290473,2.9224077360970635,0.0,1.0
102,1431,0.9628751974723538,alpha,1860.1600000000003,339.04490385055544,113.23155517578125,16.427929450516494,44.548858642578125,3.468212667822248,0.5996492675881989,0.5031773425519268,16.427929450516494,148.765826873385,38.266706610072944,0.2033507242164551,0.7508043550864372,2.9942616554565586,0.9998760058946107,0.01574715327417991
102,1430,0.8480725623582767,alpha,1562.5600000000002,370.99780378341677,107.75860595703125,14.500558782498272,-52.30575942993164,3.2312333812934892,0.594472851229608,0.4348115787995643,14.500558782498272,186.94028722600152,45.85688970154498,0.14266054841997608,0.6419471998811259,3.4428600898136352,-0.9676584743902714,-0.25226390336449733
102,1429,0.9306930693069307,alpha,155.52,107.65483322143555,36.099176025390626,4.30813157315873,-58.67130661010742,2.8124998959784433,0.45083487940630795,0.3356480932652884,4.30813157315873,119.33993399339934,19.232122708896,0.16862775053686346,0.791858321055922,2.9821964120653535,-0.8882758704395858,-0.4593103286393594
102,1428,0.6946564885496184,alpha,24.64,167.93910398483277,72.2643798828125,0.3409701991487016,-66.9745101928711,7.995926329506051,0.06239870340356564,0.03772775186573586,0.3409701991487016,91.57251908396947,31.17153490463222,0.01097859853319659,0.881302760865703,2.3239541286754433,-0.7199575962193732,-0.6940180542651769
102,1439,0.944179523141655,proton,4228.160000000001,935.0798783302307,414.111474609375,10.210197638180297,14.743560791015625,24.09952238221748,0.6490323214461146,0.5941899744272856,10.210197638180297,142.01192145862552,31.10694124086613,0.060766448401884054,0.8972029462875768,2.2580390442266234,0.492227917123443,0.8704663563885263
102,1426,0.9835439318248604,alpha,2092.4800000000005,242.81748723983765,84.626025390625,24.726199657154268,21.250503540039062,2.3838972793045583,0.8585871848739496,0.6965318271554006,24.726199657154268,198.3540993241258,49.05982455772298,0.4459757644226611,0.83263464668545,2.869300385064963,0.6756031665341846,0.7372654619395803
102,1438,0.9978621058257616,proton,2202.8800000000006,547.3251327514648,242.44150390625,9.086233027377336,21.889556884765625,14.649179336351315,0.6409086677218137,0.5490225681878288,9.086233027377336,190.42089791555316,44.29924143252724,0.09240807468689839,0.9053064390507435,2.257555426496243,0.6918800221137282,0.7220124895040991
102,1435,0.7060367454068242,electron_positron,205.76,102.547012424469,39.66173095703125,5.187872415929512,-86.00908660888672,3.762324089171818,0.6285434995112414,0.4921231850205306,5.187872415929512,166.8241469816273,27.37909321009854,0.24588089808036323,0.8748040936160268,2.585540518530733,-0.13885899827691622,-0.990312162198128
102,1425,0.9384615384615385,alpha,1071.3600000000001,143.24305820465088,49.25439147949219,21.751563014357348,-30.963754653930664,1.6392693669714578,0.9165069805639201,0.7239287678141662,21.751563014357348,174.44102564102562,46.76184827023974,0.6561424299082677,0.9011154635461615,2.9082291731142855,-0.8823529103249141,0.4705882931407813
103,1449,1.0,electron_positron,34.88,51.62152910232544,22.20718231201172,1.5706630183845358,-49.08561706542969,6.638554175649814,0.5505050505050505,0.4695296950660662,1.5706630183845358,130.7710843373494,11.965135397866185,0.16448436049710044,0.8999286603647634,2.324542050271893,-0.9898477143198016,-0.1421319895585241
103,1451,1.0,electron_positron,43.52000000000001,56.227416610717775,23.714517211914064,1.8351628081273255,54.46232223510742,5.204082018755266,0.5037037037037037,0.4027211553969899,1.8351628081273255,147.45000000000002,21.866584095372453,0.1729826278690318,0.8847566933933213,2.371012494509877,0.9459459456393514,-0.3243243252185585
103,1446,0.568075117370892,electron_positron,238.4,90.29604578018188,29.6,8.054054054054054,0.0,2.176470588235294,0.7184185149469624,0.5922098569157392,8.054054054054054,122.7605633802817,49.01167767011665,0.3674334162015506,0.8640656283824807,3.050542087168307,0.0,1.0
103,1453,1.0,v_track,6470.080000000001,805.6211785316468,272.61181640625,23.733674076541845,-47.20758819580078,2.4822829521306806,0.3505617587904848,0.21610836730507554,23.733674076541845,216.02025172707485,39.01273795242725,0.12527308291704087,0.7788243337733182,2.9551953732302585,-0.997032396067483,-0.07698312277333089
103,1441,0.9934971098265896,alpha,825.6,172.658699798584,39.73605041503907,20.777102690798174,-41.1859245300293,1.039370105767312,0.7026143790849673,0.5434636607240667,20.777102690798174,212.24060693641619,27.455782605410388,0.3480187285331115,0.7398621231958888,4.3451399420722785,-0.9911504395323762,0.13274338482492198
104,1463,1.0,proton,8542.08,2122.16713924408,743.10634765625,11.495097608763047,-35.82310485839844,8.752739415469152,0.22492416582406471,0.1353959554271334,11.495097608763047,110.38364953432219,27.251263408518184,0.023834954524700764,0.7266786585682505,2.8558054253437257,-0.9491302776562518,0.31488365476182834
104,1460,0.9917355371900827,electron_positron,1416.96,1081.073815536499,272.19040527343753,5.205767626439837,82.73675537109375,2.5694040271419905,0.07117597891082106,0.0491410426106053,5.205767626439837,108.82899893124332,21.859527563756956,0.015235501613820547,0.592659452728751,3.971755780481946,0.25082757591041466,-0.9680317800376728
104,1455,0.9569832402234637,alpha,1084.4800000000002,160.8097540855408,56.800000000000004,19.092957746478874,0.0,2.0285714285714285,0.8902022589965852,0.6818913480885311,19.092957746478874,227.6921787709497,34.68579950688369,0.5269951708821705,0.9496145499721946,2.83115764235107,0.0,1.0
104,1458,0.5835065835065835,electron_positron,796.1600000000001,357.8899829864502,122.280517578125,6.510930896995375,19.230674743652344,2.8788252282953537,0.2705818379554106,0.15328551511881316,6.510930896995375,96.78724878724879,11.84444351827388,0.07811080835245023,0.7621535395694418,2.9267947999794353,0.6219865642417401,0.7830279138720123
104,1457,0.632295719844358,electron_positron,269.12000000000006,164.89991235733032,49.837683105468756,5.399929997357144,-18.970409393310547,2.5397590552566083,0.3656521739130435,0.27518376164309866,5.399929997357144,110.11867704280156,10.069965426815191,0.12436981505189312,0.7181929680384963,3.308739533664952,-0.6148472052005902,0.7886462541957727
104,1454,0.9700199866755497,alpha,5579.52,533.4270660400391,220.61577148437502,25.29066694760382,59.036245346069336,5.911765170086563,0.7740732519422864,0.6777053289668951,25.29066694760382,233.65067732622697,27.42439393956199,0.2464090229824136,0.8892241182390653,2.417900871052724,0.8823529103249141,-0.47058829314078143
105,1470,0.9844454463480613,alpha,2740.4800000000005,281.25079135894777,101.35829467773438,27.037550392035236,-47.38594055175781,2.5958983146439767,0.8147654837788983,0.69246164527474,27.037550392035236,220.1600541027953,34.268098959660215,0.4353604714807472,0.8614258764947093,2.7748177122866573,-0.9965338055953171,-0.08318878713934227
105,1469,0.9688204357625845,alpha,3256.32,429.0193328857422,178.18864746093752,18.274564886148823,63.853158950805664,7.005647041291954,0.795186371805892,0.7184809652568466,18.274564886148823,202.742486851991,42.17507593744745,0.22232239597334028,0.8822301596310399,2.4076692819602425,0.7911560961805947,-0.6116142832507115
105,1475,0.6878504672897197,electron_positron,220.16,345.0899829864502,131.51630859375,1.67401292169831,-23.150882720947266,6.17408978399629,0.11355009077405512,0.07858725802638965,1.67401292169831,124.66355140186917,40.97041191894589,0.023231838201427612,0.7982578160991386,2.6239330063043584,-0.7229884335698259,0.6908601341257501
105,1468,0.9908952959028832,alpha,797.1200000000001,123.347012424469,33.6,23.723809523809525,-90.0,1.024390243902439,0.9121201025265471,0.7232868757259001,23.723809523809525,170.3619119878604,31.887134608681826,0.6583795003260627,0.9358753643241067,3.67104203644253,-1.2246467991473532e-16,-1.0
105,1467,0.9905614320585843,alpha,3782.4,427.4193328857422,150.6889404296875,25.10071402197492,26.91655731201172,3.903070136020045,0.7561896231846971,0.6501462351025243,25.10071402197492,212.4947111472742,42.477777807979,0.26017705566747507,0.7963258645153504,2.836434655834474,0.8073015233384064,0.5901391788514709
105,1472,1.0,electron_positron,85.76,91.92934989929199,34.85213928222657,2.460681087767108,31.504268646240234,3.3991415197656867,0.32563791008505466,0.23999110024780707,2.460681087767108,159.7891891891892,15.752267683747133,0.12752233566700533,0.8421482752564425,2.6376960437023422,0.8910741606352087,0.453857731286202
105,1465,0.732250820521679,alpha,3539.5200000000004,452.09587049484253,174.69346923828127,20.261318384902577,-79.04593658447266,4.69366982657951,0.7370560405144266,0.5443817628936198,20.261318384902577,211.0297115218518,38.21765111026502,0.2176171680705789,0.8372329527600495,2.587938017752601,-0.3731193830801986,-0.9277833399936927
105,1464,0.9544264012572027,alpha,1152.3200000000002,189.5626540184021,50.400000000000006,22.863492063492064,0.0,1.2857142857142858,0.8023618538324421,0.583252348558471,22.863492063492064,221.06128863279204,29.99893336003198,0.40297434929419285,0.7814610039184845,3.761163770206391,0.0,1.0
106,1487,0.9584299732381802,alpha,3481.2800000000007,305.28409547805785,113.7027587890625,30.617374961484906,-45.0,2.679999919437698,0.8990166101975043,0.7216585006736572,30.617374961484906,220.3163247100803,40.22319566436609,0.4693971631733528,0.8663268394461909,2.6849312956813174,-1.0,6.123233995736766e-17
106,1486,0.9925124792013311,alpha,2902.0800000000004,492.0016703605652,122.604248046875,23.670305443988,-21.54097557067871,2.4099308806541053,0.5918167580266249,0.4652677289140278,23.670305443988,204.15848585690517,37.014750718494504,0.150655881125862,0.5890664291578567,4.012925148992059,-0.6830437298970499,0.7303774798337679
106,1484,0.9370735405610311,alpha,2420.4800000000005,315.51353302001957,131.31633300781252,18.43243673165924,-68.27894592285156,5.023809946340757,0.8492197148310318,0.7051754862991585,18.43243673165924,227.3912054586808,36.24959251886391,0.3055451391391102,0.8976920691321268,2.402698322388034,-0.6876213037718275,-0.7260695163681865
106,1482,0.865990990990991,alpha,518.4,141.094024848938,44.05406799316407,11.76735823988924,22.71440887451172,2.0421640523121765,0.7003891050583657,0.5454859694662069,11.76735823988924,175.00112612612614,34.43699362986508,0.3272333905612506,0.7780264195897699,3.202746789940756,0.7123791140461628,0.7017948402993599
106,1496,1.0,v_track,8198.720000000001,931.2366448402405,197.08275146484377,41.600393434036846,-11.047350883483887,1.3000938369504673,0.45194122523857405,0.27442490383514734,41.600393434036846,228.927027027027,31.060895181558354,0.11880529688382034,0.6025176562592234,4.725104748734734,-0.3761385839358528,0.9265634169741062
106,1481,0.9370811615785555,alpha,3322.56,339.22522039413457,138.57242431640626,23.977064819285452,-36.28025436401367,4.282867196385322,0.8604458440374575,0.7410607477404448,23.977064819285452,213.65804169769174,39.93467493092826,0.3628327076635159,0.9008335305465502,2.4479994635842712,-0.9540339871874874,0.29969843391506906
106,1480,0.9989264626945786,alpha,2278.0800000000004,291.641037273407,94.98688354492188,23.983100771198945,34.77783203125,2.343088869543799,0.7635954092030462,0.5916031179985773,23.983100771198945,237.78341384863123,20.53610657767929,0.3365747771051409,0.7712746621859053,3.0703295696134933,0.9370119810375711,0.3492972192732809
107,1502,0.9195305951383068,alpha,1453.4400000000003,194.99209156036378,68.8651611328125,21.10559208881997,-84.19327545166016,2.3722118090560556,0.8285297336738416,0.7270284998485711,21.10559208881997,219.40150880134115,39.11111770735612,0.48036679202850324,0.8974204789629415,2.8315056314804004,-0.2013078523003081,-0.9795280233879158
107,1506,0.616822429906542,electron_positron,44.160000000000004,65.82741661071778,28.08383483886719,1.5724348278420965,-78.69007110595703,5.966666780132077,0.42201834862385323,0.334078116647498,1.5724348278420965,150.8411214953271,29.841998108013797,0.12806348188303246,0.9079796164781292,2.343961107462952,-0.38461526926327705,-0.9230769711402927
107,1501,0.9202490364660539,alpha,2041.6000000000001,334.2782079696656,80.16437377929688,25.467672280716556,-35.53767776489258,1.9414414534265643,0.7367205542725174,0.6167826474163152,25.467672280716556,213.38333827453306,33.415616444370094,0.22959603855045457,0.6169269233996757,4.169909801702906,-0.9459459456393513,0.3243243252185586
107,1500,0.8632835820895522,alpha,1938.88,587.7466618537903,104.73994140625001,18.511371822137605,-24.590116500854492,2.076001913098001,0.4751784173790291,0.3669053352605078,18.511371822137605,166.13194029850746,39.6994217123492,0.0705310667565583,0.4373173104675725,5.611485494097464,-0.7567695810178975,0.6536817277895993
107,1504,0.9606299212598425,electron_positron,116.80000000000001,131.0253956794739,54.081390380859375,2.1597077881588294,60.832387924194336,7.113246790936018,0.4205069124423963,0.2840632310909941,2.1597077881588294,136.93700787401573,30.949348518577125,0.08549520283903338,0.8523965062273675,2.422744584722192,0.8511339967280295,-0.5249484923435543
107,1499,0.9773552290406223,alpha,3573.76,363.0782079696655,135.5000732421875,26.37459828979134,-67.7509765625,3.84160237414398,0.8784708566034768,0.7477539825831644,26.37459828979134,222.41313742437336,40.39308711737953,0.34067077705523124,0.8343820165575521,2.6795425218753484,-0.7008849502818202,-0.7132743416585587
107,1498,0.9991717740599636,alpha,3741.76,347.935062122345,139.2091064453125,26.878701369079824,-37.59627151489258,3.602099159031875,0.8676263263337538,0.6954986643453992,26.878701369079824,226.73496769918833,30.644450021132375,0.38840910379709714,0.8810023657957506,2.499369983809423,-0.966790134487359,0.25557158656218865
107,1508,1.0,v_track,7483.840000000001,930.962128162384,185.48504638671875,40.34740344726714,-12.82878303527832,1.2206862334522801,0.4438855884753355,0.2655282509455738,40.34740344726714,221.52458613342074,33.47770436287847,0.10851014149439317,0.5820156962134735,5.019068363179079,-0.43299161745659953,0.90139794719775
107,1497,0.9931880108991825,alpha,1782.08,269.6292622566223,77.38325195312501,23.029272549562755,27.512004852294922,1.9920090072283447,0.7777932960893855,0.5928223122030852,23.029272549562755,214.18153950953678,30.959762491703952,0.30803709098571946,0.7236045274810908,3.48433615092773,0.8193923286462805,0.573233121649147
108,1517,0.9918961447678993,proton,7728.640000000001,1183.1246068954467,500.261669921875,15.449194820796421,57.11796188354492,17.23539196105224,0.6409256163256641,0.5322672997526833,15.449194820796421,224.21675845790716,32.96474027700153,0.06938282335166986,0.8655700767327549,2.365011509037287,0.9118629200760673,-0.4104948416123492
108,1512,0.941983780411728,alpha,1914.2400000000002,380.17627468109134,125.40395507812501,15.264590329766344,36.54108810424805,3.21826219783442,0.5334879158120039,0.3917376767990401,15.264590329766344,175.33281347473488,40.58044192719421,0.16643176908588267,0.7345755781877022,3.0316131133523383,0.9567231050054332,0.2909998287778925
108,1511,0.9718631178707224,alpha,730.5600000000001,312.11942052841187,106.48927001953126,6.860409502910553,61.47688102722168,4.897399379670863,0.42720808383233533,0.31550751768398805,6.860409502910553,192.04334600760455,30.04825686950058,0.09423758975133813,0.71581417070237,2.9309940848609997,0.8391098208949292,-0.5439620469092303
108,1510,0.9518496770405167,alpha,2021.1200000000001,432.97627468109135,137.32402343750002,14.717890937122654,4.763641357421875,4.360759811999723,0.6536948871869178,0.4673704258687852,14.717890937122654,203.65179095713447,41.16334926113704,0.1354795560266771,0.6814241070838805,3.1529536044955084,0.16551722990527143,0.9862068984774369
108,1509,0.9942824471126358,alpha,3249.6000000000004,293.7900706291199,111.19997558593751,29.22302799867655,-90.0,2.8367345127548704,0.8870545073375262,0.745485524203038,29.22302799867655,224.61311225462168,31.415378083920793,0.47311372034743704,0.8954324513703935,2.641997618084666,-1.2246467991473532e-16,-1.0
109,1535,0.8888888888888888,proton,409.28000000000003,204.35087900161744,84.26612548828126,4.856993217955867,72.12130355834961,6.365491382182043,0.5472828412494651,0.3668988967163833,4.856993217955867,190.6216931216931,57.71550143703204,0.12316217975183168,0.8591455027237019,2.4250655624369033,0.5843543782901578,-0.8114985893845553
109,1532,1.0,electron_positron,66.56,65.55289993286134,26.119708251953128,2.548267360337875,-40.10090637207031,4.116751518381438,0.537467700258398,0.40163478947466286,2.548267360337875,83.66666666666667,7.350077595640535,0.19464325547864925,0.8754897857517543,2.5097102655409467,-0.985413283138646,0.17017832239716876
109,1530,0.5375,electron_positron,59.52000000000001,115.54112491607667,47.71313171386719,1.2474553202027883,-80.90972137451172,7.259615003999613,0.23425692695214106,0.18980194831208877,1.2474553202027883,129.54375000000002,41.47014692447444,0.056027288323720684,0.8809597900799863,2.4215791495089847,-0.3120125370327248,-0.9500779845541115
109,1527,0.9953125,electron_positron,320.0,256.1998247146607,108.058447265625,2.961360338756198,33.43986892700195,9.661036385848378,0.34916201117318435,0.26476236433422373,2.961360338756198,82.6875,13.516858686470032,0.06126355378118576,0.8631210983838368,2.3709374990821437,0.9196826932537611,0.3926623788059005
109,1534,0.9955318030488873,proton,6929.280000000001,1081.4149404525758,378.187255859375,18.322351937148778,57.1650276184082,10.585966967522856,0.6156076759061834,0.5128671296266718,18.322351937148778,201.67513579814263,41.93904206049684,0.07445832189888511,0.7213527501862261,2.8594695450411702,0.9111872861110573,-0.4119923902568666
109,1519,0.9469160768452983,alpha,1182.0800000000002,233.18418312072754,78.22153930664064,15.111950116016795,7.765167236328125,2.9298244892108634,0.6820531757754801,0.5660251884851387,15.111950116016795,166.4196157735086,35.2862605194988,0.2731860732306918,0.7747233116036525,2.981073821707972,0.2677485196624602,0.9634888324306417
109,1518,0.9991539763113367,alpha,2912.9600000000005,312.28022890090944,96.24632568359375,30.265674864059214,-80.31121063232422,2.1870627503597024,0.8439643982940849,0.687745008856636,30.265674864059214,196.62182741116752,35.68461987293874,0.3753664101907061,0.7643261515483032,3.24459377210429,-0.331791999956938,-0.9433525686425914
110,1543,0.6056612348243848,v_track,9479.04,1105.9834819793703,247.27248535156252,38.33439044592068,50.63068389892578,2.169611902373172,0.4904954298582594,0.33635262598441135,38.33439044592068,218.36473414269946,39.34470121178391,0.09738160730836777,0.536286383636329,4.47273169275961,0.9807465541061833,-0.19528491137015008
110,1539,0.5112219451371571,electron_positron,209.92000000000004,129.78031654357912,36.54484252929688,5.744175798040821,-21.801408767700195,1.9838711053528757,0.47025089605734766,0.3118279790278175,5.744175798040821,157.89775561097255,22.450544594033953,0.1566195686452617,0.6758090338694881,3.551262163451333,-0.689655154248305,0.7241379483349472
110,1536,0.9771578356113088,alpha,3243.2000000000003,488.0252203941345,171.98505859375,18.85745207472261,3.3664627075195312,5.17090350691753,0.7106296452110503,0.5669682346944057,18.85745207472261,201.79928852274855,39.91484766460278,0.17111932674141017,0.7523024193309752,2.8376024311909007,0.11724145017045244,0.9931034399104302
111,1552,0.7462039045553145,electron_positron,232.32000000000005,170.4430582046509,57.621630859375,4.031819241058528,88.15238964557648,3.4316430523128907,0.3874066168623266,0.24011407314253172,4.031819241058528,123.90889370932756,39.59042406885564,0.10049346642100196,0.7409830740494531,2.9579700480990447,0.06444906752939907,-0.9979209977220597
111,1554,0.994328922495274,v_track,2253.76,329.5586121559143,103.22266845703126,21.833963737705332,29.981639862060547,2.31777385741348,0.6155392413913652,0.4902623727077283,21.833963737705332,184.7418309478801,46.832252142877,0.2607667415105325,0.7591321113708787,3.1926961110591754,0.8657047810927412,0.500554924052465
111,1553,0.9968550856575353,v_track,7536.0,593.2622158050538,250.84780273437502,30.042120831251363,50.86387252807617,6.446841394845056,0.872610048910627,0.7720888365481692,30.042120831251363,216.71737151369692,39.610388206930985,0.2690651031176901,0.8979932987170344,2.365028552525391,0.9791244975728985,-0.20326145294329415
111,1544,0.9743488555643252,alpha,3123.84,347.9683662414551,134.06744384765625,23.300511372094835,45.0,4.016949538438524,0.7912141351920895,0.698133534252165,23.300511372094835,222.48204419889504,33.68280637870019,0.3242045588783966,0.8653559662927001,2.595472519315421,1.0,6.123233995736766e-17
112,1557,0.7089478859390363,alpha,571.84,204.28427076339722,91.2,6.270175438596492,0.0,7.125,0.6738310708898945,0.48985745614035087,6.270175438596492,191.60176991150445,53.847883973933065,0.17219262138254907,0.9452167892085857,2.2399591092477764,0.0,1.0
112,1556,0.8363279056709714,alpha,2153.6,355.352724647522,116.05605468750001,18.556550158446466,-50.300926208496094,3.02543155018684,0.6464316588223994,0.4837453113769803,18.556550158446466,190.78719820325662,50.01536736398321,0.21431649946943132,0.7335627335947077,3.0619059522949286,-0.9829294013459903,-0.18398312957881002
112,1563,0.5120274914089347,electron_positron,111.04000000000002,197.9979790687561,85.44899902343751,1.2994885986849682,8.615646362304688,7.365703447204113,0.1585923217550274,0.11201591312159126,1.2994885986849682,80.88316151202748,18.058707953786975,0.03559326287526101,0.9015012739708913,2.3171480219966996,0.2962297417729222,0.955116715427569
112,1560,0.8904382470119522,electron_positron,248.96000000000004,196.43128318786623,70.0282470703125,3.5551368257159064,2.8271255493164062,5.44819657792131,0.37584541062801935,0.27658959203219413,3.5551368257159064,97.99800796812748,12.317754976669915,0.08108081995138333,0.7710398124106375,2.8050292761239275,0.0985251971831529,0.9951345564897346
112,1559,0.8507177033492823,electron_positron,524.1600000000001,407.71739959716797,160.7489013671875,3.2607376818252582,23.93102264404297,6.258760020703235,0.21493242356646108,0.12695685300138693,3.2607376818252582,86.9732057416268,18.754450821295404,0.039623720222148655,0.8196031104127622,2.536361966579464,0.7415315643620951,0.6709179823605147
112,1558,0.8589743589743589,electron_positron,242.56,158.03128318786622,62.51715087890625,3.8798953021680576,-58.276397705078125,6.404308967527525,0.5026525198938993,0.39745970389585883,3.8798953021680576,123.57478632478633,20.850525341238438,0.12205144202798689,0.8271707069103348,2.5278068652547496,-0.8945228310837422,-0.44702226417699464
112,1564,0.7720345529882716,proton,8456.640000000001,1862.2125689506531,554.998828125,15.237221362376188,-56.802433013916016,6.344860155054857,0.27778420139801335,0.17419503212737772,15.237221362376188,148.90526020085682,28.173632671712184,0.030644264335946626,0.6204058005065681,3.3553450468389725,-0.9163287253319354,-0.4004268561567148
113,1576,0.9265175718849841,electron_positron,157.76000000000002,121.03717069625856,50.69349060058594,3.11203663687299,49.89909362792969,6.270916149666243,0.49747729566094856,0.3849669962220808,3.11203663687299,96.58466453674122,17.320324207077192,0.13532225774859866,0.8739117996871716,2.3876274697655075,0.985413283138646,-0.17017832239716865
113,1577,1.0,proton,10725.440000000002,2032.757911014557,822.2751953125,13.043613696657687,-75.27328491210938,11.62339733662337,0.28614236686188466,0.18438000509556454,13.043613696657687,197.50435267857142,42.67752684983599,0.03261772462672719,0.8260329679474456,2.4721138648017,-0.49171597523057553,-0.870755648677081
113,1566,0.9339622641509434,alpha,1101.76,138.79797906875612,40.800000000000004,27.003921568627455,0.0,1.1590909090909092,0.9553274139844617,0.7671568627450981,27.003921568627455,233.2702552719201,26.792118973935604,0.7186717597705548,0.9476725774330697,3.4019112516851986,0.0,1.0
113,1568,1.0,electron_positron,26.560000000000002,44.17056245803833,19.226202392578127,1.3814480601875354,59.53445625305176,5.386363293888816,0.5286624203821656,0.38702292693436346,1.3814480601875354,156.34328358208955,12.9263727165105,0.171069298984783,0.9121074520468401,2.2974148277503548,0.8740359698317132,-0.48586121829215445
114,1581,0.9996687644915535,proton,15030.400000000001,2136.716523170471,812.264892578125,18.504308307962912,-75.80144500732422,19.438282532615872,0.492973267981402,0.44282595031179245,18.504308307962912,182.22745685813823,41.86946388944951,0.04137010143141159,0.7776227346914837,2.6305661400538227,-0.4755798387528067,-0.8796725623616178
114,1579,0.6784660766961652,electron_positron,141.12,204.89991235733032,86.55720214843751,1.6303669307378077,-66.80140686035156,7.22806950480458,0.23824959481361427,0.13614586887291752,1.6303669307378077,78.30383480825958,19.15837617400363,0.042239122422010854,0.8663370129484802,2.3672196798360714,-0.724137994251515,-0.6896551060359031
114,1578,0.9920886075949367,alpha,1160.3200000000002,141.80386657714845,40.800000000000004,28.43921568627451,0.0,1.0851063829787233,0.9519558939354161,0.7563621193158114,28.43921568627451,213.15664556962022,36.85152725901117,0.7251226920723819,0.9485393602321305,3.475584965126187,0.0,1.0
115,1593,1.0,proton,4063.0400000000004,950.5779450416566,379.51044921875,10.706002979269911,79.88017654418945,11.961581501377875,0.4220515888844569,0.3374366304120315,10.706002979269911,125.89237472766885,27.797303594026936,0.05650481982753044,0.8262161994102726,2.5047477533187577,0.3459475244941656,-0.9382538623935202
115,1584,0.9538494716411473,alpha,2855.6800000000003,316.17627468109134,103.76973876953126,27.519390853843813,58.201087951660156,2.12031136648292,0.803963963963964,0.5622995481918251,27.519390853843813,171.7056286392064,45.239265626556396,0.3589722256662301,0.7746520737297541,3.0469024826525497,0.8956948738268596,-0.44466919502061975
115,1592,1.0,proton,791.3600000000001,186.08813734054567,69.03346557617188,11.463425650082849,83.88449621200562,3.060453287872996,0.6979960485464296,0.5082068302419588,11.463425650082849,110.26676602086438,20.48652819245923,0.2871749678239509,0.8246165809200293,2.69562212743347,0.2118537276138779,-0.9773013854978948
115,1583,0.9917721518987341,alpha,965.44,127.711687374115,37.32096557617188,25.86856971933222,-49.08561706542969,1.0486976361170897,0.9451754385964912,0.7268919090269813,25.86856971933222,126.2487341772152,24.06669592669651,0.743830301913145,0.9149740692688599,3.4219824005747164,-0.9898477143198016,-0.1421319895585241
115,1582,0.9828473413379074,alpha,1758.4,302.5194205284119,81.51182250976564,21.572330808691376,-67.5572509765625,1.7681310293832413,0.6311014126564833,0.4679408005433513,21.572330808691376,138.13550600343052,29.552334455035005,0.2414465584621602,0.680194324748111,3.711356355603117,-0.7056922624195565,-0.7085184759490523
115,1588,0.9523809523809523,electron_positron,80.32000000000001,74.02152910232545,27.200000000000003,2.9529411764705884,0.0,3.4,0.46309963099630996,0.36911764705882355,2.9529411764705884,120.73809523809523,15.649523838503336,0.18421180550964358,0.8526519526331425,2.7213797464090237,0.0,1.0
115,1586,0.9574468085106383,electron_positron,68.16000000000001,59.896045780181886,23.620449829101563,2.8856351379059477,21.801414489746094,4.416666749883912,0.6191860465116279,0.5395701122585541,2.8856351379059477,108.54609929078013,23.03142323903743,0.238749868830722,0.889922469773339,2.5357707500721256,0.6896552988854918,0.7241378105852248
115,1585,0.9975550122249389,electron_positron,221.44000000000003,115.76854152679444,48.697329711914065,4.547271920452417,-43.09084701538086,5.241379797380762,0.5894378194207837,0.4894309260498324,4.547271920452417,142.12224938875306,17.44035504748404,0.20762747038223836,0.8944297660152294,2.3773077951432526,-0.9977802428908811,0.0665926940182964
115,1591,0.9948897256589564,proton,2221.1200000000003,433.170387172699,181.152099609375,12.261077872072605,73.0842399597168,7.434585950868041,0.5998617232737015,0.5032016602996772,12.261077872072605,134.64846691769768,17.496188367358098,0.14875253245319642,0.8883925704837701,2.3911971658443947,0.5567526801079801,-0.8306783090899758
116,1608,0.5271739130434783,electron_positron,195.52,109.33523740768433,41.68697509765625,4.690193988457383,-1.4320963621139526,4.706547050437794,0.6031589338598223,0.529532752871682,4.690193988457383,87.8695652173913,16.029332753006816,0.20553261507647963,0.8536250386066735,2.6227673548285693,-0.04996877572289353,0.9987507804516376
116,1607,0.8969957081545065,electron_positron,112.0,100.47838325500489,34.65856628417969,3.2315243245108998,-71.56505584716797,3.512820556441302,0.38293216630196936,0.3275312943618106,3.2315243245108998,155.41201716738198,25.95972833202744,0.1394063671251272,0.7923702980067207,2.899092317643544,-0.5999998695864778,-0.800000097810125
116,1599,0.8590769230769231,alpha,2996.4800000000005,357.5683662414551,144.213037109375,20.77814918860207,41.39152908325195,4.186946055546464,0.7704459437222314,0.603253294782167,20.77814918860207,225.9659487179487,33.309576192909155,0.2945120488588328,0.8770988641440287,2.479445502352646,0.9920775980621485,0.12562658724664252
116,1603,0.9212121212121213,electron_positron,82.56,65.27838325500488,27.055899047851565,3.0514602325349776,-36.027374267578125,4.554455557443468,0.6354679802955665,0.5136676474807533,3.0514602325349776,93.61212121212121,14.672831161310985,0.24346737247810069,0.8887735041325303,2.4127227537163827,-0.951351360842366,0.30810807880251745
116,1598,0.9092436974789916,alpha,685.1200000000001,219.09200391769411,53.856561279296876,12.721198378169916,56.768287658691406,1.4197080638421897,0.479292590105216,0.33534238893500706,12.721198378169916,169.63697478991597,28.02788487103339,0.17935911583123978,0.66882525602625,4.06806522201624,0.9168053422086815,-0.3993344018458997
116,1596,0.9356315647724213,alpha,2267.52,328.72126617431644,138.71281738281252,16.346867166155345,-37.97160339355469,5.8218209658821465,0.8233790378805484,0.686083202619787,16.346867166155345,219.9736062483167,36.062860003659075,0.2636971209468037,0.9112282514179764,2.3697973437243967,-0.9700554497493495,0.24288356142725512
116,1602,0.7989247311827957,electron_positron,516.48,223.69789142608644,68.8931640625,7.496825077324776,6.881721496582031,2.4967743098562636,0.3695054945054945,0.2716943039743363,7.496825077324776,136.55376344086022,31.423363197686406,0.1296998852373386,0.7302630045140188,3.2470259490934006,0.23791378642166128,0.9712862761464861
117,1617,0.933649289099526,electron_positron,191.68000000000004,222.56652059555054,89.80048217773438,2.1345096969593578,63.4349479675293,11.409090746070687,0.3273224043715847,0.271188018598583,2.1345096969593578,88.46208530805688,23.9364726644001,0.048625826007399044,0.8337959595909813,2.4784557409730135,0.8000000179153028,-0.5999999761129288
117,1614,0.6766743648960739,electron_positron,231.04000000000002,124.20386657714845,34.72972106933594,6.652515277584339,-29.744882583618164,1.6055046227491216,0.4478908188585608,0.30753613050181156,6.652515277584339,104.1593533487298,17.865936767478264,0.1882031152538653,0.746339335278797,3.5762989955831315,-0.8615384843406804,0.5076922689976313
117,1615,0.9965635738831615,electron_positron,359.04,271.65079135894774,100.05478515625,3.5884340707873914,-37.87498474121094,6.541283959794967,0.33805363061163,0.23460113568148577,3.5884340707873914,94.8293370944993,18.572784044857606,0.0611407483632884,0.7745614464109185,2.7150204853743456,-0.9692307785974424,0.24615380927256733
117,1619,0.9970687711386697,v_track,2718.7200000000003,343.99191627502444,123.885107421875,21.945494955594175,45.0,3.0845074489234263,0.7517918768250598,0.5464017755607092,21.945494955594175,218.69289740698986,36.108922425803826,0.28872066697766263,0.7994620452372979,2.776701117944739,1.0,6.123233995736766e-17
117,1618,0.9860768417342263,v_track,3496.0,388.16247873306276,140.0099853515625,24.96964763778532,-37.0198860168457,3.3979668697565097,0.720884196634774,0.6059998878625805,24.96964763778532,229.066090941135,33.025364409455754,0.29157761747215005,0.8316151708481063,2.772391395930754,-0.9614527988122032,0.27497002683234606
117,1612,0.9990205680705191,alpha,610.2400000000001,116.67249574661255,34.4,17.739534883720932,0.0,1.162162162162162,0.8494432071269488,0.5993086109365179,17.739534883720932,214.88638589618023,25.4101482184153,0.5633438524958739,0.9046176572456479,3.391642318215481,0.0,1.0
118,1630,0.9262820512820513,electron_positron,169.60000000000002,86.19209156036378,28.318936157226563,5.988925539376968,3.9451828002929688,1.8507190881734001,0.5620360551431601,0.3913924856441229,5.988925539376968,153.86217948717947,32.706497517545664,0.28688039675807286,0.8293992270010511,3.0436203917345552,0.13727798795622964,0.9905325608089263
118,1629,1.0,electron_positron,28.480000000000004,48.30782079696655,17.838287353515625,1.5965658269535092,-6.009006023406982,3.3543307176985167,0.388646288209607,0.3002199532973904,1.5965658269535092,130.21917808219177,23.816217897493566,0.15336100851890888,0.85323553838237,2.7080974669603526,-0.20821918033254255,0.9780821913017557
118,1632,0.9991116375481196,v_track,2066.8800000000006,268.53119554519657,86.012451171875,24.03000928167763,43.83086013793945,2.1802224704808664,0.7850024307243558,0.6091067687059297,24.03000928167763,201.3979863784424,41.728202100617835,0.36019330488142576,0.7732841512280739,3.1220037551145023,0.9991673597721666,0.04079935251836296
118,1631,0.9919184820801125,v_track,3452.8,543.1878744125366,136.93315429687502,25.21522284160804,-38.65980911254883,2.7817258455263816,0.6379707916986933,0.5122341440199262,25.21522284160804,197.86015460295152,39.94483345117367,0.14705545992738112,0.5890053833142764,3.9668105010923047,-0.9756097626754329,0.21951216588696298
118,1620,0.9652694610778443,alpha,3098.5600000000004,320.6879620552063,133.82691650390626,23.153488707255367,48.19954299926758,4.645397034672466,0.9100563909774436,0.8037033998303849,23.153488707255367,221.71596806387225,35.5559911617717,0.37862079121688047,0.9106537037368758,2.3962889561596215,0.9937696972238915,-0.11145307927345427
119,1640,0.9810879728006799,alpha,2905.92,299.98216218948363,106.1766845703125,27.36872046589133,-63.72578811645508,2.3004133500235517,0.7643296018853631,0.5929679400669754,27.36872046589133,234.29706757331067,30.121311248281845,0.40579122914215227,0.8470414295737304,2.8253110690306866,-0.79386755415102,-0.6080907057884354
119,1639,1.0,alpha,1536.3200000000002,226.70377893447878,75.45458984375,20.360855491778352,41.08175277709961,2.3127962617294506,0.7860183366077276,0.6240907354279268,20.360855491778352,225.67022961203483,35.88330199881855,0.3756419007325817,0.817641966633013,3.004506146066566,0.9906611957078617,0.13634659995272946
119,1638,0.911836485661989,alpha,1985.2800000000004,313.13708305358887,95.91104736328126,20.69917965216641,68.89516258239746,2.0733088532449444,0.6583890480738618,0.44745411094503573,20.69917965216641,216.22971323978035,44.65842167587622,0.2544266666428022,0.7369162671693203,3.2648698107478995,0.6718456703277336,-0.7406911605128539
119,1636,0.9464594127806563,alpha,1754.5600000000004,281.4449038505554,118.58463134765626,14.795846477408455,67.38013648986816,4.734644194482745,0.787221823402728,0.5907432340144005,14.795846477408455,213.41450777202073,40.04211336911591,0.278350053882574,0.9097745253349999,2.3733674478056046,0.7100591362549995,-0.7041420474739483
119,1642,0.7116182572614108,electron_positron,273.92,100.70579986572267,38.481091308593754,7.1183012405582975,-47.29060745239258,2.9044366682513885,0.7704770477047704,0.5372679005628855,7.1183012405582975,116.94190871369294,36.517215102557316,0.33941000531842624,0.8742735560429635,2.6170203713331963,-0.9968051190428586,-0.07987211434507364
119,1656,0.9942781690140845,v_track,3856.96,567.3624787330627,156.26066894531252,24.68285862355961,43.801517486572266,1.7447158821955586,0.40672875750826754,0.2755944649999139,24.68285862355961,223.71653543307085,33.144783235274254,0.15056837949685964,0.7169353817128019,3.630871943416715,0.9991250468620183,0.04182272986032449
119,1635,0.9986021805982667,alpha,2166.4,340.06256637573244,120.14462890625,18.031600910686258,-5.552971363067627,3.3992488477917786,0.6693030153237766,0.5101676136294004,18.031600910686258,227.16550181716522,32.200188153426836,0.23541322396106482,0.7856597157729398,2.830443353743982,-0.19262374530030166,0.981272690309113
119,1634,0.9990838295923041,alpha,1298.2400000000002,281.7194205284119,70.11906127929687,18.514794355687048,78.53046894073486,1.7996501522213015,0.6019287833827893,0.47519393261467247,18.514794355687048,228.45900137425562,23.243498646459784,0.20555652974635932,0.6506711318576271,4.017729493072826,0.38975188939893335,-0.9209199013540545
119,1633,1.0,alpha,1310.7200000000003,159.90579986572266,58.620263671875,22.359503657928123,53.74616241455078,1.864568888246939,0.9377289377289377,0.7112017631066875,22.359503657928123,232.77886863020103,27.692700297585688,0.6441564474709103,0.9255535881592275,2.727824643723715,0.9537572238387653,-0.30057803974237934
120,1664,0.9987282746926663,alpha,2894.4,349.30764551162724,101.31765136718751,28.56757890597308,-61.927513122558594,1.9554949792904566,0.6812019882512427,0.5513724051760464,28.56757890597308,238.03560830860533,28.047180688904437,0.29809331088147156,0.73797268911654,3.4476484679426074,-0.8304498258537351,-0.5570934272987801
120,1663,0.9892328398384926,alpha,1345.6000000000001,224.3273289680481,74.01746826171875,18.179492376611503,49.93921661376953,2.051291844662329,0.7294015611448396,0.5038195081245571,18.179492376611503,209.38447734410047,40.68693187884566,0.3360171716231979,0.8067335002142826,3.0307349634662986,0.9851739724024196,-0.17155828193601322
120,1662,0.9996020692399522,alpha,3110.7200000000003,296.66845388412474,107.12364501953125,29.038593668399166,66.69510841369629,2.5992871454406052,0.8462609906851223,0.7046030148636291,29.038593668399166,221.38121766812574,36.95620058163634,0.4441483458248297,0.8541393876268074,2.769402159812942,0.7266919795909318,-0.6869634392005246
120,1661,0.9810554803788903,alpha,1342.0800000000002,220.88611640930176,66.56402587890625,20.16224202606858,56.309932708740234,2.0689654518236114,0.7843650645221619,0.6266895914488432,20.16224202606858,158.63870094722597,29.129945434222535,0.34566183358716457,0.7462218980905422,3.3184007952154118,0.9230769199256638,-0.384615392178407
120,1660,0.9921740491469714,alpha,3942.4,417.8193328857422,173.35301513671877,22.742033052558895,62.35402488708496,5.236493224695417,0.8224848120702316,0.6869710451912362,22.742033052558895,220.15448426983878,35.43726481654788,0.2837876472763659,0.8857733236726076,2.4102224732360127,0.8220640519542224,-0.5693950249910913
120,1659,0.9959003468937244,alpha,5712.0,731.4112491607666,165.1603759765625,34.58456646290619,-14.125489234924316,1.1643304651775388,0.40319848207630277,0.24381068473368808,34.58456646290619,214.02274434073598,38.935507372894136,0.13417598485997384,0.6940519118540706,4.428491064131262,-0.47333471054545406,0.880882654950619
120,1658,1.0,alpha,1472.96,167.43717069625856,59.2,24.88108108108108,0.0,1.6818181818181819,0.9363303498779495,0.7068488943488943,24.88108108108108,230.37713808927825,28.27004195392138,0.660232750698859,0.9201399949432422,2.8283305860854484,0.0,1.0
120,1677,0.9891625615763546,v_track,6187.52,857.0818992614746,193.07952880859375,32.04648384103888,1.0674972534179688,1.7263681760374205,0.4330280160347569,0.2865349330322405,32.04648384103888,233.1431527093596,26.59310069997012,0.10584779933471787,0.5712918643503958,4.43900968968662,0.03725406100173215,0.9993058265310371
120,1657,1.0,alpha,1602.88,188.89991235733032,62.261303710937504,25.744401489595226,62.354026794433594,1.7372881226036674,0.9184085075174184,0.7183505687427002,25.744401489595226,232.9667049368542,27.39892606252724,0.5644784429711215,0.8750648782186993,3.0339858162036224,0.8220640140444537,-0.5693950797233149
121,1681,0.9937355753379492,alpha,1852.8000000000002,248.36063308715822,102.6864501953125,18.04327636680324,60.33328437805176,4.405436125240389,0.8835647794903098,0.7740894867124317,18.04327636680324,227.95548961424333,33.24973191326456,0.3774616983443829,0.9090874091476238,2.4186310132911335,0.8601500194863563,-0.5100411198889957
121,1680,1.0,alpha,1074.5600000000002,168.95676651000977,54.00471801757813,19.89752079902054,-21.161258697509766,1.8170036995635293,0.8616884783166538,0.6694575998377545,19.89752079902054,187.30608793686582,38.414701437074804,0.47303073013001223,0.8135778343161733,3.1285556653590083,-0.6733031385325909,0.7393665421441267
121,1679,0.9683157309616454,alpha,1069.76,229.241037273407,68.866650390625,15.533788763241915,-3.521453380584717,2.2105676545420367,0.6225325884543762,0.4986229299339599,15.533788763241915,169.08504724847137,34.66151731430306,0.2558064490601581,0.7367073714259298,3.3287670588464424,-0.1226125914968399,0.9924546097461733
121,1694,1.0,v_track,5937.920000000001,813.6268907546997,201.25,29.505192546583853,49.62550735473633,1.89547326758855,0.3855551861702128,0.27789467690485775,29.505192546583853,204.96244855967078,41.50034123232742,0.11271808935971907,0.6326481745299604,4.042866537911551,0.9869935196511964,-0.16076004530524154
121,1689,1.0,electron_positron,44.480000000000004,43.896045780181886,18.232278442382814,2.439629261946859,47.48955154418945,3.989247230156834,0.7128205128205128,0.5337941885095044,2.439629261946859,143.8404255319149,19.226700844160394,0.29008404476663,0.9141961367405469,2.407600669269124,0.9962264192685895,-0.08679240491704622
121,1678,0.9961302375233521,alpha,4624.0,491.76045780181886,179.49825439453127,25.76069620062489,52.98932647705078,4.792443747561735,0.7705844709897611,0.6877876771334406,25.76069620062489,222.77155057379235,28.366108207157644,0.24028158086349694,0.802472438817551,2.739639220785655,0.9613643251467785,-0.2752791934292877
122,1696,0.9753363228699552,alpha,2462.4,297.605712223053,106.4565185546875,23.130570428480123,49.6668586730957,2.657856839340857,0.8017295269847885,0.5774915960605052,23.130570428480123,232.03687095166916,34.37302530668799,0.3493702663437073,0.807771681425263,2.7955611949696695,0.9867604451271478,-0.16218453666263394
122,1703,1.0,v_track,6441.920000000001,835.3308449745178,192.59648437500002,33.447754879352274,48.479915618896484,1.740338764534624,0.4222194257429896,0.3022403269306243,33.447754879352274,173.65501187648454,43.64681653506871,0.11601339997463288,0.6054021847149823,4.33720712859984,0.9926313475243559,-0.12117346207805338
122,1700,0.9937106918238994,electron_positron,135.04000000000002,201.41159973144534,83.47711791992188,1.6176888153894042,-49.553768157958984,9.602756083874006,0.23353624792473712,0.18609017058659458,1.6176888153894042,124.62893081761007,21.98972128638915,0.041831490141464915,0.8575811801320856,2.412776156511008,-0.9873929951210253,-0.1582879439058162
122,1695,0.9996706734727482,alpha,3678.4,589.7819869041443,170.96710205078125,21.515250336918204,49.08561706542969,3.97936222378602,0.5877690852380222,0.5007804039434527,21.515250336918204,188.27828091552774,39.67186275468554,0.13288801355320173,0.6573526763771892,3.449681136485341,0.9898477143198016,-0.1421319895585241
123,1724,1.0,electron_positron,35.2,124.15676651000977,52.573583984375006,0.6695377665418727,58.10920715332031,14.101213892231254,0.19748653500897667,0.17958249256394077,0.6695377665418727,89.87704918032787,21.793959859893082,0.02869536416081042,0.878253137250821,2.3615807997208154,0.8971164276472897,-0.4417942001038098
123,1704,0.9883663366336634,alpha,3572.4800000000005,367.10175800323486,112.13405761718751,31.859009438470753,-55.06068801879883,1.8666068172641819,0.7468058064084554,0.5303316893441155,31.859009438470753,163.94523151347616,51.910909338600135,0.33312462814182264,0.7493287989952088,3.273775744889899,-0.9389659734135926,-0.34401003004485886
123,1722,0.8105263157894737,electron_positron,185.92000000000002,325.7429705619812,99.0869140625,1.8763325284580892,-68.29011535644531,3.865234861873757,0.13276965265082266,0.07319297376532867,1.8763325284580892,108.8821052631579,21.403265756457625,0.022018405705339108,0.6493583762802151,3.287446921159698,-0.6873381666073596,-0.7263375556343163
123,1721,0.9201388888888888,electron_positron,136.64000000000001,126.547012424469,51.49963989257813,2.6532224358270105,84.61068773269653,6.7064574990616155,0.43705220061412486,0.3455116101500143,2.6532224358270105,89.42708333333333,20.721907753329567,0.10722200502210756,0.857940269671295,2.4572407241765264,0.1870148374390619,-0.9823570891369601
123,1719,0.7321083172147002,electron_positron,579.84,231.03514976501467,83.3009033203125,6.960788861681036,-56.929325103759766,3.9257900773989034,0.4934640522875817,0.3280468128776313,6.960788861681036,87.59671179883946,16.047886175332753,0.13650919902843253,0.777816130383476,2.773501133314576,-0.9145461037618882,-0.4044816733721686
123,1711,0.875,electron_positron,107.2,68.17056245803833,29.6,3.621621621621622,-90.0,5.285714285714286,0.7444444444444445,0.6467181467181468,3.621621621621622,116.09615384615385,23.806721429190954,0.28987508890517316,0.9484415952193134,2.3030595425012947,-1.2246467991473532e-16,-1.0
123,1725,1.0,v_track,5727.040000000001,620.9113368034364,137.9080810546875,41.52795076402333,82.0382490158081,1.0499873275805103,0.5062084570782067,0.3161803261211411,41.52795076402333,227.82554382942064,31.856646686040676,0.18667273977625592,0.7114694220368047,4.502356439556386,0.27435368915602437,-0.961628854208566
123,1706,0.7186147186147186,electron_positron,228.8,176.53523740768435,73.23818969726562,3.1240531879031734,-83.65980529785156,5.678082246069104,0.3725898905680042,0.24220466146599565,3.1240531879031734,123.08008658008659,16.012984233482705,0.09225779535324503,0.8702413367999374,2.4104260104926563,-0.21951229579725912,-0.9756097334456112
123,1705,0.8877086494688923,electron_positron,363.52000000000004,164.5449914932251,66.36512451171875,5.4775758001600625,29.21924591064453,5.434108554735249,0.5117117117117117,0.4485148145786201,5.4775758001600625,147.2352048558422,21.61297533786117,0.168720882613359,0.8699794912920278,2.4793894790956017,0.8520787603689368,0.5234135899345143
124,1728,0.9993573264781491,alpha,934.4000000000001,170.55676651000977,44.0,21.236363636363638,-90.0,1.1956521739130435,0.7289066400399401,0.5770750988142292,21.236363636363638,185.10154241645242,41.08505783195893,0.4036498412635554,0.7752244280434502,3.8762901479547676,-1.2246467991473532e-16,-1.0
124,1727,0.9564740307242136,alpha,3377.9200000000005,355.4193328857422,143.2485595703125,23.580830481872823,50.748661041259766,4.561221739234367,0.8678779906273123,0.7508445246901416,23.580830481872823,231.6241770299927,31.5599680100717,0.3360292859814505,0.8874601123935438,2.4811372201707007,0.9799340217041541,-0.19932213401105878
124,1729,0.9990176817288802,v_track,5616.0,700.4427076339722,136.4968017578125,41.143821156810105,-11.309932708740234,1.0545452659275991,0.4640770024063252,0.31786841350370715,41.143821156810105,225.54671469111548,33.310097510669195,0.14384399186047622,0.6202346878636723,5.131568642002132,-0.3846153921784071,0.9230769199256637
124,1726,0.9979445015416238,alpha,1167.68,218.31555395126344,71.89729614257813,16.24094455074356,45.93918991088867,2.5573875234673813,0.7336147969441094,0.5776905557203582,16.24094455074356,218.76670092497432,35.79133372041462,0.30786785739045297,0.7744894672697575,3.0364918524658577,0.9994626556708759,-0.03277804019950169
125,1737,0.9459459459459459,electron_positron,322.56000000000006,334.8938495635987,133.71428222656252,2.4123077552288805,-55.39432144165039,5.317360034354016,0.14161281258780556,0.0959292353413851,2.4123077552288805,143.82258064516128,32.49311978285516,0.03614148816578247,0.8337194298753803,2.504548085567718,-0.9348960470058945,-0.3549216551476571
125,1741,0.9813449023861172,v_track,1386.88,249.68611640930177,60.2936279296875,23.002099021431174,43.36342239379883,1.3904620866964408,0.7058631921824104,0.5304631302172683,23.002099021431174,199.98568329718003,30.6218169538806,0.27955029858053715,0.6665763977930708,4.14116922439097,0.9983686775044532,0.05709626763641402
125,1740,0.9998546088979354,v_track,4245.760000000001,437.18014125823976,131.4703369140625,32.29443309919639,-55.00798034667969,2.0744570610569397,0.6743925993697265,0.5095705719477246,32.29443309919639,195.732044198895,43.74350806726867,0.2791543842653444,0.751790213406751,3.3253139188652794,-0.9395973089217928,-0.34228189707743095
125,1732,0.9808159956768441,alpha,4584.960000000001,443.48594112396245,175.16763916015626,26.17469768949708,50.710594177246094,4.549707109136822,0.8287829708468302,0.679847080935596,26.17469768949708,219.44379897325047,37.811534233600455,0.2929447379870523,0.8507233928136647,2.5317800893490494,0.9801980126150492,-0.1980198375555027
125,1735,0.9951456310679612,electron_positron,92.80000000000001,109.25483322143555,43.72522583007813,2.122344670342762,-38.45370864868164,4.229946484595612,0.28237585199610515,0.20531407687415848,2.122344670342762,155.62135922330097,24.186418601240856,0.09769594169216816,0.8555630612441494,2.4986682434989342,-0.9740053005482937,0.22652521825136412
125,1731,1.0,alpha,1092.8,141.5626540184021,49.78031616210938,21.95245197803288,45.0,1.6603773853781258,0.9438916528468767,0.7322041647792661,21.95245197803288,201.00279955207168,29.091555152453864,0.6852564908928712,0.9123667227487747,2.843747588050746,1.0,6.123233995736766e-17
125,1730,0.9720670391061452,alpha,195.20000000000002,89.164674949646,34.4,5.674418604651163,0.0,2.6875,0.7060185185185185,0.4433139534883721,5.674418604651163,169.1703910614525,16.27561205889864,0.30853470072794037,0.9034928706667602,2.5919963648152904,0.0,1.0
126,1744,0.7023111417730252,alpha,1731.2,340.6115997314453,65.00331420898438,26.632488221050178,-86.12147521972656,1.1736686726029626,0.5558409534573102,0.4808634371783115,26.632488221050178,172.66505691617797,42.94459143899138,0.1875159607508555,0.6392453827876453,5.23991128569823,-0.13497284345296193,-0.9908492980924103
126,1752,0.9278350515463918,electron_positron,93.12,88.26072072982788,33.84564208984375,2.751314327345648,15.945396423339844,3.666666639115659,0.4121813031161473,0.2980635566321974,2.751314327345648,110.9742268041237,22.091523673495292,0.15021658765487086,0.8437327244850753,2.6077425417292575,0.5283019022756733,0.8490565941395809
126,1748,0.9775280898876404,electron_positron,140.8,82.87838325500489,31.799835205078125,4.42769590131447,73.30075454711914,3.0970153967005434,0.5736636245110821,0.43121740379613754,4.42769590131447,122.9812734082397,18.73198574001698,0.25759058049242356,0.8672975885391224,2.6062519733363274,0.5504587511173792,-0.834862361900628
126,1742,0.9518900343642611,alpha,3545.9200000000005,476.1819869041443,183.69365234375002,19.303443285914103,53.27139663696289,5.732491933067651,0.6877055793458698,0.6023987846344137,19.303443285914103,175.16238136324418,40.28795874964991,0.19651371759456462,0.831270465465673,2.592261522532387,0.9586073410737451,-0.28473139208651466
126,1743,0.9460458240946046,alpha,2491.2000000000003,298.26845388412477,119.27391357421875,20.886377627324514,20.501426696777344,4.119036548057722,0.863177735890897,0.7212956314202865,20.886377627324514,227.11258930771126,35.01803831332816,0.3518874785016362,0.8987412147741701,2.5007014941161114,0.6560966135535514,0.754676906817455
126,1754,0.9759903961584634,v_track,1337.92,399.73119554519656,135.20000000000002,9.89585798816568,-90.0,4.828571428571428,0.5576897425636922,0.35342349957734576,9.89585798816568,178.44396551724137,25.562522367558298,0.10522136341554522,0.7382396758501303,2.9565916830266015,-1.2246467991473532e-16,-1.0
127,1760,0.9686169020399014,proton,2712.32,399.6036912918091,138.7053955078125,19.554538524402464,56.0702018737793,2.7888860785870833,0.5733225108225108,0.39317418089067174,19.554538524402464,132.32122842412016,31.06691579547066,0.21344786135907642,0.7925050097068137,2.880952754785243,0.9262630952899832,-0.3768775375421299
127,1756,0.9329822881761608,alpha,1279.3600000000001,156.31757488250733,48.0,26.653333333333336,-90.0,1.3043478260869565,0.9341121495327103,0.7242753623188406,26.653333333333336,224.56773575873623,42.99875127819445,0.6579410969983189,0.9104470555957204,3.2566161433855694,-1.2246467991473532e-16,-1.0
127,1759,0.979607250755287,proton,8856.640000000001,2054.9338351249694,762.7080078125,11.612097826796738,57.850982666015625,16.732690018351956,0.282331939202285,0.2547523185915393,11.612097826796738,106.87985014717688,23.83300069345185,0.026356222795627972,0.7547311730018572,2.6942602071514417,0.9010621456284681,-0.43368999263923685
127,1755,0.9875164257555847,alpha,1848.9600000000003,271.5841831207276,97.44295654296876,18.974793721336617,11.888656616210938,2.956250054393706,0.7960870763295673,0.5756622844882096,18.974793721336617,219.49770039421813,35.390300719092146,0.31501296845505045,0.8127983084220242,2.7871094305412307,0.40318297840348327,0.9151193834280292
128,1769,1.0,electron_positron,69.12,66.49015827178955,28.674560546875,2.410499016611183,22.166343688964844,6.531249470526519,0.6352941176470588,0.5490431283231031,2.410499016611183,95.3904109589041,11.201989358347845,0.196471182940859,0.9129542731594595,2.3187856066040307,0.6988234761510691,0.715294169681353
128,1768,0.8142292490118577,electron_positron,131.52,82.02152910232545,29.99190368652344,4.385183460664993,4.236396789550781,3.0851059755533274,0.577247191011236,0.4510802595193115,4.385183460664993,108.25691699604742,26.403998708667995,0.2456665015967297,0.8392389956171669,2.734789027052691,0.14733976858652795,0.9890859379209009
128,1771,0.667277390985709,v_track,1588.8000000000002,462.05650358200074,170.929296875,9.29507128998421,-32.20560073852539,4.652668097546842,0.3597565393812043,0.2530103525024115,9.29507128998421,155.81678270428728,59.874090411330265,0.09351664555579514,0.7885540151289437,2.7032025055359648,-0.9019169830813227,0.4319094298918294
128,1770,0.9992068527918782,v_track,3885.76,393.92732896804813,171.8587646484375,22.61019394587699,84.32697772979736,5.8979553149975334,0.9057884529315232,0.7759506117072666,22.61019394587699,209.80552030456852,37.430306574177244,0.31466874984699444,0.9358484623571699,2.292157340790181,0.19673413109811413,-0.980456873942485
128,1767,0.9849056603773585,electron_positron,90.56,236.7586121559143,99.58997192382813,0.9093285021635036,41.6768798828125,14.904037479265467,0.15264293419633226,0.13608464602816647,0.9093285021635036,105.05660377358491,16.162868107077323,0.0203018075596721,0.8619844460792891,2.37733385784063,0.9932796827320436,0.1157388088401243
128,1766,1.0,electron_positron,99.2,70.74112491607666,29.604931640625,3.350793077457204,39.559669494628906,4.363636363636363,0.6275303643724697,0.49389212234318713,3.350793077457204,94.12886597938144,12.392169615775968,0.24910222856550157,0.9068664696459526,2.389504754640373,0.9820224819626812,0.18876399264652027
128,1765,0.9593301435406698,electron_positron,207.36,176.63514976501466,70.97577514648438,2.9215602023653435,40.84035873413086,7.260230903913863,0.4277227722772277,0.2988512858800156,2.9215602023653435,100.37320574162679,17.59116921130681,0.0835180962807986,0.8316594534319522,2.4886681321967057,0.9894771508669981,0.144689211457275
128,1761,1.0,alpha,1525.7600000000002,538.3212661743164,123.60498046875,12.343839173905659,74.63838291168213,2.469681630673972,0.3021737752709297,0.2466353114913192,12.343839173905659,216.24543761638733,30.779272189301103,0.06616266887337059,0.5614854610006725,4.35517455795736,0.5108915570971669,-0.8596451691755339
129,1786,1.0,electron_positron,61.120000000000005,73.35878744125367,30.769036865234376,1.9864125181330872,11.689369201660156,4.501976960539823,0.4216335540838852,0.2906422917926109,1.9864125181330872,133.19565217391303,15.10775724330046,0.14272134216199878,0.9076501816270647,2.3841756166290997,0.3968072984456144,0.9179019380632624
129,1787,0.9923115493899382,v_track,7383.68,775.5956075668336,179.17938232421875,41.20831260953614,-51.29542541503906,1.3222196039135548,0.47059063468755097,0.3040887744435659,41.20831260953614,214.5355172990139,36.750909061228185,0.15424533883631367,0.6612593438199721,4.328598511202705,-0.975951583293822,-0.21798740116410856
129,1773,0.9790428061831153,alpha,4162.240000000001,421.55457029342654,171.83620605468752,24.222136274792707,-48.96465301513672,5.137654718740231,0.8335148990708107,0.7242069386154429,24.222136274792707,232.6214328180737,30.78236381960903,0.29432650840839814,0.8885365839316236,2.453234856449666,-0.9904390326136043,-0.1379511604714783
129,1772,1.0,alpha,746.2400000000001,380.8390163421631,83.58690795898438,8.927713899480237,86.42366552352905,2.269647812016147,0.294407271809115,0.24241555062910436,8.927713899480237,182.5264301230992,26.985611599183322,0.06465550659879246,0.5491176045246754,4.556204142986586,0.12451362219157466,-0.9922178983916455
130,1801,0.9021739130434783,electron_positron,36.160000000000004,62.82152910232544,26.11727294921875,1.3845243364538051,-26.565052032470703,6.0833334369955905,0.4064748201438849,0.32248861535658563,1.3845243364538051,113.6195652173913,15.705054843490716,0.11513868885955286,0.8766778560970452,2.4053632714438753,-0.8000000179153027,0.599999976112929
130,1802,0.9923284557465549,v_track,6023.040000000001,942.9523740768433,181.49904785156252,33.18496747666629,-41.72951126098633,1.3901866397587865,0.4101815328960272,0.25417928618898905,33.18496747666629,181.421926910299,44.29487000023545,0.08512283805480035,0.5342321857387835,5.195357139548352,-0.9934906395550053,0.11391377930955754
130,1789,0.9337704918032786,alpha,918.4000000000001,172.22337474823,72.43949584960937,12.678166644156075,-40.236358642578125,4.283333713781795,0.9079405251502689,0.7496576001660613,12.678166644156075,221.99081967213115,33.845530217763994,0.3890967013190712,0.9160921814406483,2.3774789253887207,-0.9862068984774369,0.16551722990527137
130,1793,1.0,electron_positron,45.440000000000005,40.11370830535889,16.443841552734376,2.763344553903463,18.434951782226562,3.6111107481001823,0.7357512953367875,0.6068377141256008,2.763344553903463,130.97894736842105,15.692424553447815,0.3548645057136166,0.9335107715223313,2.4394365621145595,0.6000000826393695,0.7999999380204662
130,1788,0.9915485955754412,alpha,5009.280000000001,417.72513275146486,168.21796875,29.778507238097895,-48.99091720581055,4.634128756288504,0.9214739816340947,0.8203489659092368,29.778507238097895,220.17723092219734,39.32248625807388,0.3607480235719385,0.8886142582200082,2.4832372894258055,-0.9903121437079252,-0.13885913014495574
131,1811,0.9613007444865852,proton,9412.160000000002,1791.028035259247,701.5836914062501,13.415591204998401,-31.452634811401367,12.588650580875782,0.3110281599289393,0.24071852308465827,13.415591204998401,118.09871655705255,33.93081768089136,0.03687180491490973,0.8000640332599556,2.5528359014009023,-0.8902546983443639,0.45546303041606545
131,1808,0.9617486338797814,electron_positron,220.8,188.27047481536866,76.45333862304688,2.8880360750320433,66.3706226348877,5.835664382496661,0.30598669623059865,0.22044307759438286,2.8880360750320433,98.3711111111111,19.966473256962274,0.07827886090718497,0.8511788093479282,2.4625539996838604,0.7344262208481919,-0.6786885339613767
131,1810,0.9989865720800608,proton,2757.1200000000003,546.2270660400391,210.3115234375,13.109695345910783,-38.32780075073242,7.695421788349235,0.5560503388189738,0.47969142895549943,13.109695345910783,133.21372719374457,32.03481385877573,0.11612322819458766,0.806059816524528,2.5972284214961996,-0.9730003150752993,0.23080378433502413
131,1807,1.0,electron_positron,56.96000000000001,63.95289993286133,25.61249694824219,2.223914369423057,-38.65980529785156,4.659090634677146,0.5250737463126843,0.4045454307653519,2.223914369423057,107.608,11.610957583248656,0.17500858770251748,0.8552321718111845,2.4969412416953154,-0.9756097334456113,0.21951229579725887
131,1804,0.9949238578680203,electron_positron,97.60000000000001,78.547012424469,30.54700927734375,3.1950754692174868,-45.0,4.1538454834868395,0.5743879472693032,0.4344729687515491,3.1950754692174868,108.71065989847715,17.668479435265024,0.19879265752009403,0.8467678124645254,2.571348694444078,-1.0,6.123233995736766e-17
131,1805,0.8992628992628993,electron_positron,208.96,146.75087900161745,53.7908935546875,3.884672408119731,-69.14554595947266,4.018616841794235,0.38938580799045913,0.29021659490099566,3.884672408119731,112.33906633906633,12.756576455417846,0.12193028842669175,0.7950376079360257,2.7281732892654116,-0.6653464304422874,-0.7465347463432004
131,1803,0.9776119402985075,electron_positron,141.12,81.35878744125367,33.23077392578125,4.246666066676095,22.61986541748047,3.6734695254506713,0.6702127659574468,0.46944432939003095,4.246666066676095,116.8955223880597,8.650139034959219,0.2679103533687101,0.8824074625358506,2.448296498389209,0.7100591831360904,0.7041420001989002
132,1815,0.7598130841121495,alpha,617.6,179.65483322143555,63.2,9.772151898734178,0.0,2.5483870967741935,0.6907659269863994,0.3940383830134749,9.772151898734178,192.51308411214953,32.538019700072056,0.24045806085053426,0.8250209023436466,2.842639766161955,0.0,1.0
132,1826,1.0,electron_positron,93.76,136.53523740768432,56.04826049804688,1.6728440662893949,1.8476104736328125,8.726908229254438,0.32056892778993434,0.2604676134216351,1.6728440662893949,90.82743362831859,12.951965360055237,0.06320303929745442,0.85609482053866,2.436029882005744,0.06444907168193703,0.9979209974538749
132,1829,0.8971499380421314,proton,941.1200000000001,264.11942052841187,96.67355346679688,9.735030587483614,34.592288970947266,3.5863521133649,0.5689688527761656,0.3611457970569476,9.735030587483614,104.82156133828997,22.258988823300726,0.1695329797364988,0.7827159496318686,2.7320752269556876,0.9347300599219811,0.35535857254082065
132,1814,0.9852146715951094,alpha,2122.5600000000004,365.92328710556035,124.0191650390625,17.114774150684326,40.266563415527344,4.15719824646938,0.6654961372529347,0.5736976947517287,17.114774150684326,195.2450952516349,44.93590268985912,0.19920018733122608,0.7582650328163351,2.950538225203378,0.9863808626319542,0.16447733531840103
132,1821,1.0,electron_positron,888.3200000000002,445.24674949646,121.90654296875,7.286893536368392,66.23617744445801,2.1307419427897454,0.21733343772019104,0.12736387491985354,7.286893536368392,99.47116564417179,28.161085110346725,0.05630899665702892,0.6613978759331258,3.6523613799022767,0.7376032220429308,-0.6752343939935871
132,1813,0.9996631862579993,alpha,1767.68,348.81950817108157,153.60000000000002,11.508333333333333,-90.0,8.727272727272727,0.7146183699870634,0.6538825757575758,11.508333333333333,220.17649040080835,36.79418290891447,0.18256267113845417,0.9323275411738258,2.270960339655479,-1.2246467991473532e-16,-1.0
132,1817,0.5322128851540616,electron_positron,170.88000000000002,165.5959581375122,62.169750976562504,2.7486035783611293,36.027374267578125,4.697777744468574,0.30358158044343375,0.20769471513018353,2.7486035783611293,113.80112044817928,11.869373005821188,0.07830718906743708,0.8177363413552843,2.6636098027791775,0.951351360842366,0.30810807880251745
132,1812,1.0,alpha,1101.76,177.81362066268923,70.63191528320313,15.598614246582777,60.945396423339844,3.317518715332719,0.8977835723598435,0.7326531425461745,15.598614246582777,231.23503569467326,29.440596327074108,0.4378918020191685,0.9097770195933808,2.517468483613028,0.8490565941395809,-0.5283019022756732
133,1842,1.0,electron_positron,72.96000000000001,133.25483322143555,57.93784790039063,1.2592804642215247,-72.38742065429688,14.12094240652722,0.3202247191011236,0.30691900982426934,1.2592804642215247,101.87894736842105,14.573266041025011,0.051633165242590144,0.8979061299317488,2.2999617357298687,-0.5767910705467265,-0.8168917069829764
133,1839,0.9745762711864406,electron_positron,181.76000000000002,122.329349899292,51.435400390625006,3.533752991512222,-13.495734214782715,6.5078738454885245,0.4986830553116769,0.44710877129812066,3.533752991512222,92.98022598870057,13.797656148895937,0.15263243845266453,0.9013819381048375,2.3783104432018507,-0.45385782027647587,0.8910741153090949
133,1840,0.6186915887850467,electron_positron,257.28000000000003,249.6390163421631,102.55982666015626,2.508584583050504,47.40021514892578,7.60642631000957,0.24617268830373545,0.18605105327086818,2.508584583050504,93.78878504672898,21.202236379586246,0.05187892469378231,0.8573394840725088,2.4340818863644396,0.9964922307912367,-0.08368532710520189
133,1838,0.8888888888888888,electron_positron,226.88000000000002,174.7273289680481,61.867425537109376,3.667196396654854,-50.194427490234375,5.075630207918336,0.4141355140186916,0.30085837009762084,3.667196396654854,102.13555555555556,20.369952332410865,0.09338656508137406,0.7436769155889271,2.824221752418694,-0.9836065662996889,-0.1803278201835086
133,1831,0.9646359583952452,alpha,2064.9600000000005,250.15474557876587,78.0072998046875,26.471368771514836,8.53076171875,1.9276637202564615,0.8449653005106718,0.6541425909388124,26.471368771514836,136.6410104011887,41.65449889301422,0.4146713352982023,0.7748499813266944,3.206812006121175,0.2933984031566734,0.9559902599007556
133,1835,1.0,electron_positron,60.48000000000001,140.83330411911012,63.32457275390625,0.9550794797311793,-86.8201675415039,16.033708331828176,0.26732673267326734,0.2418250158786788,0.9550794797311793,87.9888888888889,16.749125645135717,0.03831871259755358,0.9286055384051283,2.223991382719951,-0.11076931190052149,-0.9938461448036537
133,1830,0.808974358974359,alpha,463.36000000000007,95.29015827178955,35.2,13.163636363636364,-90.0,2.0,0.9627659574468085,0.7479338842975206,13.163636363636364,172.9820512820513,42.37723972929676,0.6412572786194346,0.9542361419187124,2.7071067690849304,-1.2246467991473532e-16,-1.0
133,1844,0.8944444444444445,proton,3488.96,1173.868103313446,470.081982421875,7.422024520116224,3.0836639404296875,21.046603981307115,0.3900057232794391,0.33230035750284925,7.422024520116224,119.45435244161358,19.020193466800624,0.03181758774201778,0.8143578889294119,2.497156128523893,0.107432437456325,0.9942123874616494
133,1847,0.946448087431694,proton,532.1600000000001,145.58620405197144,54.27759399414063,9.804413955000433,-7.125016212463379,3.1079543280164916,0.777466105656849,0.5614042285735502,9.804413955000433,140.79890710382514,25.43563609397316,0.3155089231630423,0.8377404778706302,2.6822523501629005,-0.24615384153778838,0.9692307704031013
133,1846,0.8005681818181818,proton,1967.3600000000004,772.9722328186035,315.20000000000005,6.2416243654822345,0.0,16.416666666666668,0.37190732563063333,0.3250846023688663,6.2416243654822345,120.70710227272727,23.109687943164637,0.04137765886289378,0.8368411726261723,2.452323073663082,0.0,1.0
133,1834,0.5138888888888888,electron_positron,256.32000000000005,188.19007062911987,67.93581542968751,3.7729730390192664,55.61965560913086,3.173701168053969,0.2678034102306921,0.1762588535257191,3.7729730390192664,121.38888888888889,11.836164800226877,0.09094921353136476,0.7990880796195271,2.770115725245009,0.9320754674875005,-0.36226416177695175
133,1833,1.0,electron_positron,97.60000000000001,79.20975408554078,32.838250732421876,2.972143698983257,33.690067291259766,4.228571305065345,0.5295138888888888,0.38272201715187004,2.972143698983257,114.98984771573603,12.986517744338455,0.19548000961818063,0.8904820336092415,2.4121185604851774,0.9230769199256637,0.3846153921784071
134,1867,1.0,proton,9438.720000000001,2975.7240810394287,1019.36943359375,9.259371223957672,-2.405970573425293,14.77463059329417,0.17729797311918444,0.1342043275496852,9.259371223957672,148.60459881987956,32.09481654033537,0.01339484362473642,0.7087654820202465,2.9191811947397923,-0.08388552291114414,0.9964753981137336
134,1853,1.0,alpha,531.84,150.694024848938,64.3873291015625,8.260010275641234,23.051300048828125,5.8981350311527025,0.8835725677830941,0.7566497421813165,8.260010275641234,202.6032786885246,42.13990476910996,0.29430578360123905,0.9060152609964752,2.340429816730526,0.7205825776970808,0.6933691287614633
134,1864,0.9869281045751634,electron_positron,72.32000000000001,70.35289993286133,28.18157958984375,2.5662152743937434,-34.99201965332031,4.673913153507356,0.49130434782608695,0.42560663739526416,2.5662152743937434,135.281045751634,23.667207261525313,0.18361335838064338,0.8791375030577321,2.496414358484559,-0.9395973089217927,0.34228189707743106
134,1863,1.0,electron_positron,107.52000000000001,199.08224983215334,40.800000000000004,2.635294117647059,0.0,1.2142857142857142,0.1337579617834395,0.0784313725490196,2.635294117647059,126.6832740213523,38.02859063923832,0.034090552481722845,0.6275617585619273,4.879466907650817,0.0,1.0
134,1852,0.8578649413667611,alpha,3012.1600000000003,418.38216218948367,133.34412841796876,22.58937109370387,15.068489074707031,2.3205791829288085,0.614425587467363,0.3931213540291068,22.58937109370387,189.1748887990295,52.06983032741017,0.21624276257857447,0.7430862544103252,3.13761218550291,0.5020689931459087,0.8648275701672868
134,1850,0.9695731153496822,alpha,1332.4800000000002,212.27047481536866,86.2526611328125,15.448566832601689,-71.80083465576172,3.878744928006216,0.8115377119469889,0.6947153799075483,15.448566832601689,214.60172570390554,41.36611153125599,0.37161341253384383,0.906597761057701,2.4610310224343452,-0.5933954357852841,-0.8049110862630684
134,1849,0.6261627906976744,alpha,979.2,346.14094963073734,111.94639892578125,8.747043311765614,54.75242614746094,3.2288945542139067,0.39271047227926076,0.2522928900424749,8.747043311765614,205.71511627906978,36.764116154402245,0.10270115012463239,0.7037316873309145,3.092023977119831,0.9426132181020672,-0.3338866889519026
135,1880,0.8888888888888888,electron_positron,301.76000000000005,189.7900706291199,44.84706115722656,6.72864602971593,28.072486877441406,1.2171137524428435,0.27924193070772874,0.18261012888617234,6.72864602971593,123.61458333333333,21.31698745116337,0.10527483277752851,0.7001063876341775,4.231939969572287,0.830449825853735,0.5570934272987802
135,1879,1.0,electron_positron,65.28000000000002,71.79209156036377,31.112698364257813,2.0981786676205973,-45.0,9.166667078769205,0.6623376623376623,0.618181846289126,2.0981786676205973,118.88571428571429,13.791863913339688,0.15916105075721879,0.9078652780846971,2.3074852177668506,-1.0,6.123233995736766e-17
135,1874,0.9041095890410958,electron_positron,527.0400000000001,594.7427952766419,190.268310546875,2.7699830754010772,37.07307434082031,2.777800945752366,0.06940581542351454,0.0404400584861005,2.7699830754010772,125.04242424242425,30.157808910444583,0.018723846071016684,0.7291197256555536,3.125811090492231,0.9619616570408569,0.27318449879744044
135,1881,0.9332273449920508,proton,5445.760000000001,1586.8850646972658,656.5666015625001,8.294299446606265,34.17254638671875,22.275448511570577,0.361439130065415,0.2814021301460284,8.294299446606265,160.69249679350148,43.54107945337664,0.02717549204478768,0.8339349106120589,2.4169445429005827,0.9294232808721293,0.3690153993709302
135,1872,0.8125,electron_positron,43.2,48.97056245803833,17.961737060546877,2.40511259319619,-71.56505584716797,3.2272729889729255,0.5075187969924813,0.4321383216609878,2.40511259319619,104.95833333333333,13.403137588722375,0.2263723745556045,0.8473460655733825,2.7263823255492716,-0.5999998695864778,-0.800000097810125
135,1869,0.9371468926553672,alpha,863.3600000000001,120.18031654357911,36.055187988281254,23.945513757426852,50.19443130493164,1.1503268304770455,0.9463346194317783,0.7639723568679802,23.945513757426852,221.66101694915255,38.26119429390979,0.7511645787559695,0.9098553693304906,3.333232282206944,0.9836065422875784,-0.18032795115864383
135,1868,0.9993718592964824,alpha,969.6,134.85483322143554,44.800000000000004,21.642857142857142,0.0,1.435897435897436,0.9591642924976258,0.6936813186813187,21.642857142857142,185.56155778894473,35.632793314338144,0.669991724255561,0.9343923378459731,3.0101525272641863,0.0,1.0
136,1885,1.0,electron_positron,72.96000000000001,75.26660823822021,32.3199951171875,2.2574260836196873,53.13010025024414,6.733333386315248,0.5772151898734177,0.47029717550582445,2.2574260836196873,94.38709677419355,13.065288706746406,0.1618415383507864,0.8948612592218171,2.3287939235545885,0.9600000205633031,-0.2799999294972369
136,1886,0.9964303926568078,proton,3473.2800000000007,812.9836572647096,336.079052734375,10.334711347645811,-50.1397590637207,11.830011769169587,0.4635490070467649,0.36378273468370614,10.334711347645811,152.40788799726823,31.51831031627249,0.06603680130946567,0.8451660159440044,2.419025079516821,-0.9839488925881313,-0.17845048830022833
136,1882,0.8820655966503839,alpha,1741.1200000000001,277.2605454444885,118.16835937500001,14.734231813058038,-39.025672912597656,5.997011979726438,0.8651613929082526,0.7477582422428842,14.734231813058038,223.04466154919749,34.902237521285315,0.2846180387593847,0.9103839841487271,2.3463179730254127,-0.9783335287703135,0.20703503685083385
137,1899,0.7401372212692967,proton,1381.7600000000002,316.952724647522,100.62395629882813,13.73191882752569,54.46232223510742,2.5104409656368563,0.5666666666666667,0.34259407828334404,13.73191882752569,153.45969125214407,34.235770735392535,0.17284367884705448,0.7133154719617856,3.149873412910254,0.9459459456393514,-0.3243243252185585
137,1898,0.9805484693877551,proton,4839.04,1938.2337474822998,811.182275390625,5.965416339588732,56.92808151245117,25.28764117545656,0.22058201444095982,0.18596474853334644,5.965416339588732,125.54687318038896,41.77307292902597,0.016186642467149563,0.8461581701293375,2.3893936126118422,0.9145636612578264,-0.40444197297842344
137,1890,0.8707317073170732,alpha,480.32,125.17442903518678,50.95479431152344,9.426394640383732,-68.19859313964844,4.035293937808923,0.8362116991643455,0.7465101893097552,9.426394640383732,168.74512195121952,54.74247615624298,0.38522041642093324,0.9188072184010261,2.456578045824405,-0.6896551060359033,-0.7241379942515149
137,1893,0.7900874635568513,electron_positron,275.2,470.29771614074707,198.30904541015627,1.387732967151411,61.716590881347656,12.678101661225433,0.12558411214953272,0.08871919886352571,1.387732967151411,106.44169096209913,15.494810926686586,0.015635528090002536,0.8571927887725558,2.3715394079379757,0.834528922812932,-0.5509641340311431
137,1888,0.828584773470341,alpha,1292.16,216.13321647644045,90.87380371093751,14.219279343805841,-26.565052032470703,4.535714481554347,0.9053811659192825,0.7097159863817191,14.219279343805841,196.48201774871555,41.53209345073318,0.34760268598469846,0.9078571179092211,2.3783885745989393,-0.8000000179153027,0.599999976112929
137,1887,0.9913647456354421,alpha,3302.7200000000007,297.605712223053,109.3896484375,30.19225353747266,60.98963928222656,2.688184058353381,0.889971544364922,0.7419562618995867,30.19225353747266,234.92078092735125,28.959733214265487,0.46859655866580935,0.8918289606676124,2.720602145394869,0.8482396898492255,-0.5296125268198344
138,1909,0.976,electron_positron,620.48,529.3036036491394,154.29959716796876,4.021267789342008,-33.079261779785156,3.128428898055112,0.13517847183491355,0.08153132341169379,4.021267789342008,129.46714172604908,21.606104280655664,0.02783094479238676,0.6320675812730273,3.4303628354450315,-0.9146673015207236,0.40420753027225703
138,1908,0.7688888888888888,electron_positron,759.6800000000001,687.4623910903931,163.08275146484377,4.658248608000501,-88.09085083007812,3.4905874118885434,0.1346644733110216,0.09970413061150185,4.658248608000501,121.47555555555556,23.208903722342104,0.020199595300563308,0.5247468311810374,4.215420606504738,-0.06659256115581982,-0.9977802517582258
138,1912,0.7660297239915075,proton,1418.5600000000002,238.88813734054565,93.27443847656251,15.208453925524816,-2.14758563041687,4.380103285260039,0.7925978902199178,0.7141785047535371,15.208453925524816,186.8123142250531,41.05399604739642,0.3123693438222809,0.8877678386747652,2.5611318732363335,-0.0748946863926009,0.9971914489957051
138,1911,0.8418032786885246,proton,2753.92,1005.105449295044,388.6435546875,7.085978827603016,0.5509033203125,9.727763192368771,0.24410029498525074,0.17736232388180673,7.085978827603016,162.14569672131148,43.13944557210579,0.03425610088382788,0.7874032318198859,2.5861883908076844,0.01922896840651384,0.9998151062941694
138,1907,0.9476987447698745,electron_positron,253.12000000000003,145.311687374115,54.705603027343756,4.626948356157995,-76.39945983886719,3.607940962059517,0.40815273477812175,0.3051562468870375,4.626948356157995,152.7217573221757,32.86564489683789,0.15063824041125856,0.837092262752522,2.656248708226161,-0.4571146970837137,-0.8894077544692673
138,1910,0.9590504451038576,proton,3950.0800000000004,969.4977161407471,443.340234375,8.909816194707966,-7.431407928466797,21.82342825437259,0.5045987818337898,0.43858580703592676,8.909816194707966,171.74629080118694,43.510001164966376,0.05281073048058038,0.9286820713255927,2.1868029133595304,-0.256505574767343,0.9665427513117436
138,1900,0.9873125720876585,alpha,2118.4,286.98804969787597,100.9580078125,20.98298139890309,-47.121097564697266,2.761741185105562,0.7671804380577124,0.5739967058708108,20.98298139890309,197.30132641291812,38.89005780020313,0.3232140312660897,0.7963205704167455,2.842647709836672,-0.9972602709565805,-0.07397264340016291
139,1925,0.9701789264413518,electron_positron,262.72,163.29991235733033,65.77565917968751,3.994182700355694,75.9637565612793,6.163636125760567,0.472926267281106,0.3742826615776868,3.994182700355694,133.43737574552682,24.54612962960179,0.12380297933324229,0.8554466730851844,2.4826799821378263,0.47058823439458175,-0.882352941656223
139,1932,0.9905020352781547,proton,1780.48,292.4978914260864,104.80000000000001,16.98931297709924,0.0,4.225806451612903,0.7770949720670391,0.6850529426249692,16.98931297709924,191.82462686567163,42.30687757475553,0.26151793862850387,0.8205065172632646,2.7910104143710535,0.0,1.0
139,1928,0.964800923254472,proton,2058.2400000000002,446.7801412582398,162.04383544921876,12.701748229385812,-9.659893035888672,7.360518660681054,0.7051858348865256,0.5769516292087836,12.701748229385812,148.46624350836697,39.435012132713204,0.12957408654294258,0.7666102907816194,2.75715604990263,-0.33084029776234514,0.9436867580805205
139,1919,0.9532163742690059,electron_positron,169.28000000000003,135.32346239089966,51.987396240234375,3.2561738467869237,-29.24882698059082,3.42279427646602,0.30125284738041,0.21438298533857056,3.2561738467869237,117.22222222222221,23.952506071568234,0.11616339923916494,0.8540630309273861,2.60300519313505,-0.8526187693599369,0.5225334765688672
139,1914,0.9868995633187773,electron_positron,91.84000000000002,154.08813734054567,62.96189575195313,1.4586600181451979,-65.6589126586914,9.522310247938824,0.2659870250231696,0.22060665539302438,1.4586600181451979,130.91703056768557,19.60610184637483,0.04860750487761632,0.8485272414679895,2.44732366299129,-0.751058763714739,-0.6602353621605616
140,1945,0.953125,electron_positron,98.56,65.82741661071778,27.988006591796875,3.52150838884279,-15.068489074707031,4.341014270954663,0.6844444444444444,0.5461953183808961,3.52150838884279,99.74479166666666,15.16034004807496,0.285822843623,0.9311904814984181,2.351986605220088,-0.5020689931459087,0.8648275701672868
140,1936,0.9902178746109382,alpha,2748.8,362.9644996643067,153.71490478515625,17.882455861010577,-67.80970764160156,6.253370296227273,0.8662767244856797,0.7274871520177885,17.882455861010577,214.73699421965318,40.73369430245104,0.26219518122334473,0.8926917789998722,2.3612837035654657,-0.6994211936949242,-0.7147097269593912
140,1944,0.9309701492537313,electron_positron,274.88000000000005,186.3626540184021,71.94014892578126,3.8209540028001117,7.1250152587890625,6.144067164898772,0.39205842081241443,0.32632957225891296,3.8209540028001117,127.64925373134328,33.50957926366964,0.09945697199254883,0.8300781021890187,2.5905236060974453,0.24615380927256733,0.9692307785974424
140,1941,1.0,electron_positron,48.32000000000001,56.03330411911011,22.435687255859378,2.153711604594622,78.69006729125977,3.404761425097667,0.43641618497109824,0.32683974011956735,2.153711604594622,161.34259259259258,21.858197054278055,0.1933945918013842,0.9028375267671516,2.4975078088805267,0.3846153921784072,-0.9230769199256637
140,1948,0.9966651845264562,proton,6594.240000000002,1471.3382275581362,600.346923828125,10.984048952814963,61.67706108093262,15.971175489423612,0.37749363424865817,0.29221133056067966,10.984048952814963,118.99270598829355,18.524652664561476,0.03827802977907457,0.8270668795405937,2.4508133033748494,0.8352883761532731,-0.5498120848646636
140,1934,0.973186119873817,alpha,3474.8800000000006,496.1389286994934,111.18153076171876,31.2541118672603,-85.74115753173828,1.9596114810367922,0.6577624326125144,0.5508641230705137,31.2541118672603,177.021906764809,40.84402263928331,0.1773956909577354,0.580391311762331,4.462422178399441,-0.14811467408642945,-0.9889701933426865
140,1933,0.9944036376355369,alpha,1758.08,197.48224983215334,73.61782226562501,23.881173687216165,18.43494415283203,2.328000494878041,0.9022828050583018,0.7551891980926922,23.881173687216165,233.65022735222107,28.108184467360026,0.5664901525486155,0.9009011301557078,2.682533165944592,0.5999998695864777,0.8000000978101252
141,1953,0.9832139201637666,alpha,3020.8,304.152724647522,123.20197753906251,24.51908695249817,-43.05191421508789,3.4474816732984714,0.8760207869339273,0.6861018354023438,24.51908695249817,213.0444216990788,45.3703544232301,0.41034430844452296,0.890783638952261,2.4687324889008955,-0.9976888213025029,0.06794862653521742
141,1952,0.9400630914826499,alpha,4468.8,563.9074702262878,220.02626953125002,20.31030208129445,-66.25939178466797,5.131978623389748,0.639686684073107,0.4737254162325717,20.31030208129445,197.40200246879712,46.805953119191656,0.1765977177528835,0.8268346357296787,2.562909744493927,-0.7370558149906611,-0.6758318767182059
141,1961,0.9998209489704566,proton,3335.36,682.487786769867,243.34294433593752,13.706417538021979,64.59228134155273,8.735407431557212,0.5867484800720558,0.49202635378806464,13.706417538021979,121.6683974932856,18.824486768230845,0.08998348562067696,0.7358444469464618,2.8046335538197704,0.7751147494979171,-0.6318204848774541
141,1951,0.9817351598173516,alpha,1414.4,355.2390163421631,91.2,15.508771929824562,-90.0,2.28,0.46817074462451014,0.387719298245614,15.508771929824562,166.56039850560398,39.156684447365,0.1408447924111616,0.6248835816921932,3.895164652874595,-1.2246467991473532e-16,-1.0
141,1950,1.0,alpha,88.64000000000001,52.44507913589478,23.200000000000003,3.820689655172414,-90.0,4.142857142857143,0.9295302013422819,0.6822660098522167,3.820689655172414,134.64117647058822,11.355514795154702,0.40497677843421115,0.9611862230763185,2.2605637558575333,-1.2246467991473532e-16,-1.0
141,1949,1.0,alpha,2140.1600000000003,205.20773315429688,76.54948120117187,27.95786419996321,16.699241638183594,2.0346233558647033,0.9397217928902627,0.743097439574391,27.95786419996321,228.6505780346821,31.044972733694085,0.6386584474740151,0.9144872494645125,2.6807201033147616,0.5504586399487263,0.834862435198637
141,1960,0.9993639688344729,proton,3792.6400000000003,660.7172243118287,231.6900146484375,16.36945815621311,59.287174224853516,8.266035929296384,0.6434310532030402,0.5840153684123557,16.36945815621311,143.7503577675306,25.993651333259862,0.10917425271148078,0.7383864747633592,2.8517293907309287,0.8781971996946226,-0.4782987334799488
142,1976,0.9806299212598425,proton,7540.160000000001,1288.9463112831118,516.256494140625,14.605453075319781,21.966476440429688,13.281767806583423,0.4546735103426984,0.37575553752454394,14.605453075319781,170.4703952632421,31.66720343799827,0.05703228469448947,0.8175534088979642,2.496716895404343,0.6938161286486472,0.7201521919893071
142,1971,0.9771863117870723,electron_positron,119.68,140.5449914932251,56.26214599609375,2.127185123871907,-60.25511932373047,6.914632550041688,0.3150800336983993,0.2614316115583356,2.127185123871907,119.0,21.79719868979575,0.07613786551317432,0.847465211275906,2.498038228100703,-0.861538450539021,-0.5076923263580244
142,1975,0.9102056962025317,proton,1489.6000000000001,369.899737071991,147.921875,10.070180627442696,25.201126098632812,6.073426615923464,0.5236220472440944,0.4134648986153489,10.070180627442696,180.05419303797467,37.914907097383825,0.13680799636143648,0.8446823961612607,2.500642566030149,0.7705382982069543,0.6373937017231429
142,1963,0.6952967032967033,alpha,7025.6,701.6682785987855,266.03305664062503,26.40874817857934,86.53177046775818,5.360311867460019,0.693089623386053,0.5321110393345945,26.40874817857934,203.94145054945054,40.80416376735404,0.17932035810227462,0.8073584140803365,2.6375228983165244,0.12076853646093454,-0.9926806941817111
142,1962,0.9486478274080826,alpha,2012.8000000000002,257.8469247817993,84.11956787109375,23.927845220085402,-31.759477615356445,1.9351714781687597,0.7536544452432303,0.5504603123366459,23.927845220085402,156.94925554542692,49.49312977953684,0.3804403525768662,0.7933125895014232,3.0652430975029294,-0.8950819287762617,0.44590171650058413
143,1991,0.9830508474576272,electron_positron,88.0,219.0253956794739,88.45732421875,0.9948300016670292,19.558250427246094,6.104038023758531,0.08661417322834646,0.06864869823932732,0.9948300016670292,121.375,35.58280329248267,0.023051733443309904,0.8687780874403693,2.4760572130560536,0.630899278169282,0.7758647438861227
143,1981,0.9027522935779817,alpha,641.6,151.98620405197144,58.400000000000006,10.986301369863014,0.0,3.3181818181818183,0.7368614479970599,0.6242216687422167,10.986301369863014,171.39908256880736,40.680917681125386,0.34903251172945465,0.8768652296072434,2.6025034940406067,0.0,1.0
143,1980,0.9920364050056882,alpha,2648.6400000000003,518.9271536827088,138.584130859375,19.11214497342156,-19.112974166870117,3.2298970572399415,0.5786897853597147,0.4454352776497677,19.11214497342156,212.0691056910569,34.40736766722188,0.12360043655365836,0.6005378210869091,3.744491887092599,-0.6187642338289756,0.7855767454132287
143,1992,1.0,proton,3811.84,1445.6463989257813,541.4919921875,7.039513150695111,88.06024265289307,16.61589075598067,0.2944724611885692,0.2160101777585241,7.039513150695111,165.48916089072407,30.40830257601639,0.022920303793839716,0.7632013605632137,2.6697465886535285,0.06765857824509797,-0.9977085329843841
143,1979,0.9427054731832326,alpha,3387.2000000000003,305.9939372062683,121.91700439453126,27.782834862303567,11.888656616210938,3.4011496209036656,0.9125786705750496,0.7750647969807857,27.782834862303567,215.79388614314482,42.47291761460348,0.4545954256124278,0.9003012943436696,2.509854459809825,0.40318297840348327,0.9151193834280292
143,1988,0.7189873417721518,electron_positron,156.48000000000002,279.2958704948425,116.33278808593751,1.3451065909673283,52.08993148803711,7.949235734384503,0.15769106739761368,0.09191363462874091,1.3451065909673283,140.63797468354431,43.039788197085606,0.025208074426495246,0.853872379957174,2.4008353542469965,0.969531505107765,-0.24496665202323348
143,1987,1.0,electron_positron,72.32000000000001,118.85483322143556,51.86875610351563,1.3942883044210541,18.82471466064453,8.39554150510015,0.31966053748231965,0.22568124260549335,1.3942883044210541,131.57222222222222,12.383246099089643,0.06433311606116934,0.8961041084547797,2.291453316987867,0.6108284485277022,0.7917629736665136
143,1982,0.9829059829059829,electron_positron,107.52000000000001,114.60386657714844,46.13703918457031,2.330448635203234,83.01894235610962,6.426636419874251,0.3884393063583815,0.32461870848990476,2.330448635203234,138.7008547008547,25.195904211063358,0.10287280433913011,0.8606687682631624,2.483988322672331,0.2412802706484681,-0.9704554760501906
143,1978,1.0,alpha,1057.92,199.24305820465088,76.56142578125001,13.817924486185394,-61.75026321411133,2.3857752242591705,0.7361389445557782,0.430588400796198,13.817924486185394,236.75466365178065,24.56513272166596,0.33488546112363826,0.8861388389779282,2.6023948244371096,-0.8338807508869641,-0.5519446469531097
143,1977,1.0,alpha,527.0400000000001,192.2136206626892,66.01162109375001,7.984048736683734,-32.228759765625,3.28958957097923,0.5510204081632653,0.39787302634310573,7.984048736683734,177.6716738197425,37.168181916576685,0.17926071429836177,0.7694305954882856,2.9118148816510137,-0.9022658450193299,0.4311801768536612
144,1994,0.9994063520332442,alpha,2070.4,237.32144145965577,83.20013427734375,24.88457522314109,63.74975776672363,2.4310742838309913,0.8727910427627141,0.727117226606567,24.88457522314109,205.4235678242802,36.231301433105855,0.4619448906685626,0.8726608871369718,2.8524165678453817,0.7933584876673334,-0.6087547207588633
144,2005,0.8865248226950354,electron_positron,139.20000000000002,111.20975408554078,36.0,3.8666666666666667,0.0,3.4615384615384617,0.4281496062992126,0.3717948717948718,3.8666666666666667,155.7659574468085,32.265001634375814,0.14143709850555927,0.7667989675676189,3.089159835709466,0.0,1.0
144,2006,0.9934924078091106,v_track,7535.360000000001,1173.9014074325562,240.32375488281252,31.355036058230777,-10.530927658081055,1.0930060967945527,0.24463929521276595,0.14260448615897642,31.355036058230777,208.3455232277769,42.64543333934492,0.06871485317421774,0.6577065793497558,4.884666553270932,-0.3593756142672979,0.9331929960463711
144,2007,1.0,v_track,1614.0800000000002,374.552724647522,79.01669311523438,20.427076056525152,-64.35899353027344,1.6216696109787705,0.5588919667590028,0.41922747176611763,20.427076056525152,183.73233247894544,30.53949987709947,0.1445802591784913,0.5531584537041622,4.740172106434411,-0.7802340843129605,-0.6254876287156415
144,1993,0.9838129496402878,alpha,1682.88,263.39007062911986,94.86371459960938,17.73997578634697,-54.530128479003906,2.443978037885701,0.7319415448851775,0.45703577387253863,17.73997578634697,221.03741007194245,35.995353963551096,0.30483456908404116,0.8352793944034805,2.776510194027385,-0.9451756585036384,-0.3265623593928326
145,2018,0.9870309527926682,v_track,3558.0800000000004,400.0723204612732,143.387060546875,24.814512456211627,-14.036243438720703,3.930850271268829,0.8154150777354062,0.6802715157691337,24.814512456211627,207.54539166522568,39.575199421470444,0.2793499270125427,0.789336242842742,2.790156370703231,-0.47058823439458186,0.882352941656223
145,2017,1.0,v_track,94.4,51.507820796966556,20.0,4.720000000000001,-90.0,3.125,0.8286516853932584,0.7375,4.720000000000001,150.12921348314606,14.995884845608243,0.4471317467079264,0.9072957407353032,2.5753910398483275,-1.2246467991473532e-16,-1.0
145,2008,0.9309153713298791,alpha,1025.6000000000001,235.80184564590456,65.60000000000001,15.634146341463415,-90.0,1.6734693877551021,0.6720486475152023,0.3988302638128422,15.634146341463415,181.64824409902133,35.02352262553021,0.23178934920473304,0.7345091716403982,3.594540329968057,-1.2246467991473532e-16,-1.0
145,2016,0.9859213682344353,v_track,5892.4800000000005,679.8506160736084,221.30141601562502,26.626490268747133,73.27912712097168,3.9458060901710446,0.5891160380074864,0.47475054319076077,26.626490268747133,206.85087078944625,39.518304574153554,0.1602068163975766,0.7492182099680293,3.0720572344896677,0.5510888648442066,-0.8344465609280943
146,2020,0.9997295835586804,alpha,2271.6800000000003,271.4566788673401,92.5587646484375,24.543110624136325,-38.99099349975586,2.585608084716155,0.827871720116618,0.685606225351897,24.543110624136325,227.95727420227152,34.168066974745265,0.3873967345843702,0.8157612319786228,2.932803607507121,-0.9780821878359979,0.20821919661248267
146,2019,0.9822368421052632,alpha,2789.76,378.3212661743164,159.1423095703125,17.5299705498331,-26.168546676635742,6.3656842236713445,0.8423188405797102,0.701197923241103,17.5299705498331,222.93662280701756,36.8175822199719,0.24493745328383473,0.8871669821874844,2.377251324275685,-0.7916192704339083,0.6110146730461444
146,2030,0.9902539593290226,proton,6438.400000000001,1064.8073825836182,469.32490234375,13.718428252682598,76.29303932189941,14.123220539542265,0.5390055722246035,0.4128235827695664,13.718428252682598,142.89504263892792,31.522501713944845,0.071358499884449,0.8956952809245772,2.2688064862233026,0.46041548681082717,-0.8877035425775596
147,2041,0.6891891891891891,electron_positron,213.12000000000003,200.52144145965576,58.176953125000004,3.6633063189487896,-70.55996704101562,3.128877917716756,0.2884365526201819,0.19702025684575797,3.6633063189487896,143.14414414414415,34.96725542840669,0.06660585931296792,0.6410632976516709,3.4467504860354574,-0.627692256899946,-0.7784615794166415
147,2033,0.9097460535346603,alpha,1785.6000000000001,235.2390163421631,97.13209228515626,18.383213601102216,52.95752716064453,4.207724462525423,0.9055501460564752,0.7963536638550176,18.383213601102216,206.83013040494166,43.83787640700594,0.4054855029983365,0.9127064741298981,2.421846485624529,0.9616692942600836,-0.2742119043318738
147,2044,0.9625668449197861,proton,1750.4,458.64288291931155,191.36522216796877,9.146907573747153,-10.61965560913086,11.452941596013332,0.6324430570008094,0.5474296585317215,9.146907573747153,180.16310160427807,32.78263776823264,0.10456777119867962,0.8701491719239157,2.3966887908020333,-0.3622641617769518,0.9320754674875005
147,2032,0.9586119070359758,alpha,3873.6000000000004,399.0684538841248,144.48458251953124,26.809780894625018,-88.67802429199219,3.222419876991215,0.7679862961553102,0.5979348754455552,26.809780894625018,233.49522445081186,33.59173092619486,0.3056538280068069,0.8274050798823197,2.7620140981490477,-0.046129281955097794,-0.9989354780696835
147,2038,0.6611740473738414,electron_positron,1088.96,441.85263700485234,137.5697265625,7.915695023972219,-32.799530029296875,2.926255629761819,0.29285714285714287,0.16837532287201912,7.915695023972219,129.55818743563336,39.29565849990534,0.07009174769210326,0.6952240659671985,3.2118449897776893,-0.9106768836755881,0.41311936960026385
147,2043,0.9904,proton,3266.2400000000002,1840.9658194541933,774.6028808593751,4.2166638941186285,-7.697955131530762,31.746164632704573,0.2060812857114014,0.17281488294357794,4.2166638941186285,147.60555826426133,34.82536518750747,0.0121106236092018,0.8527551418471057,2.3766575944201924,-0.2654873002828538,0.9641143570077784
147,2031,0.981742472773863,alpha,3843.84,442.1604578018189,166.55462646484375,23.078554355326514,-35.594688415527344,5.098092515278878,0.7916694127726883,0.7064145122812407,23.078554355326514,205.6175528507367,44.19970751228584,0.2470673535926084,0.8168146809473045,2.6547473774026313,-0.9465894927958081,0.3224412072433899
148,2057,1.0,electron_positron,55.68000000000001,70.35289993286133,27.294125366210938,2.0399994230600873,-1.9749339818954468,3.523131566056804,0.3815789473684211,0.2633235637958239,2.0399994230600873,149.38582677165354,16.78396649791297,0.1413660369833272,0.8638292903384192,2.5775839668398195,-0.06888360944188902,0.9976247031575839
148,2056,0.8364312267657993,electron_positron,127.04000000000002,120.80975408554077,49.447723388671875,2.569177937706713,79.99202060699463,5.8950275554645195,0.4105480868665977,0.30629063786468025,2.569177937706713,93.50557620817844,19.63109982731651,0.10938212303907027,0.8642876776011753,2.4431813197130414,0.34228186579869335,-0.9395973203161901
148,2055,0.9686609686609686,electron_positron,172.16000000000003,148.81950817108154,60.64000244140625,2.839050017624102,-53.130104064941406,8.063829621021009,0.4731750219876869,0.37753322404296635,2.839050017624102,102.57549857549859,13.486698024787945,0.09768376455331124,0.8448205553055116,2.4541474633824305,-0.9599999832790488,-0.2800000573289694
148,2046,0.7264211198637428,alpha,2852.8,424.34683713912966,165.89055175781252,17.19688053220095,-76.20051574707031,4.899758730286925,0.6313739376770539,0.507928659158159,17.19688053220095,216.17905045773898,43.13133667333613,0.19908532608715174,0.8344779075738085,2.557992800932048,-0.46328008074924676,-0.8862119197917456
148,2059,0.9971938489168257,v_track,5468.4800000000005,643.5663453102112,170.4,32.09201877934272,-90.0,2.088235294117647,0.5976846670397314,0.39328454386449413,32.09201877934272,221.91828488045797,31.85945838003993,0.16591660100683497,0.6610095483112145,3.776797801116263,-1.2246467991473532e-16,-1.0
148,2052,0.9623430962343096,electron_positron,123.2,79.0960457801819,33.94630432128906,3.6292610480940173,-13.392498016357422,5.0607731589224105,0.6754385964912281,0.5410564497708291,3.6292610480940173,113.40585774058576,12.237474477458992,0.24746342919834138,0.9080227965792749,2.330034074742494,-0.4506437850071739,0.8927038585300323
148,2050,0.9640287769784173,electron_positron,66.24000000000001,60.83330411911011,24.27767486572266,2.728432618295067,19.17900848388672,3.5190471824882548,0.5348837209302325,0.3954861069326091,2.728432618295067,123.431654676259,10.351415542662075,0.22492999664836197,0.8866401274288006,2.505730242108147,0.6205733683563052,0.7841483880535046
149,2061,0.9895447614898715,alpha,2808.9600000000005,364.67820796966555,100.80000000000001,27.86666666666667,-90.0,1.8805970149253732,0.7069909793814433,0.5199004975124378,27.86666666666667,231.12807667174908,30.757228754437566,0.2654213139791558,0.6828735639486383,3.617839364778428,-1.2246467991473532e-16,-1.0
149,2060,0.8804243008678881,alpha,612.1600000000001,139.4607207298279,45.6,13.424561403508774,-90.0,1.78125,0.7531496062992126,0.5243969298245614,13.424561403508774,184.0646094503375,39.554055528394684,0.39552232479712274,0.8471676081067798,3.058349138812015,-1.2246467991473532e-16,-1.0
149,2065,0.8974358974358975,electron_positron,147.20000000000002,75.15289993286133,28.93856201171875,5.086638373406078,24.623565673828125,3.3508769357031607,0.7012195121951219,0.5889960668676893,5.086638373406078,97.88644688644689,21.38291055801711,0.32751122331383714,0.8714848502365006,2.596981145864399,0.7575323014323213,0.6527976809752396
149,2070,0.9883709936655006,v_track,6548.8,616.8682785987854,170.01009521484377,38.52006548037165,73.0481071472168,1.9630958928593074,0.6205840434242047,0.4447887770524985,38.52006548037165,222.36891368062777,34.247477475248154,0.2162652369490446,0.7192022985918383,3.6284214641444774,0.5577999491860203,-0.8299754313761782
149,2063,0.7212276214833759,electron_positron,436.1600000000001,182.06458730697634,65.71791992187501,6.63685035251426,38.65980529785156,3.226993613131166,0.46582365003417636,0.3258939681038492,6.63685035251426,132.5831202046036,22.579331505520443,0.1653502043989824,0.8114956557104389,2.770394856127726,0.9756097334456113,0.21951229579725887
150,2071,0.8974113135186961,alpha,624.6400000000001,115.54112491607667,39.2,15.934693877551021,0.0,1.5806451612903225,0.9238050165641268,0.6425279789335089,15.934693877551021,199.49760306807286,49.307853084942565,0.5879853054188322,0.9276267949287861,2.947477676430527,0.0,1.0
150,2080,0.9966555183946488,electron_positron,132.8,153.08427076339723,68.89847412109376,1.927473745885794,1.432098388671875,12.219858821568137,0.3718637992831541,0.3418574555890265,1.927473745885794,83.96989966555184,27.07482071431576,0.071210953285099,0.9479483523861583,2.2218818735280146,0.0499688463747398,0.9987507769168331
150,2084,0.9141141141141141,v_track,3064.9600000000005,355.83514976501465,153.439453125,19.97504512417103,7.8957672119140625,6.115260633601992,0.8528180927789155,0.7960964707216105,19.97504512417103,208.4850850850851,44.4129264494422,0.3041844319123892,0.9287498349258487,2.3190590328494736,0.272138074265497,0.96225821302552
150,2083,0.9924738219895288,v_track,3768.3200000000006,412.4702995300293,168.71773681640627,22.335055407367022,-61.13727569580078,6.000196007417893,0.8653097215078257,0.7943131102248718,22.335055407367022,225.27241492146598,31.1976247720794,0.2783378544671324,0.8849824565208665,2.444735848838866,-0.8454990888492122,-0.5339768635017363
150,2075,0.9289473684210526,electron_positron,954.5600000000001,451.8213538169861,170.4,5.601877934272301,-90.0,5.916666666666667,0.28721355671095705,0.19450965049556598,5.601877934272301,131.4082332761578,25.70322022038173,0.05875970281593049,0.8056782979080005,2.6515337665316085,-1.2246467991473532e-16,-1.0
150,2076,0.9345372460496614,electron_positron,232.96,144.68224983215333,58.65202026367188,3.9719006941742414,-34.33021926879883,5.041551874361333,0.47364996746909566,0.34141267938376724,3.9719006941742414,102.28893905191873,21.556111659809886,0.13984943452912324,0.8579145538870698,2.466790558649643,-0.9314401886074557,0.3638944559166948
151,2085,0.9919390953873712,alpha,1367.0400000000002,171.494024848938,63.692315673828126,21.463185716165317,-67.38013458251953,2.1835444719880597,0.9202929771650151,0.7358159304772073,21.463185716165317,224.5669502910882,33.646886342727925,0.5841079271206098,0.9087916156946131,2.6925387000712675,-0.7100591831360904,-0.7041420001989002
151,2098,0.9440389294403893,electron_positron,208.96,149.83717069625854,58.701806640625,3.5596860123788385,27.181110382080078,4.353780692257949,0.3816481589713618,0.26401388846642604,3.5596860123788385,162.99513381995135,29.61455510607085,0.11695906718394627,0.8386461424500221,2.5525137857096665,0.8127167486996427,0.5826589794923629
151,2103,0.9829022358614643,v_track,4236.8,394.9644996643067,160.2428955078125,26.43986172724543,8.488945007324219,4.570225656471093,0.8372857775248214,0.7540810719656142,26.43986172724543,209.81689317550783,44.742982336714974,0.3412963969668579,0.8948719276441071,2.4647863383437834,0.29200265256796315,0.9564175086714345
151,2089,0.9325153374233128,electron_positron,79.04000000000002,73.19797906875611,30.54700927734375,2.5874873472023583,-45.0,4.909090741896785,0.5575620767494357,0.41582500157706775,2.5874873472023583,109.66257668711657,11.870063834983048,0.18537818003553935,0.8923206214257129,2.3962404438409597,-1.0,6.123233995736766e-17
151,2102,0.9991111111111111,v_track,4160.320000000001,458.9036036491394,159.49317626953126,26.084626924536124,-62.04903030395508,4.54541709986194,0.8076158529009815,0.7433892285519413,26.084626924536124,221.3565925925926,31.938460923584774,0.24825251926953235,0.7768928007772452,2.877261675907861,-0.8280793110926795,-0.560610965412088
152,2112,0.91701244813278,electron_positron,261.44,128.92346239089966,42.75803833007813,6.114405857017303,71.93952751159668,2.508244598958818,0.48980815347721823,0.3586793516651443,6.114405857017303,130.90041493775934,29.222753736214006,0.19765962992387895,0.7798950584756533,3.015186557335782,0.5894916857967045,-0.8077744439981742
152,2105,0.957455268389662,alpha,1542.0800000000002,182.111687374115,57.793212890625,26.682717967565193,-72.0308609008789,1.527173880611338,0.9036189761860116,0.7050853881562723,26.682717967565193,230.2803180914513,36.51463050412923,0.5843070574172602,0.8891136415755526,3.1510912487036427,-0.5869133989351887,-0.8096497157106548
152,2111,0.5671826625386996,electron_positron,851.2,502.117399597168,111.2408447265625,7.651865662224222,-49.297386169433594,1.9335751986519705,0.2235294117647059,0.133003823409123,7.651865662224222,113.14551083591331,26.195086214153058,0.04242588759289282,0.5366999370637028,4.513786288043806,-0.988770020521052,-0.14944512878912572
152,2104,0.9624765478424016,alpha,640.96,113.19797906875611,36.209539794921874,17.701412490469984,29.054603576660156,1.3665689521092708,0.9386129334582943,0.6680615344729685,17.701412490469984,200.27392120075046,53.77035820235484,0.6285841772967984,0.9136342326853594,3.126192150186656,0.8490565941395808,0.5283019022756733
152,2108,0.8538011695906432,electron_positron,183.04000000000002,101.91757488250732,40.369677734375,4.534096140285521,25.277725219726562,4.150826367024863,0.5902992776057792,0.46619757367290693,4.534096140285521,97.73099415204678,16.879279960772003,0.22144083422802005,0.8644348522246391,2.52460709627424,0.7722398138148104,0.6353311498417711
152,2107,1.0,electron_positron,36.480000000000004,48.50193328857422,20.75071258544922,1.7580119164476526,26.565052032470703,5.272727078865423,0.5728643216080402,0.4467083719969015,1.7580119164476526,146.05882352941177,13.157286454706743,0.19487072180826887,0.9091183226936622,2.337362299672767,0.8000000179153027,0.599999976112929
152,2106,0.7023255813953488,electron_positron,84.80000000000001,147.9626540184021,56.81771240234375,1.4924923305518716,-89.13195037841797,4.300916802172216,0.16158536585365854,0.11297683539471265,1.4924923305518716,139.7767441860465,23.767995260475928,0.04867449909179455,0.8328287250683536,2.604164225596288,-0.03029601149550468,-0.9995409704896865
153,2134,0.7475409836065574,electron_positron,128.64000000000001,184.01950817108155,53.9587890625,2.384041640574947,52.04576873779297,2.193333518579532,0.17866666666666667,0.09690726072272794,2.384041640574947,129.08196721311475,28.881496193230348,0.04773733432799296,0.6953337446087704,3.4103713476211137,0.9699079863784404,-0.24347176008588559
153,2125,0.6026936026936027,alpha,296.0,216.42152910232545,92.80000000000001,3.1896551724137936,-90.0,8.285714285714286,0.34761367906801954,0.2847906403940887,3.1896551724137936,192.2205387205387,54.27433912932771,0.07941465485308441,0.9197086894283322,2.3321285463612655,-1.2246467991473532e-16,-1.0
153,2123,0.9954075774971297,alpha,3817.6000000000004,604.376099395752,159.0906494140625,23.996382025344545,-68.39447021484375,2.9106711120932927,0.5246954303558077,0.4390300511888617,23.996382025344545,202.30623908556913,36.93192844186857,0.13133658606541868,0.6082305787202488,3.7989416827556766,-0.6846878030119471,-0.7288364785098734
153,2124,0.9857185361499554,alpha,4158.400000000001,400.34683713912966,151.78715820312502,27.39625703009167,-71.25865936279297,4.210131344787516,0.8791692037074623,0.7598919554043646,27.39625703009167,216.31686997917288,40.05460618685873,0.32603432307891306,0.8402486174048287,2.6375540716255883,-0.6085215952529639,-0.7935373136222316
153,2122,0.9567843866171004,alpha,1300.4800000000002,226.85079135894776,96.2774658203125,13.507625994509988,-46.0809211730957,4.698958320766068,0.8496759356052687,0.6592588516939084,13.507625994509988,208.3824349442379,44.202023621236116,0.3175652289926316,0.9091962627629545,2.3562189700997203,-0.9992882601958969,-0.03772231481043353
153,2121,0.6979043100039541,alpha,1497.6000000000001,339.9017580032349,127.00997314453126,11.791200036675885,-17.209556579589844,4.10334297417382,0.48598130841121495,0.38094124917666244,11.791200036675885,214.58718861209965,45.01426787081893,0.16289166925476564,0.8382855267045218,2.676181638243817,-0.5652422195819649,0.8249249864091001
153,2119,0.9664660361134996,alpha,2128.6400000000003,294.98804969787597,103.29810791015626,20.606766600714405,7.305755615234375,2.7773523933351862,0.7653014265991717,0.5540493789796382,20.606766600714405,186.23101175121812,44.370718051283546,0.30739955732288093,0.7844319035135577,2.855696543391119,0.2522637745129753,0.9676585079812334
153,2118,0.9721115537848606,alpha,603.84,104.80975408554077,34.70689697265625,17.398271025950088,5.710594177246094,1.574007190237929,0.9369414101290964,0.7890363611050817,17.398271025950088,226.652390438247,34.40718336618342,0.6907618413149278,0.9277820335830325,3.0198537820340117,0.1980198375555028,0.9801980126150492
153,2115,1.0,alpha,964.8000000000001,184.876362323761,53.914648437500006,17.894951148915208,-54.865806579589844,1.5355417678091274,0.686319144092875,0.5096656607882241,17.894951148915208,202.4816883923029,27.569023020347434,0.35471894515875596,0.8130057748029846,3.429056252459422,-0.9412844079534988,-0.3376146669557341
153,2116,0.8958031837916064,alpha,1206.4,334.32530803680424,118.36762695312501,10.191975889469752,-75.49983215332031,5.533083346243532,0.606206785656858,0.4764229334569072,10.191975889469752,188.9295706705258,37.32973061650165,0.13563216236292924,0.7469560690722424,2.8244657483012734,-0.4848147445949958,-0.8746168666469273
153,2117,0.9470578593673168,alpha,3691.2000000000003,587.3389286994934,189.04506835937502,19.525502738759748,-80.2971420288086,4.051221230272984,0.5259917920656635,0.4184300173154662,19.525502738759748,223.4994263235535,35.73820573221185,0.1344620931960563,0.7071258888740772,3.1068725240848973,-0.33225522802305396,-0.9431895161903299
154,2146,0.9898710865561694,alpha,644.8000000000001,133.60975408554077,51.2,12.59375,-90.0,2.2857142857142856,0.8722943722943723,0.5622209821428571,12.59375,217.05985267034993,36.69649435006265,0.45389830766508266,0.9382916421013232,2.609565509483218,-1.2246467991473532e-16,-1.0
154,2145,0.8840688107703815,alpha,790.4000000000001,180.1567665100098,50.35372314453125,15.696952492098744,-80.72740173339844,1.4541648217765657,0.597918179617526,0.45331218225095715,15.696952492098744,177.6252804786836,36.412919714765394,0.30602410659259405,0.7847752999229335,3.577824146049784,-0.31805262215698665,-0.948073061287507
154,2160,1.0,electron_positron,187.20000000000002,211.36652059555055,74.11981201171875,2.5256405125582706,-22.051061630249023,3.4424583727894813,0.15940054495912806,0.11730213681246117,2.5256405125582706,139.27205882352942,32.087686290032146,0.05265544795092097,0.7908934922956924,2.8516872190951097,-0.6959394083573486,0.7181005082126204
154,2144,0.990306320279178,alpha,3180.4800000000005,332.805712223053,121.7050537109375,26.1326863841988,-62.15242004394531,2.9790915425537636,0.8306033762326592,0.6396748747696424,26.1326863841988,212.3844513377278,45.10341963935203,0.3608452470413072,0.8291781108306852,2.7345266451588945,-0.8260506874205428,-0.5635958319683074
154,2143,1.0,alpha,1446.7200000000003,215.77829561233523,67.33049926757813,21.486844977201052,-65.32313537597656,1.51704296629156,0.6576956648239743,0.484126323063763,21.486844977201052,214.54789915966387,31.08501178657239,0.3904620522929391,0.8719708273097804,3.2047630414087784,-0.7587455095311724,-0.6513871750090583
154,2142,0.9755244755244755,alpha,1739.5200000000002,251.44692478179934,90.36505126953125,19.249919914409666,-52.184268951416016,2.4633582488062693,0.7260585014024309,0.524754297638624,19.249919914409666,216.9181818181818,42.321434230134706,0.3457376162454934,0.8287791473107952,2.782568274451704,-0.9687195749843037,-0.24815798403885755
154,2141,0.8857843137254902,alpha,1216.3200000000002,247.11555395126345,83.30161743164064,14.601397157721966,-43.47922897338867,2.1237562659361817,0.5336234732556507,0.3722593829655492,14.601397157721966,205.23823529411766,42.427332441037066,0.2502980975596986,0.8065069522605338,2.9665156760497786,-0.9985913263174145,0.05305999438020115
154,2140,1.0,alpha,960.3200000000002,257.4920039176941,50.25191955566407,19.1101157625681,1.54815673828125,1.4290103378933552,0.614203847728203,0.5434330315043764,19.1101157625681,167.35888077858883,42.6060167633724,0.18201129661318308,0.5925296774746822,5.1240232451711645,0.054014565054459965,0.9985401477967611
154,2139,0.984037558685446,alpha,1277.7600000000002,237.51555395126343,65.95475463867187,19.373281077309912,-15.255119323730469,1.6262974622463573,0.7024982406755805,0.47770199470867036,19.373281077309912,218.93661971830986,37.007222005879825,0.28462630988698795,0.7228891000856988,3.6011892584920435,-0.5076923263580244,0.8615384505390211
154,2138,0.9992416582406471,alpha,2423.6800000000003,293.3214414596558,105.77681884765626,22.913148895985188,-82.87498474121094,2.969359549108317,0.8518726802384434,0.6432163324217974,22.913148895985188,214.6433265925177,32.59674770627894,0.35399532124237615,0.8161605592466448,2.773021959396494,-0.2461538092725674,-0.9692307785974424
154,2137,1.0,alpha,36.800000000000004,38.59411249160767,17.6,2.0909090909090913,0.0,7.333333333333333,0.9504132231404959,0.8712121212121212,2.0909090909090913,175.28048780487805,17.053198248239404,0.31046708636183434,0.9879315058839525,2.1928473006595266,0.0,1.0
154,2136,0.9678483099752679,alpha,719.3600000000001,148.75289993286134,58.6571533203125,12.263806872313586,-82.23483276367188,3.658427099741979,0.8659476117103235,0.7648895465940915,12.263806872313586,224.1368507831822,35.021713706967354,0.4085312352312535,0.9191382270907815,2.5359720257912586,-0.2677485196624603,-0.9634888324306417
155,2169,0.8306316377864729,proton,14520.320000000002,3286.445697784424,1050.2992187500001,13.824936495031551,2.19921875,5.807183748621443,0.10009904899726678,0.07643911859252796,13.824936495031551,157.43272712478134,49.09568292830044,0.016894024898997197,0.6936906830382691,3.1290565956011513,0.07669183770244668,0.9970548440431056
155,2167,0.8053097345132744,electron_positron,252.48000000000002,104.64894571304322,43.2590576171875,5.836465561369181,57.38075637817383,4.022556191481026,0.7571976967370442,0.542718958143078,5.836465561369181,122.36061946902655,28.338824607722024,0.2897124312850663,0.8833346098177742,2.419122178737998,0.9080590318870024,-0.4188422072910513
155,2166,1.0,electron_positron,86.4,76.09015827178955,32.63470458984375,2.647488343647779,18.434951782226562,4.300000050263051,0.5521472392638037,0.34883723183139126,2.647488343647779,103.67039106145252,13.871628750965492,0.18752822009678832,0.9075534242816466,2.3315718413296005,0.6000000826393695,0.7999999380204662
155,2163,0.9670781893004116,electron_positron,118.08,102.27249574661255,27.200000000000003,4.341176470588236,0.0,1.8888888888888888,0.3761467889908257,0.3014705882352941,4.341176470588236,132.0246913580247,21.15121452620494,0.14186279111959166,0.7232380388956561,3.7600182259784027,0.0,1.0
156,2179,0.9575781716789484,proton,15804.480000000003,2632.5614270210267,875.006640625,18.062125778509717,-5.1295976638793945,5.717926032710787,0.2137829835861209,0.11803098902342951,18.062125778509717,163.96046902452065,53.793172891671716,0.028657153372389704,0.6886429074607305,3.008618797613513,-0.17810147063833215,0.9840121270372959
156,2175,0.896551724137931,electron_positron,79.36000000000001,85.02741661071778,32.120330810546875,2.4707092983594596,-12.72435474395752,3.393616633676902,0.3868954758190328,0.2610384127531996,2.4707092983594596,104.1264367816092,20.171850534101722,0.1379410587261962,0.8534172509081671,2.647152581093548,-0.42970294062242514,0.9029703111511699
156,2173,0.7881040892193308,electron_positron,269.76000000000005,202.3626540184021,62.400000000000006,4.323076923076924,-90.0,2.888888888888889,0.3153759820426487,0.20014245014245013,4.323076923076924,131.32156133828997,16.564471872572337,0.08278024048507904,0.6860228146584341,3.2429912502949056,-1.2246467991473532e-16,-1.0
156,2171,0.5021496130696474,electron_positron,630.4000000000001,311.0351497650147,81.51857299804688,7.733207008114629,-7.5946431159973145,2.7437719974464603,0.3359481582537517,0.26028616619466594,7.733207008114629,130.74892519346517,22.15137257822425,0.08188552287856907,0.6112506106397915,3.8155126902487217,-0.26200872511528006,0.9650655044935891
157,2190,0.9692982456140351,electron_positron,113.60000000000001,90.7979790687561,34.07538757324219,3.333784531601477,58.24051856994629,4.20800007537286,0.571658615136876,0.41169203226530193,3.333784531601477,123.80701754385964,24.244325504643996,0.17315531657877944,0.8010121528782316,2.6646205820430793,0.8950819881516587,-0.44590159731321194
157,2188,0.7155824508320726,electron_positron,758.08,241.9273289680481,93.69471435546876,8.090958014172681,-19.746837615966797,5.252163925544624,0.5413619744058501,0.45354786657347423,8.090958014172681,97.9409984871407,16.66342525448461,0.16276275859544398,0.8459114515411362,2.5820808637101877,-0.6359930382869794,0.7716947941061264
157,2187,0.8944099378881988,electron_positron,233.92000000000004,215.8920039176941,82.56836547851563,2.8330462719510443,53.408912658691406,5.771427510952614,0.30961457009741633,0.19802646084830725,2.8330462719510443,89.5217391304348,15.363539542891248,0.06306728049658186,0.7982141501224023,2.6147060398557778,0.9572295303835089,-0.28932961507900823
157,2191,0.9915158795705383,proton,8112.3200000000015,1135.032778263092,434.57407226562503,18.66728946277656,-4.248454570770264,10.933020168483754,0.5423253823938389,0.4696319113642711,18.66728946277656,122.88707860950521,30.182860084628473,0.07912944696743499,0.8009269846601728,2.6118281110183794,-0.14775605780419865,0.9890238355985979
157,2184,0.9700854700854701,electron_positron,118.72000000000001,85.60975408554077,34.019384765625,3.489775044960867,68.19858932495117,3.3676469144376875,0.5188811188811189,0.3454598089651311,3.489775044960867,85.35470085470087,15.225591343134022,0.20355756770522512,0.867522692732176,2.516499186429892,0.6896552024607036,-0.7241379024183764
157,2185,0.7570093457943925,electron_positron,52.48000000000001,44.364674949646,17.008041381835938,3.08559926577125,-40.91438293457031,3.03597102119154,0.6804979253112033,0.5507859337581291,3.08559926577125,108.99999999999999,9.404711485784368,0.3350650136273862,0.89410368374983,2.6084529049315517,-0.9898477143198016,0.14213198955852424
157,2182,0.954954954954955,electron_positron,49.6,60.28427076339722,25.40901794433594,1.952062850624914,-53.972625732421875,5.082352646739791,0.5326460481099656,0.39045475182119393,1.952062850624914,110.67567567567568,9.668526222658636,0.17150765816978195,0.8943856631710498,2.3725541418193816,-0.9513513608423659,-0.3081080788025175
157,2180,0.7310263468344474,alpha,1513.6000000000001,311.0351497650147,107.84466552734375,14.035001106440731,59.21585464477539,3.0399831942373163,0.5929547448915632,0.39562612843250977,14.035001106440731,210.0452221785293,44.38637333029398,0.1966083874191024,0.7664639267070824,2.8841032446445154,0.8793852127454683,-0.4761109614413508
157,2181,0.9228441754916793,electron_positron,323.52000000000004,269.40184564590453,107.25616455078125,3.016330122888433,-18.28535270690918,5.95889958636108,0.22064600611086863,0.16758018895126928,3.016330122888433,116.73524962178517,20.198585527528355,0.05601571251350799,0.8401989549658168,2.5117609488856387,-0.5958143269287338,0.803122212260662
158,2204,1.0,electron_positron,45.760000000000005,58.182337474823,26.400000000000002,1.7333333333333334,0.0,6.6,0.6327433628318584,0.43333333333333335,1.7333333333333334,114.42056074766354,8.607796274012747,0.1698687729762905,0.9510798679544253,2.203876419500871,0.0,1.0
158,2194,0.9661239495798319,alpha,2344.0,254.7273289680481,66.1067626953125,35.45779439848759,-87.2072982788086,1.3918753089845082,0.850853757695435,0.7465624774544222,35.45779439848759,176.06092436974788,42.45927938470266,0.4539587463648084,0.7793784968661271,3.8532718678434135,-0.09732935446335755,-0.9952522277090095
158,2202,0.9046052631578947,electron_positron,149.76000000000002,122.99209156036378,48.81404418945313,3.0679695257119772,-73.1416015625,6.700637246852305,0.5137211855104281,0.42113599103585736,3.0679695257119772,107.65460526315789,11.438728874540029,0.12440886310407533,0.8401387426681631,2.519604626140313,-0.5550882999153169,-0.8317914277612647
158,2201,0.9769230769230769,electron_positron,63.68000000000001,51.507820796966556,19.700985717773438,3.2323255755954623,6.3401947021484375,3.1857140715795365,0.6378205128205128,0.5226776577382678,3.2323255755954623,121.06923076923077,23.28029489026106,0.3016244664233131,0.9053662006303822,2.614479373511665,0.2195122957972589,0.9756097334456113
158,2205,0.9861153649821337,proton,14057.280000000002,2829.3176676750186,955.830859375,14.70686980036593,52.289756774902344,9.784369084050068,0.21544173181234122,0.1505469726013469,14.70686980036593,141.72246808510639,28.49552106414392,0.022067225671756778,0.7014152333685364,2.9600610190855905,0.9677992375344945,-0.25172333190956125
158,2192,0.9517771373679155,alpha,3225.2800000000007,288.05281229019164,116.45709228515625,27.695007119897824,76.37300491333008,3.205577271976599,0.9144438395935401,0.7623278550815265,27.695007119897824,215.96964457252642,41.55178060492077,0.4884645474076959,0.9226988036184273,2.47346732292497,0.4579358266383003,-0.8889852522292463
158,2196,0.9216867469879518,electron_positron,226.24,522.1190699577331,227.838134765625,0.9929856572637896,46.37208938598633,11.44623864621068,0.05805550993595007,0.04988607731097233,0.9929856572637896,93.21753246753248,21.622831347206223,0.010428939418572872,0.8969650254275365,2.2916228246638,0.9988532558881019,-0.04787664568177277
159,2213,0.5393258426966292,electron_positron,256.96000000000004,247.18216218948365,99.62416381835938,2.5792939197813953,-33.690067291259766,10.441860719890448,0.32510121457489877,0.2703423229240123,2.5792939197813953,89.12546816479401,13.716538694932646,0.05284953055081131,0.8360613968117121,2.4811466687957417,-0.9230769199256637,0.3846153921784071
159,2214,0.9960278053624627,proton,11343.36,2266.8574728012086,861.79384765625,13.162498236497749,-68.14248657226562,18.758473286012563,0.37095407026025806,0.2865051453059533,13.162498236497749,107.38110543231993,23.77767129838622,0.027739788746702767,0.7740575150808526,2.6303941237990904,-0.6910719985363853,-0.7227859246270131
159,2212,0.9894736842105263,electron_positron,622.08,349.04692478179936,102.71036376953126,6.05664294399606,24.29096221923828,1.7677700479285667,0.17371101778214637,0.10424217765812509,6.05664294399606,107.00085106382978,16.650269926862848,0.06416356277363143,0.750838111700873,3.3983612945331925,0.7499024029198571,0.6615484759978094
159,2211,0.9342657342657342,electron_positron,374.08000000000004,235.36652059555055,88.9520751953125,4.20541060091775,65.2248592376709,4.766467457550732,0.2857492055732095,0.22534553275907868,4.20541060091775,98.71748251748252,17.227516267274357,0.08485647345925429,0.8112615615509334,2.6459924636806407,0.7609756141381725,-0.6487804826650007
159,2209,1.0,electron_positron,50.88,47.09604578018189,19.52979278564453,2.60525037610228,55.491477966308594,3.8536584447897773,0.6091954022988506,0.5140733044560543,2.60525037610228,86.49056603773585,10.224134675769921,0.2882624521677671,0.9199844091329471,2.4114974642639355,0.9336869907280879,-0.3580902167682434
159,2207,0.9815864022662889,alpha,1302.7200000000003,149.95087900161744,49.50251770019531,26.316237244532314,53.74616241455078,1.4643766422456215,0.9487298997902587,0.7784832958614416,26.316237244532314,131.09065155807366,24.602684113347053,0.7280528611139213,0.9105002195094827,3.029156616028558,0.9537572238387653,-0.30057803974237934
159,2206,0.5550416281221091,alpha,590.4,269.5626540184021,114.4,5.160839160839161,-90.0,7.944444444444445,0.48667897652334474,0.3583916083916084,5.160839160839161,140.96114708603145,35.01029805124514,0.10210259158844551,0.8856453229107903,2.3563169057552633,-1.2246467991473532e-16,-1.0
160,2228,1.0,electron_positron,23.680000000000003,38.90193328857422,16.099688720703124,1.4708358907305519,63.4349479675293,5.624999816739947,0.6115702479338843,0.5138889179375737,1.4708358907305519,133.3728813559322,11.584469886241882,0.19662973438190062,0.8972932233829439,2.4163158656942807,0.8000000179153028,-0.5999999761129288
160,2229,0.9978386167146974,proton,1208.0,2236.835242557526,993.1813476562501,1.2162934824044853,30.073131561279297,35.86842126145667,0.059610282971197574,0.04392604342338876,1.2162934824044853,126.40768725361367,37.30851708148426,0.0030339526945543168,0.8943361251803009,2.252192157893522,0.8672989671387669,0.497787606916874
160,2216,0.9966634890371783,alpha,2600.9600000000005,238.76063308715823,89.01124267578126,29.220578455171776,-50.194427490234375,2.150990243582989,0.9192490386790318,0.7061262968529174,29.220578455171776,229.59556720686368,33.51243909728584,0.5733477251680629,0.9081739296796455,2.6823649003174936,-0.9836065662996889,-0.1803278201835086
160,2224,0.9953488372093023,electron_positron,90.88000000000001,122.49015827178955,54.46630859375,1.668554421006392,84.80557107925415,9.399999828827761,0.4270676691729323,0.287965380375524,1.668554421006392,107.93023255813954,20.190022114132855,0.07611597079024814,0.9226454280642181,2.2489160994076487,0.18032786929918468,-0.9836065572951495
160,2226,1.0,electron_positron,50.88,39.370562458038336,16.443841552734376,3.094167493455286,18.434951782226562,3.0952377840858705,0.828125,0.5824176853881521,3.094167493455286,146.76470588235293,24.848236008953165,0.4124902884518703,0.9390739950805302,2.3942436037089867,0.6000000826393695,0.7999999380204662
160,2225,0.9523809523809523,electron_positron,143.36,129.61950817108155,44.4114990234375,3.227992820605851,-30.699724197387695,3.2382441764937826,0.3660130718954248,0.23536762286664106,3.227992820605851,123.25510204081633,29.914382779834025,0.10722526244119655,0.7565827957910215,2.9186024120166896,-0.8779783668640808,0.47870031054792683
160,2215,0.9620834164837357,alpha,3093.4400000000005,315.8684538841248,126.12071533203125,24.527612231313995,21.9384765625,3.873694309928269,0.8639735454464206,0.7533454887758428,24.527612231313995,202.88106166433846,46.56824775330289,0.38961803499384323,0.895040991226842,2.5044930410722364,0.6931119349333442,0.7208299700019108
160,2218,0.972972972972973,electron_positron,25.92,57.63330411911011,23.28341979980469,1.1132385286553752,-75.96375274658203,7.058823638258825,0.38571428571428573,0.3375000111091479,1.1132385286553752,113.9864864864865,16.887139872122386,0.09806134019188968,0.8592436939088121,2.4752937762000737,-0.47058835188697895,-0.8823528789936014
161,2243,0.9969325153374233,electron_positron,135.68000000000004,196.70579986572267,84.40838623046875,1.6074232201234033,-78.69007110595703,14.157893305615355,0.31107850330154074,0.2696145189334397,1.6074232201234033,90.8558282208589,16.70459911748897,0.04406475587320219,0.8842744739823326,2.330405883233414,-0.38461526926327705,-0.9230769711402927
161,2238,0.963855421686747,electron_positron,129.28000000000003,83.54112491607667,34.10435485839844,3.7907182392621595,20.854461669921875,3.9262297162592885,0.573049645390071,0.43640264296898373,3.7907182392621595,94.14056224899598,10.738602872429375,0.2327772695199228,0.8897037764215856,2.449573529918396,0.6653466292564926,0.7465345691507015
161,2242,1.0,electron_positron,50.24000000000001,38.43330411911011,15.839190673828126,3.171879235156505,45.0,3.111111244315982,0.7929292929292929,0.6230159960390701,3.171879235156505,87.47,15.471557775479491,0.42740938079249885,0.9297417142200018,2.4264689345911687,1.0,6.123233995736766e-17
161,2241,0.917960088691796,electron_positron,234.56,151.82539567947387,57.30762329101563,4.09299821786141,-69.3410873413086,3.3742773408370934,0.34755808440018965,0.24099605514056557,4.09299821786141,87.56541019955654,19.83226896342176,0.12787185744751883,0.8334613556762696,2.6493053970932388,-0.6602353621605617,-0.7510587637147389
161,2240,0.6286549707602339,electron_positron,189.76000000000002,80.147012424469,27.840420532226563,6.815988996299251,62.35402297973633,2.131783006420178,0.6761687571265679,0.5219105615677855,6.815988996299251,85.89473684210526,13.346069632605344,0.37122725960324204,0.8435783942852124,2.878800351873103,0.8220640898639877,-0.5693949702588648
161,2239,0.9186991869918699,electron_positron,253.44000000000003,175.1959581375122,69.4625732421875,3.648583520169325,29.538780212402344,4.634675458125171,0.3907252096694623,0.24344045589688246,3.648583520169325,90.44918699186992,13.682203864547926,0.10376164752262819,0.8343074934777541,2.5221633746085934,0.8578637143300388,0.5138772690398647
161,2248,0.8557905337361531,proton,2989.1200000000003,516.9860287666321,214.3293212890625,13.946388585669164,-3.5486819744110107,8.746400044932889,0.6985492072988334,0.5691274204514225,13.946388585669164,120.03323262839879,23.25415215548736,0.14053859290787798,0.8677115288871438,2.4121106046399565,-0.12355582162784326,0.9923376234638434
161,2235,0.9433962264150944,electron_positron,158.4,120.147012424469,50.62634887695313,3.1288055234832313,85.03025913238525,6.037190281899448,0.46830652790917693,0.3731099460922273,3.1288055234832313,99.9811320754717,17.148435100362942,0.13789200583057887,0.8846976771329923,2.3732110865131752,0.1726078847214868,-0.9849906182964252
161,2247,0.8418198093833922,proton,11362.880000000001,2152.0951693534853,775.84013671875,14.645903791542512,-7.829076766967773,9.4003124769131,0.24629950752583754,0.1774541759718406,14.645903791542512,95.26249275972829,13.621705649780628,0.03083012878833968,0.7507025703018455,2.77388996456836,-0.26989726365722017,0.9628891250140615
161,2234,0.9570815450643777,electron_positron,117.12,90.329349899292,37.90108032226563,3.090149383715479,58.13401985168457,5.1089112250682245,0.5503759398496241,0.4165395481966554,3.090149383715479,99.8969957081545,13.158578509820956,0.18037783023283635,0.8899023337141203,2.383292220993144,0.89673344150469,-0.4425710506654888
161,2231,0.5022935779816514,electron_positron,244.48000000000002,95.40386657714845,37.861270141601565,6.457258277010839,82.30394840240479,2.9450000272984527,0.712022367194781,0.5022712056660458,6.457258277010839,119.77293577981652,26.43889096768963,0.33753689280260263,0.9051869781253812,2.5198274178424795,0.2654232382803733,-0.9641319954138853
161,2230,1.0,electron_positron,128.0,85.529349899292,34.60228576660156,3.6991775879600057,42.273685455322266,3.873494623651322,0.5961251862891207,0.4140982071399682,3.6991775879600057,130.27125506072875,24.22255330695384,0.21988190536765506,0.8724485539250494,2.4717832364082053,0.995475101344556,0.09502274781885611
162,2263,1.0,proton,5586.880000000001,2148.8433262825015,883.99833984375,6.320011869012675,53.152748107910156,33.51249201721505,0.3209375,0.23959247179856463,6.320011869012675,139.66237322515212,27.259393751781474,0.015204414595368297,0.826873550993063,2.4308228074979388,0.9597783640262451,-0.280758778931496
162,2254,0.9300699300699301,alpha,1190.72,256.28022890090944,77.76503906250001,15.31176495703956,-7.815293312072754,2.5133097560164916,0.6356337546976426,0.49486515678889953,15.31176495703956,172.48851148851148,41.681012596517476,0.2278186667471595,0.721839063135153,3.2955712745792645,-0.2694339543747437,0.9630188701318311
162,2253,0.9519031141868513,alpha,1742.7200000000003,300.06256637573244,126.999755859375,13.72223110357542,-65.6589126586914,6.436235569122021,0.7994715208455666,0.6954305645621836,13.72223110357542,206.54809688581315,48.972839780540994,0.24322815225054967,0.903256918550823,2.362701915017753,-0.751058763714739,-0.6602353621605616
162,2251,0.5717061795569375,alpha,1527.0400000000002,344.6546579360962,135.25400390625,11.290164844646322,-47.04541015625,5.0942963692130006,0.5285192158600066,0.4252402451299282,11.290164844646322,216.33968130586862,45.34521520501784,0.16154442424319312,0.8344947659449856,2.5482029957130896,-0.9974522251473759,-0.0713376376714895
162,2250,0.9983716301791207,alpha,3512.6400000000003,368.0252203941345,117.1248046875,29.99057295653175,-44.54164505004883,2.2847808341437537,0.802646972799064,0.5850330890958284,29.99057295653175,194.20889748549322,37.76461257162036,0.32590298904017606,0.7505116326513983,3.142162937868374,-0.999872009033674,0.015998923431419763
162,2249,0.9547477744807121,alpha,801.6,165.44894571304323,62.50617065429688,12.82433384750783,-28.61046028137207,2.472222321130858,0.856703146374829,0.5072235918401018,12.82433384750783,230.9799703264095,27.663627835908038,0.3679930058204271,0.8722120824582538,2.6469217995786742,-0.8407643428404385,0.5414012558242596
163,2291,0.5485611510791367,electron_positron,315.84000000000003,113.311687374115,30.1234375,10.484859173193632,-78.69007110595703,1.391304347826087,0.658,0.48426180292367127,10.484859173193632,149.1888489208633,24.478193601333615,0.30912033919356685,0.730394796375929,3.761578915889496,-0.38461526926327705,-0.9230769711402927
163,2295,1.0,proton,2200.0,1208.4087023735046,466.58647460937505,4.71509595695382,54.252986907958984,15.656231708580854,0.20621494345961186,0.15821426219451437,4.71509595695382,142.71090864319135,30.26181660341392,0.018932364466218612,0.7858085877120011,2.5898922667768742,0.9482905669935946,-0.317403529518761
163,2268,0.906189346560276,alpha,2841.92,349.58216218948365,135.212890625,21.018114374034003,-64.56378173828125,3.900126818979133,0.7466789978140239,0.6062536728238874,21.018114374034003,219.13931421177486,43.491513585294754,0.29222891395325445,0.8582665117553929,2.58542037355755,-0.7757429159102479,-0.6310490697363129
163,2267,0.9923664122137404,alpha,138.88000000000002,79.01564159393311,30.223318481445315,4.595127437288568,-47.48955154418945,3.23684176122566,0.678125,0.49212664705567444,4.595127437288568,162.05725190839695,22.13440391613917,0.27952678543612824,0.8575598163656387,2.614393308347075,-0.9962264192685895,-0.08679240491704622
163,2285,0.8505747126436781,electron_positron,234.24,123.38031654357911,37.3655029296875,6.268883907190569,40.36453628540039,2.3852139244012873,0.5823389021479713,0.4001720307103369,6.268883907190569,124.09425287356322,35.52927029127264,0.19336557688739522,0.7092177436691222,3.301984634751201,0.9869375890932952,0.1611030578068398
163,2266,0.9794967381174278,alpha,644.1600000000001,119.711687374115,44.484378051757815,14.480589101426043,-52.12501525878906,1.9388379135744076,0.8699222126188418,0.6311320151103643,14.480589101426043,202.9310344827586,38.20032175337349,0.5648465916329706,0.9002287609456614,2.691095000470273,-0.9692307785974426,-0.2461538092725672
163,2294,1.0,proton,149.12,106.71757488250734,38.60578308105469,3.8626337325399,60.46121788024902,3.6411374921719464,0.451988360814743,0.3643076083329344,3.8626337325399,125.58904109589041,15.502395410518487,0.1645408983182183,0.8169650814955474,2.7642898645119742,0.8578637485434857,-0.5138772119241319
163,2265,1.0,alpha,1517.7600000000002,338.770387172699,97.39737548828126,15.583171439589925,-52.02839660644531,2.7955849354391105,0.6030514939605849,0.44728186056845204,15.583171439589925,171.42812500000002,32.49949984591099,0.16618892785593165,0.6423910085705248,3.4782291152543374,-0.9700554497493495,-0.242883561427255
163,2275,0.7539267015706806,electron_positron,88.96000000000001,89.55289993286134,30.593228149414063,2.9078330526457967,-88.3634262084961,3.1505882452771217,0.34405940594059403,0.2994579254647764,2.9078330526457967,160.56544502617803,24.393902329788155,0.13939440116386534,0.8421141945447259,2.927213156306831,-0.05709613469558272,-0.9983686851072723
163,2264,0.9954254345837146,alpha,638.7200000000001,161.66660823822022,62.28314819335938,10.255101396240924,-22.833654403686523,2.734241891802275,0.7694680030840401,0.45020087544758286,10.255101396240924,214.55352241537054,31.930879703297375,0.30709993565494703,0.8777537944265689,2.5956717495448807,-0.7152941231543641,0.6988235237746575
164,2306,0.9945054945054945,electron_positron,575.0400000000001,498.5624787330628,183.74776611328127,3.1295074338236337,86.29157161712646,3.881030359464026,0.09473850695908899,0.06609992392152401,3.1295074338236337,108.98812553011027,30.692209654354507,0.029071586827693126,0.8033942244056246,2.7132981765106026,0.1290873466682552,-0.9916332270200257
164,2308,0.7333901192504259,electron_positron,658.5600000000001,263.5370830535889,65.6410400390625,10.032747799366003,-43.31531524658203,1.9329089353625835,0.4410630090012859,0.2954308441196784,10.032747799366003,129.12862010221465,38.12949309815326,0.11915759893238627,0.6308986898454256,4.014821869013042,-0.9982713906363222,0.058772703162466314
164,2307,0.8487394957983193,electron_positron,402.88000000000005,155.1391039848328,61.78514404296875,6.520661337615647,-49.08561706542969,4.835962548427239,0.6120563928050559,0.510376313078699,6.520661337615647,137.85714285714286,37.324255384615576,0.21035024142548184,0.8612826443707938,2.5109450886274636,-0.9898477143198016,-0.1421319895585241
164,2304,0.9817629179331308,electron_positron,175.04000000000002,102.77442903518677,39.34749755859375,4.448567529341395,10.080596923828125,2.6825778645612544,0.4577405857740586,0.30328812564118945,4.448567529341395,89.97872340425532,13.672332573689161,0.20824617022775246,0.8764915267313074,2.611968623471969,0.3446624830956601,0.9387266762728829
164,2301,0.9781659388646288,electron_positron,976.0,381.18014125823976,132.24615478515625,7.38017677402859,67.38013458251953,3.7309030266478804,0.3126922288291983,0.20820812452469314,7.38017677402859,114.41753171856979,23.87807489738089,0.0844110200329045,0.7507456436658488,2.8823533045440555,0.7100591831360904,-0.7041420001989002
164,2309,0.9471329134902221,proton,7758.72,2002.81037273407,750.8200195312501,10.333661594217885,60.8323860168457,11.679812233318332,0.2158307963467393,0.16075121062764147,10.333661594217885,118.9984857662023,26.88042195206898,0.02430637977215338,0.7719236597773518,2.667497297134484,0.8511340316785876,-0.5249484356758797
164,2300,0.9459459459459459,electron_positron,199.04000000000002,104.06660823822023,39.66939392089844,5.017470153360289,-10.007980346679688,3.4239996143713576,0.5307167235494881,0.4330748260102567,5.017470153360289,111.1054054054054,17.4051009290139,0.23095503077020177,0.8680438721858522,2.623347572330727,-0.342281897077431,0.9395973089217928
164,2297,0.927536231884058,electron_positron,2052.4800000000005,986.3326906204225,226.46257324218752,9.063219456598693,27.801456451416016,2.031978795006531,0.11225257704895081,0.08132147174095787,9.063219456598693,117.28369362156391,18.937140083295834,0.026511966544658337,0.5722264567441415,4.3553893983426635,0.8251422199904617,0.5649250541348052
164,2299,0.5539280958721704,electron_positron,415.36000000000007,186.78418312072756,63.810375976562504,6.509286203744693,58.24051856994629,2.9668676538685808,0.4791435954226652,0.30264969281416687,6.509286203744693,125.20372836218377,18.255248577143348,0.14960783560536997,0.7717295080397152,2.9271757180890647,0.8950819881516587,-0.44590159731321194
165,2322,0.9564950980392157,proton,983.6800000000002,170.28224983215333,68.34354858398437,14.393165417672146,-47.72631072998047,3.2151899497452807,0.8886961549580804,0.6771196660801618,14.393165417672146,207.27879901960785,35.57119816303247,0.42630943679004546,0.8971385435093574,2.4915628959901164,-0.9954751139975915,-0.09502261526332749
165,2320,0.6170395301260476,proton,9135.68,1557.4246945381165,555.752294921875,16.438402654341267,2.4326705932617188,7.190259566328142,0.36449874878708954,0.21267817158928096,16.438402654341267,203.05688642513033,40.66556014878985,0.047330013654381525,0.7295846941297326,2.8023720437484685,0.08481420790476801,0.9963967834841132
165,2316,1.0,electron_positron,49.6,68.28427076339722,29.337210083007815,1.6906856466466949,-63.4349479675293,6.833333303715546,0.5016181229773463,0.39380085913609936,1.6906856466466949,112.91379310344827,28.57735085979964,0.1336749988394908,0.895608392856563,2.3275652514397627,-0.8000000179153028,-0.5999999761129288
165,2312,0.9612403100775194,electron_positron,121.92000000000002,118.66072072982789,32.014697265625,3.808250910150215,75.9637565612793,2.03703688960575,0.40748663101604277,0.24231207074945976,3.808250910150215,128.20542635658916,24.290722413317724,0.10881051211420238,0.653214695275834,3.706445191260232,0.47058823439458175,-0.882352941656223
165,2311,0.986480777355302,alpha,2888.6400000000003,394.60957880020146,153.43292236328125,18.826728680567022,-27.139904022216797,5.059578499450637,0.7410113281891315,0.6208270700968123,18.826728680567022,215.95352767215886,42.72691053467057,0.23311382930397934,0.8374516835905,2.5718703178049958,-0.8118778271448396,0.5838273664282739
165,2310,0.9844814534443603,alpha,1627.5200000000002,176.68224983215333,57.243157958984376,28.4316948615264,81.63411331176758,1.5349563267373296,0.9457047229453328,0.7623864836184427,28.4316948615264,198.2903103709311,43.77768976430498,0.655164498973348,0.8668136007391126,3.0865217107474914,0.2878916361339893,-0.9576629917899588
165,2319,0.9477843635337285,proton,6209.280000000001,1614.8110738754274,673.9177734375,9.213705654812882,79.59599685668945,23.344593839601902,0.37954034229828854,0.31916388726791417,9.213705654812882,155.5997742026531,30.133259148975807,0.02992317484903751,0.8468444669317065,2.3961544531444043,0.3552375877998197,-0.9347760460207383
166,2334,0.9685264663805436,proton,6166.720000000001,1748.6791771888734,670.705224609375,9.194381933719923,33.32041931152344,19.109590606196512,0.31042703651798514,0.2619643744876551,9.194381933719923,151.18529717471418,37.88971752041503,0.025342170969785346,0.7787650467074588,2.6072246242115087,0.9180374670126574,0.39649364327941494
166,2323,0.9944040290990487,alpha,5520.64,558.411424446106,173.48084716796876,31.82276366597847,74.42745685577393,3.230298805260835,0.7015289525048797,0.5925555306447019,31.82276366597847,199.98074986010073,38.155067063008154,0.22247985975401227,0.7084290649024325,3.2188649845907036,0.5172069690226149,-0.855860357298105
166,2330,0.8785714285714286,electron_positron,69.12,54.23919162750244,20.871699523925784,3.311661320189375,-41.987213134765625,2.97457617627631,0.6067415730337079,0.4719686988421258,3.311661320189375,110.85714285714285,16.50262811475431,0.29524814452878256,0.8633839598584621,2.598695499871806,-0.9944751404628008,0.10497235351030533
167,2342,0.9298245614035088,electron_positron,87.68,58.10193328857422,23.296348571777344,3.7636799488062715,74.05460357666016,3.475409944285296,0.6634382566585957,0.5614755754914665,3.7636799488062715,129.906432748538,22.805880913347334,0.3263842839152969,0.9123907910179304,2.4940360550306386,0.5283019022756734,-0.8490565941395808
167,2344,0.8241758241758241,electron_positron,137.6,101.80386657714844,37.34068908691406,3.6849882357479453,-27.8240966796875,3.538174919472726,0.4483837330552659,0.34916690808591977,3.6849882357479453,136.13553113553112,20.23053809478007,0.166839835019362,0.842881061454882,2.7263521125759116,-0.8255884186133261,0.5642727736224276
167,2346,0.9375719412282484,proton,8873.920000000002,1704.7888436317444,723.3947265625001,12.267050994645743,-52.8284797668457,23.66018099926896,0.4862699025040331,0.40122029675247334,12.267050994645743,169.8615342948067,43.22610668154599,0.03836932719365648,0.8583604781286313,2.3566509141319454,-0.9628947492576286,-0.2698771977253516
167,2345,0.8590337524818001,proton,833.9200000000001,392.83497447967534,161.1809814453125,5.173811404560425,-46.08092498779297,7.477226262760398,0.37615473441108543,0.24001441215863462,5.173811404560425,187.51819986763732,46.66149733867586,0.06790690870463245,0.8423017424412481,2.43722907601826,-0.999288255172858,-0.03772244787371389
168,2365,0.8256637168141593,electron_positron,623.0400000000001,282.26845388412477,97.71774291992188,6.375914766170677,39.805572509765625,3.6136363687661395,0.33168654173764905,0.23578356186622648,6.375914766170677,124.60884955752212,28.735459755310146,0.0982655083076719,0.7518447550880413,2.8886100461350117,0.9836065662996888,0.1803278201835087
168,2362,0.8814553990610329,electron_positron,453.44000000000005,252.85281229019165,104.1926025390625,4.351940434830797,-74.64986419677734,8.62077566152823,0.4758226997985225,0.36007452800638606,4.351940434830797,115.29694835680752,21.299173209771944,0.08912388630625347,0.8520560404024977,2.4267827669953386,-0.5105469939725705,-0.859849851395912
168,2359,0.9638888888888889,electron_positron,189.12,114.52346239089967,47.245373535156254,4.0029316279883345,25.974395751953125,5.2285716263866275,0.556497175141243,0.4429981851427481,4.0029316279883345,135.57222222222222,26.948723027993474,0.18120007957090611,0.8793984305025536,2.4240143282110025,0.7874601872798445,0.6163655193545403
168,2371,0.5134233057611377,proton,4185.920000000001,605.2605454444886,226.73637695312502,18.461616332810102,88.72128868103027,7.2153161272278075,0.7130553284273644,0.587494604310255,18.461616332810102,138.3881874909302,42.39290859955328,0.14358730961356792,0.7872670539391098,2.6694461364248525,0.04462062550281929,-0.9990040038857387
168,2349,0.5528557904701799,alpha,1777.6000000000001,711.9505284309388,169.2654541015625,10.50184758275251,-67.89055633544922,1.769063304795224,0.19318379412276127,0.10975915487192368,10.50184758275251,156.04228463237615,50.62407106420504,0.04407012397210872,0.6265363880585681,4.206118325856113,-0.6974013917423546,-0.7166807509594679
168,2348,0.9215732454074423,alpha,2571.5200000000004,404.952724647522,134.5791015625,19.107870168131253,-21.982437133789062,3.3486870611191155,0.6444266238973536,0.47545478350402826,19.107870168131253,217.72845030617052,39.9546254160201,0.19705666099399313,0.7394910708850524,3.009031268197741,-0.6942172417157502,0.719765532173204
168,2369,0.9714031708401245,proton,4037.7600000000007,755.4193328857423,305.9625244140625,13.196910333161112,84.53090524673462,11.399936301770872,0.5585904643853203,0.4917070725126487,13.196910333161112,131.11705437842642,26.69955858553063,0.08891482437281326,0.8349937974832061,2.4689930060304537,0.189749908459139,-0.9818324562977883
168,2347,0.7349053233297607,alpha,1689.6000000000001,279.3096664428711,84.27661743164063,20.04826547969236,39.47245788574219,2.324649102574679,0.6923682140047207,0.5530025263929068,20.04826547969236,154.10396570203642,35.44246300174587,0.2721584560524486,0.7225821253225712,3.314201197852154,0.9814432858325378,0.19175264455603103
169,2384,1.0,electron_positron,34.88,48.97056245803833,18.938763427734376,1.8417253129061688,-80.53767395019531,4.363636363636363,0.5215311004784688,0.4243476390574636,1.8417253129061688,106.57831325301206,15.245082542682283,0.18277473204859918,0.8480814301928009,2.5857317794214945,-0.3243244511788774,-0.9459459024529469
169,2382,0.7312101910828025,electron_positron,549.7600000000001,547.64674949646,206.196142578125,2.6661992466309266,68.1985912322998,11.284553106233846,0.1764403820478587,0.145913820764168,2.6661992466309266,107.36480686695279,20.880365483653275,0.02303466885463818,0.7707088083240957,2.6559505073620078,0.6896551542483049,-0.7241379483349473
169,2380,0.6377952755905512,electron_positron,46.400000000000006,97.19797906875611,38.695776367187506,1.1990972751058533,30.465545654296875,7.066666564492163,0.23770491803278687,0.218980504258586,1.1990972751058533,114.73228346456693,16.296682826997042,0.061718217437070434,0.848428839082609,2.511849824291836,0.8740360021798785,0.4858611600996887
169,2379,0.9726027397260274,electron_positron,104.64000000000001,102.111687374115,41.01387329101563,2.551331820272681,-57.03059387207031,6.914373353007212,0.4917293233082707,0.4301193556531801,2.551331820272681,99.88584474885845,19.2546200491251,0.1261120801645352,0.8631708353912697,2.4896865177686904,-0.9131105715040141,-0.4077120113604856
169,2387,0.9836533883510554,proton,7457.280000000001,1002.4073825836182,338.4487548828125,22.03370493291392,86.18592500686646,7.6076549811830345,0.6121194610070657,0.49527387135709716,22.03370493291392,130.00572643979058,38.1202840177683,0.09326137215352094,0.716102744619115,2.9617700408757615,0.1327433683274637,-0.9911504417418575
169,2376,0.9968203497615262,electron_positron,258.56000000000006,388.8861164093018,171.76406250000002,1.5053207070017922,-80.53768157958984,20.40625058632897,0.2092180217503884,0.17883805909556,1.5053207070017922,107.06995230524643,23.623602560383382,0.021484553165888116,0.8983419850973496,2.2640714870684997,-0.3243241992582341,-0.9459459888257391
169,2373,0.9441624365482234,alpha,1405.4400000000003,295.6978914260864,123.45107421875001,11.384591093226298,-68.101806640625,6.718415207645011,0.7405159332321699,0.619568605762157,11.384591093226298,179.28595600676817,45.28165612526186,0.20198806951736226,0.8712507816048886,2.395263818459145,-0.6920976556563636,-0.7218038757411639
169,2375,0.9962756052141527,electron_positron,255.68000000000004,242.59007062911988,99.06705932617189,2.5808780611746047,4.9271087646484375,7.493762622179116,0.2909686817188638,0.19522622028736167,2.5808780611746047,117.98882681564245,19.91284234934756,0.0545959691616467,0.8564004126962191,2.4487460542298707,0.17114188908752725,0.9852463924316356
169,2372,0.8907200811359026,alpha,2408.6400000000003,323.9821621894837,100.80220947265626,23.894714338115488,-17.650123596191406,2.490581994432493,0.7744623932503344,0.5903813577495203,23.894714338115488,172.77966531440163,37.53042555152624,0.2883630161602111,0.725439207149324,3.2140383021799486,-0.5778611454576433,0.8161350970093005
169,2386,0.9919507575757576,proton,1263.0400000000002,248.16652059555054,82.68462524414063,15.275391238342758,83.48019886016846,2.7437828135753466,0.6623594562846115,0.5068941877241485,15.275391238342758,134.26704545454547,23.781312954000523,0.25771552716534696,0.7584587754451417,3.001362343516658,0.22562447556785256,-0.9742143480901579
170,2390,0.9749872383869321,alpha,1134.0800000000002,327.42337474823,104.11619873046875,10.892445304652876,-84.22567749023438,4.956151805555334,0.6581244196843082,0.5185034905406118,10.892445304652876,198.87340479836652,47.87042556625999,0.13293342507561448,0.6896853323878965,3.1447880228114036,-0.20019983397572394,-0.9797550849452594
170,2398,0.8535031847133758,electron_positron,262.08000000000004,113.03717069625856,44.00581359863281,5.955576742436195,-63.4349479675293,3.236841948723716,0.6213960546282246,0.43806167986312894,5.955576742436195,113.42675159235668,39.20378526423759,0.2577514913575681,0.8651502899807333,2.5686872131769976,-0.8000000179153028,-0.5999999761129288
170,2400,0.9936293051960979,v_track,3093.4400000000005,341.69587049484255,139.9360595703125,22.106096237801133,23.48139190673828,4.049251646638783,0.8248293515358361,0.6396717677096997,22.106096237801133,206.25701771849492,42.93532814561245,0.33294469579237157,0.8899001593939496,2.4418000016868664,0.7309105587502052,0.6824732632912903
170,2399,0.9839792162805802,v_track,2814.7200000000003,391.10175800323486,147.82105712890626,19.041400830637034,79.2868766784668,4.4545457137163265,0.7231768478171504,0.5738072240905527,19.041400830637034,212.33730244641697,39.11867489919494,0.23124136632628398,0.8300062216301302,2.6457783863781836,0.36530325371301203,-0.9308885716489846
170,2389,0.9878978036754819,alpha,1366.4,164.59209156036377,59.68115844726563,22.89499794491009,-84.80557250976562,2.009755932130233,0.9448993140075238,0.7709863402961595,22.89499794491009,229.88480502017035,31.64490476695458,0.633825618953458,0.9262509903899833,2.7578568486702153,-0.18032782018350857,-0.9836065662996889
171,2404,0.7539118065433855,alpha,345.9200000000001,272.64894571304325,60.800000000000004,5.689473684210526,-90.0,3.8,0.47747349823321555,0.3555921052631579,5.689473684210526,183.85064011379802,56.20139204944839,0.05847603143978136,0.505161542334855,4.484357659754,-1.2246467991473532e-16,-1.0
171,2412,0.9774956722446624,proton,4905.920000000001,2488.6979842185974,1001.426171875,4.89893327913979,-51.48210525512695,21.923316737885457,0.14483703353802552,0.1072479120006017,4.89893327913979,151.78572224078405,36.15895247425054,0.00995373178358333,0.8106472229303398,2.4851537278668623,-0.974510389109868,-0.22434237566035894
171,2403,0.9701154629839257,alpha,2719.3600000000006,304.3135330200195,118.13491210937501,23.01910545700737,-18.615692138671875,3.782064176128231,0.8321582452017234,0.7369517830161955,23.01910545700737,208.2467738283903,47.26002861669725,0.3690065174527777,0.881035226707568,2.5759830653471125,-0.6050353305484989,0.7961986239551464
171,2402,0.9997436554729556,alpha,4844.8,406.71353302001955,163.6333740234375,29.60765203867318,-86.33221435546875,4.273455859603327,0.8846558373261657,0.773234646348132,29.60765203867318,204.0265316585491,40.88253771817147,0.3680513971754502,0.8960053278264256,2.485517000717502,-0.12768038796462164,-0.9918153651407119
171,2401,0.9971098265895953,alpha,191.68000000000004,77.77056245803834,33.6,5.704761904761906,0.0,3.8181818181818183,0.9103343465045592,0.6482683982683982,5.704761904761906,162.43352601156067,13.775761059540805,0.39825036721605683,0.9513173911083638,2.3146000731559027,0.0,1.0
172,2415,0.995165489029379,alpha,3319.36,350.19780378341676,137.5339111328125,24.13484770890134,-40.60129165649414,3.9330025454885646,0.8318364073777065,0.6901746390562834,24.13484770890134,231.53235403495722,33.3187019560607,0.34012408304774905,0.8639716623861304,2.546265142167308,-0.9882352781630185,0.15294127956199863
172,2414,0.9951929158760279,alpha,4899.52,449.62522039413454,167.24888916015627,29.29478350859633,20.89776611328125,3.6609163868079566,0.8007845188284519,0.6412344711713694,29.29478350859633,227.3685009487666,31.71985125333971,0.30455243166112955,0.8355227347869406,2.6883599804574896,0.666474337975145,0.7455279718565845
172,2423,0.681757656458056,electron_positron,403.20000000000005,217.18418312072754,57.675671386718754,6.99081589005736,56.56013107299805,1.9031587690307932,0.2903894906660521,0.2306801506415787,6.99081589005736,108.30226364846871,26.57983943486529,0.10741724265750088,0.7067705774016596,3.7656117024541405,0.9196826932537611,-0.3926623788059004
172,2427,0.9811935807422267,v_track,2443.52,318.7801412582398,132.97552490234375,18.375712386128978,44.67629623413086,4.600620512384644,0.8262280891581909,0.6357536802008554,18.375712386128978,200.92226680040122,41.56299946407114,0.302164364303676,0.8949142589999288,2.3972843235050174,0.9999361625377802,0.011299152588494295
172,2419,1.0,electron_positron,47.36000000000001,35.58822498321533,15.200000000000001,3.115789473684211,-90.0,3.8,0.9426751592356688,0.7789473684210526,3.115789473684211,154.4375,40.831414708326385,0.46990374132340856,0.9651501716970042,2.3413305910010087,-1.2246467991473532e-16,-1.0
172,2426,0.9926053083322329,v_track,4685.4400000000005,454.6193328857422,180.48293457031252,25.960570793881057,68.6293773651123,4.983899669148196,0.8224918548477699,0.7168815184580034,25.960570793881057,197.22619833619436,40.504154039073356,0.28488162908553427,0.8544792132442429,2.5189048148407167,0.6786885339613768,-0.7344262208481918
172,2418,0.9338842975206612,electron_positron,183.68000000000004,135.24305820465088,56.051116943359375,3.277008738034816,29.511497497558594,4.927251808384816,0.41564083997103546,0.2880700351946841,3.277008738034816,108.2396694214876,11.748764516293278,0.12619488994671624,0.877205608456934,2.412852153175044,0.8573739362082317,0.514694019307397
173,2430,0.9879652952700811,alpha,2136.6400000000003,420.3232871055603,92.5763427734375,23.079762453232885,82.72499465942383,2.3057190244559442,0.7099415204678362,0.5748277127189767,23.079762453232885,203.60537363560033,35.51597038635215,0.15197575686871467,0.5317480626318014,4.540288312471139,0.2512249572505888,-0.9679287271563128
173,2445,0.9775891341256366,proton,6856.32,2377.4768056869507,926.2685546875,7.402086538836625,-57.9946174621582,13.535314400283978,0.15240493363492807,0.10816470883551156,7.402086538836625,144.0135788070643,36.31444596703321,0.015242926850186198,0.7919270012056675,2.5667251615694244,-0.8988763942422683,-0.43820226822098746
173,2437,0.7779273216689099,electron_positron,416.32,165.95087900161744,58.44690551757813,7.12304605886774,-71.84729766845703,2.3286991505095855,0.45858301022206555,0.28380341370403644,7.12304605886774,111.35666218034993,40.08363538573422,0.18996693893222608,0.8275673940757579,2.839344145460483,-0.5920891987078104,-0.805872434553722
173,2429,0.9949013522500554,alpha,3831.0400000000004,511.94481620788576,173.77504882812502,22.045972801245775,83.65980815887451,4.8329240304061365,0.7034077555816686,0.613128941371798,22.045972801245775,179.99091343854613,49.66306125087571,0.18368777383840498,0.7407158886649983,2.946020269654667,0.21951219836453736,-0.9756097553679791
173,2436,0.8097609561752988,electron_positron,545.6,275.5939372062683,71.40939331054688,7.640451412705352,-13.690049171447754,1.6447097255601428,0.24031007751937986,0.17597579482992512,7.640451412705352,125.86553784860557,20.447602057209625,0.09027030442952623,0.6916549792594233,3.8593513322226225,-0.459891374848543,0.8879751817139468
173,2428,0.9903860160233067,alpha,4235.2,452.38989534378055,168.29702148437502,25.165032409044766,54.16234588623047,4.457061011248696,0.8008107944575543,0.6664531778869098,25.165032409044766,226.4160233066278,33.20753307739268,0.26005068147653637,0.8111900276972033,2.688044573538583,0.9492900735769796,-0.3144015842966008
174,2452,0.9946769900798451,alpha,2502.0800000000004,400.73506212234497,129.41490478515627,19.33378542567213,9.462318420410156,3.5781818930479363,0.7019481102432893,0.534558218383428,19.33378542567213,177.49310428260344,42.42101455693506,0.19579264369900504,0.7047280350435294,3.096513981813854,0.32432419925823386,0.9459459888257391
174,2460,1.0,electron_positron,147.84,159.3096664428711,69.24459228515626,2.135040370967597,40.10090637207031,10.28707984726747,0.393526405451448,0.31718478004514794,2.135040370967597,129.4031746031746,20.876188062410588,0.0732010922425593,0.8932874787212431,2.300680257987768,0.985413283138646,0.17017832239716876
174,2458,1.0,electron_positron,35.84,60.25096664428711,27.200000000000003,1.3176470588235294,-90.0,8.5,0.48695652173913045,0.4117647058823529,1.3176470588235294,120.91397849462366,21.109879414690223,0.12406515632012355,0.9626032612485513,2.215109067804673,-1.2246467991473532e-16,-1.0
174,2449,0.9965712581991651,alpha,4150.72,389.19393720626834,161.4146728515625,25.714638741776696,77.77487659454346,5.0933390494822435,0.8936272821219429,0.8114093429862089,25.714638741776696,216.75894454382825,37.73035235942385,0.34435085773901036,0.9075252654750208,2.4111434873344657,0.4139029152015497,-0.9103210295207174
174,2448,0.9998102826788086,alpha,3257.6000000000004,337.7056245803833,136.33018798828127,23.894927807772252,-45.0,4.155172586991099,0.8886173184357542,0.7282873328357853,23.894927807772252,220.11079491557578,36.03447330168208,0.3589475822044505,0.8909144735198437,2.4771155205141504,-1.0,6.123233995736766e-17
174,2447,0.9948309282791299,alpha,2838.7200000000003,373.80957880020145,132.9201416015625,21.35658272550795,-70.34617614746094,3.421052912687703,0.6966389194283021,0.5496683847746969,21.35658272550795,207.89231100581523,35.910819240309806,0.2552886870683681,0.8025384745878671,2.8122869438457414,-0.6334841573451588,-0.7737556606530863
174,2446,1.0,alpha,251.52000000000004,103.29015827178955,31.200000000000003,8.061538461538461,0.0,1.7727272727272727,0.6621735467565291,0.458041958041958,8.061538461538461,201.37004405286345,32.369011959594175,0.2962541908111962,0.8139951597663325,3.310581995890691,0.0,1.0
175,2471,0.9890482398956976,alpha,2336.6400000000003,324.6115997314453,79.68964843750001,29.32175063907591,-37.77568435668945,1.5733459059434203,0.6948991244765893,0.5789115302631297,29.32175063907591,174.44850065189047,44.110500628296485,0.2786593380390108,0.6741225674276883,4.073447506623596,-0.9683717302349297,0.24951190769542128
175,2470,0.9443620178041543,alpha,822.0800000000002,113.58620405197144,35.393243408203126,23.227032078373067,69.44395446777344,1.1666666331349935,0.9600149476831091,0.7656321010216718,23.227032078373067,89.01706231454007,16.054862533032534,0.8007054314698719,0.9282610199547214,3.209262365190455,0.6575342547976938,-0.7534246503583762
175,2469,0.9646739130434783,alpha,667.5200000000001,107.26660823822021,34.16666870117188,19.53716956833737,10.7843017578125,1.2841067710370384,0.9275233437083148,0.7342773727524775,19.53716956833737,100.65398550724638,25.195464540093212,0.7290294113259328,0.9222174822982555,3.1395102980742484,0.367615005936581,0.9299780682415298
175,2468,0.9801116538729937,alpha,1746.88,246.2920039176941,78.06633911132813,22.376865879528765,12.200469970703125,2.1414493973652435,0.7905865314989138,0.6138231470583495,22.376865879528765,168.58792742498255,36.660654776127636,0.3618864414507823,0.7585558947901192,3.1549065413002686,0.41311936960026396,0.9106768836755881
175,2467,0.8866806136680614,alpha,1738.2400000000002,269.43514976501467,74.78361206054687,23.243595115366627,81.86989784240723,1.3713691455269754,0.6418527708850289,0.4262370898389875,23.243595115366627,178.48675034867503,45.230166432907936,0.30089231779603326,0.7767737348789409,3.6028635464528316,0.2799999934131037,-0.9600000019211781
175,2466,0.9952089872790352,alpha,3744.6400000000003,373.95659122467043,125.55545654296876,29.82458989122846,-52.907161712646484,3.1797393885058893,0.8632976761342678,0.7553190106932437,29.82458989122846,224.20915248637039,39.802965927659315,0.3364941756251434,0.775076521572743,2.9784176771058255,-0.9621498958702699,-0.2725207843024617
175,2477,0.9543147208121827,electron_positron,808.96,372.90562458038335,100.42333984375,8.055497867912694,49.879276275634766,1.8597249005645966,0.21122994652406418,0.1491785673998834,8.055497867912694,94.75323790047717,21.789328296690904,0.07310364708188419,0.6884211008784182,3.713336214077246,0.9855307692475256,-0.16949661609123803
175,2476,0.9311797752808989,electron_positron,372.8,235.7547455787659,85.85589599609375,4.3421595648709035,70.68364715576172,3.712891227136625,0.2775131014768938,0.18777937109840512,4.3421595648709035,144.36095505617976,26.016908788480166,0.08428783147501306,0.7968783480892083,2.745935417056182,0.6243256040819223,-0.781164220947006
175,2475,0.6395348837209303,electron_positron,84.48000000000002,72.34112491607667,29.583218383789063,2.855673067886797,20.854454040527344,5.5400008015254985,0.6125290023201856,0.534777213207366,2.855673067886797,82.83720930232558,10.546530858165605,0.2028585204158711,0.8916524347423693,2.4453433016509782,0.6653464304422873,0.7465347463432004
175,2473,0.7090643274853801,electron_positron,1134.4,707.9074702262878,187.595166015625,6.047064133334409,65.6781063079834,3.067618450109518,0.13205930561764267,0.09888360077928181,6.047064133334409,99.29986181483187,15.913107413206253,0.028446123507600257,0.607633279023306,3.773591213791327,0.7506162475554976,-0.6607384118588112
175,2472,0.9699248120300752,electron_positron,104.96000000000002,267.94885807037355,110.58516845703126,0.9491327043624574,58.50783920288086,5.5708973442859655,0.06272709887167718,0.047814014626765065,0.9491327043624574,135.49520766773162,30.965313110175174,0.018370875966957554,0.8730003321007448,2.4230089966765047,0.8908822609607339,-0.45423429758825007
175,2463,0.9687399291008701,alpha,1917.4400000000003,190.14499149322512,69.56136474609376,27.56472658348289,65.77225494384766,1.9127380583456457,0.9526232114467409,0.7579509372274128,27.56472658348289,226.40992587818243,32.44447685015467,0.6664412438310138,0.9150389160578513,2.7334856380014134,0.7484407423800087,-0.6632016700413694
176,2487,0.9910714285714286,alpha,600.32,119.67838325500489,48.63680114746094,12.342917005991039,78.69006729125977,3.0392154600541184,0.9241379310344827,0.7712839516940803,12.342917005991039,201.91071428571428,38.34997004776407,0.5266974904740014,0.9335040006301475,2.460654903930758,0.3846153921784072,-0.9230769199256637
176,2486,0.9712339137017411,alpha,3232.6400000000003,418.917399597168,102.19557495117188,31.631897971556267,-49.25383758544922,1.6661599641526879,0.7015277777777778,0.5157151081693221,31.631897971556267,214.3012869038607,37.948380093391826,0.23147836624502957,0.6361249938884513,4.099173567909598,-0.988996054382584,-0.1479418954038412
176,2485,0.8431506849315068,alpha,883.84,140.70579986572267,53.25514526367188,16.596330657329247,73.30075454711914,2.2133758674732866,0.9023195034302516,0.6897721822683254,16.596330657329247,217.34246575342465,39.384900513275596,0.5609956812470542,0.9007715271844726,2.6421071460621,0.5504587511173792,-0.834862361900628
176,2484,0.9416722859069454,alpha,1787.2,314.770387172699,130.9963623046875,13.643126943045258,-29.396053314208984,6.104300403752352,0.7422913343965976,0.6357561678939511,13.643126943045258,210.80782198246797,37.982270673910406,0.22667064649923932,0.8870628993611382,2.4028941081628448,-0.8552928858852643,0.5181448439906127
176,2483,0.9754335260115607,alpha,1700.1600000000003,193.69991235733033,79.2,21.46666666666667,0.0,2.8285714285714287,0.950107296137339,0.7666666666666667,21.46666666666667,217.34609826589593,40.26886893849554,0.5694306108992695,0.9520471170783353,2.445705964107706,0.0,1.0
176,2482,0.6623992837958819,alpha,6821.12,903.7564159393311,375.44218750000005,18.168229962169608,7.689094543457031,7.558567256928652,0.4867333424670046,0.36577079689108,18.168229962169608,213.34377797672337,38.07358456686032,0.10494524529914873,0.8637715899099471,2.407178644353416,0.26518909389152767,0.9641964242212219
176,2480,0.9933448360857776,alpha,2494.0800000000004,284.22337474823,108.39024658203125,23.010188450050677,19.798873901367188,3.367633515378173,0.8775050664264805,0.7149156336766238,23.010188450050677,229.51762385999507,31.04891697352724,0.38797224712573536,0.8749605367495833,2.6222227895120227,0.6373937017231429,0.7705382982069542
177,2509,0.926,alpha,914.24,124.39797906875611,39.2,23.32244897959184,-90.0,1.2894736842105263,0.9457133399536577,0.7671858216970999,23.32244897959184,208.13266666666667,46.714356104116675,0.7424093498679472,0.9251954362449841,3.1734178333866354,-1.2246467991473532e-16,-1.0
177,2508,0.9480140186915887,alpha,1039.3600000000001,157.75676651000978,54.16068725585938,19.190303016096916,75.06858158111572,1.7604689750044862,0.8338896020539153,0.6237722376227551,19.190303016096916,205.66939252336448,38.19837910155505,0.5248073040316393,0.8886102977590385,2.91275414886732,0.4979253487628141,-0.867219895447187
177,2507,0.9550121336568975,alpha,3286.0800000000004,395.8213538169861,144.78936767578125,22.695589135787483,-28.178590774536133,3.6363063629601613,0.6958731449481602,0.5699873996990865,22.695589135787483,228.71551241366438,34.76045775527213,0.26356610370724914,0.8170234142548007,2.7337736200583924,-0.832507445954157,0.554013855811284
177,2506,0.9788732394366197,alpha,2139.52,364.7253080368042,148.42603759765626,14.414721531539321,67.67134284973145,5.216907087689852,0.6708809953843067,0.5066514214225069,14.414721531539321,210.20732394366198,38.4728527284379,0.20211307756082497,0.874669280420731,2.4572865646759237,0.7028649577833093,-0.7113233098389697
177,2518,1.0,electron_positron,162.24,120.53523740768433,47.87595825195313,3.388757236903584,83.77417087554932,5.728372855579259,0.4514692787177204,0.40546582624765193,3.388757236903584,147.94427244582045,25.143119555917707,0.14032651719110747,0.8675951917221064,2.5176569160945625,0.21561581387218115,-0.9764782746217332
177,2516,0.8287292817679558,electron_positron,55.36000000000001,166.49991235733035,66.36964721679688,0.8341162311616064,75.41108226776123,8.752448797504499,0.15900735294117646,0.10999846933888409,0.8341162311616064,112.00552486187844,35.361198143117065,0.02509446417923848,0.8191667916548683,2.5086755669117435,0.4875219378688601,-0.8731107375909377
177,2505,0.9767008387698043,alpha,1982.0800000000004,212.1567665100098,75.2,26.35744680851064,0.0,2.238095238095238,0.9153243682577213,0.7844478216818642,26.35744680851064,205.26343584964275,42.477794598890746,0.5533721114446848,0.8798699597962252,2.8212335972075766,0.0,1.0
177,2504,0.5302954011413226,alpha,7274.880000000001,980.1876991271973,372.0857177734375,19.551623866492143,6.5768280029296875,7.187803782967497,0.49138657732627256,0.3776904871051791,19.551623866492143,204.13569989929508,42.079854206203535,0.09515184242384518,0.794599586167792,2.634306162011927,0.22756331105540797,0.9737632871809758
177,2502,0.990418118466899,alpha,2097.92,291.83514976501465,95.4911376953125,21.969787465449617,21.595314025878906,2.999999904124368,0.8445188715702693,0.6902144207379883,21.969787465449617,212.27845528455285,34.97653918106019,0.3095448547542149,0.7601179216453466,3.056149050147303,0.6844278583859681,0.7290805899660182
177,2501,0.9756944444444444,alpha,1148.16,651.4193328857423,240.0,4.784000000000001,0.0,5.660377358490566,0.21267263351312904,0.11283018867924528,4.784000000000001,198.87782388197326,51.01367404229987,0.03400094516444104,0.7691408210599726,2.714247220357259,0.0,1.0
178,2541,0.9579100145137881,alpha,407.68000000000006,92.86660823822022,28.97944030761719,14.067904544479493,-63.4349479675293,1.3965517786543826,0.8504672897196262,0.6779481213227175,14.067904544479493,178.65166908563134,38.39899007993576,0.5940323575507565,0.8802729792645352,3.204568730535849,-0.8000000179153028,-0.5999999761129288
178,2540,0.9730639730639731,alpha,3605.120000000001,545.9330411911011,141.36024169921876,25.503069014771814,-28.474205017089844,2.857831458803164,0.6346327174402884,0.5155867877017495,25.503069014771814,202.42323232323233,36.825861927778384,0.15200253466438016,0.5937047831636866,3.861998498507931,-0.8381798270085133,0.5453939654928157
178,2539,0.9823113207547169,alpha,2045.4400000000003,343.14885807037354,137.92130126953126,14.830486525085204,69.44395446777344,5.241993569825526,0.7154689948511305,0.5636643091842326,14.830486525085204,209.70813679245282,39.93823007506042,0.2182888197300897,0.859713198566017,2.4880047890483463,0.6575342547976938,-0.7534246503583762
178,2538,0.9146253602305475,alpha,3399.0400000000004,441.65852451324463,187.13640136718752,18.16343573546984,22.646804809570312,6.691083470101084,0.7851282430334836,0.649435725609476,18.16343573546984,214.38202449567723,40.949718601454464,0.2189741781140009,0.8928336801702033,2.360088797724872,0.7107210175995679,0.7034739761655968
178,2537,0.9684813753581661,alpha,1468.4800000000002,276.09587049484253,108.03765869140625,13.592297517243484,-32.07400131225586,5.528677400715257,0.7673913043478261,0.6955669811582066,13.592297517243484,202.91526811297584,41.15749260963497,0.24207953583181477,0.8491884024691608,2.555552145788997,-0.8999234174245234,0.43604798218884916
178,2536,0.9573309123921925,alpha,1326.7200000000003,231.58418312072754,68.96130981445313,19.238613703389113,-3.2397003173828125,2.176974356929028,0.722048066875653,0.6073255976116009,19.238613703389113,192.7943713118475,31.744067396770685,0.31086465885472997,0.7429674168456687,3.358175529783679,-0.11284599080196618,0.9936124910446339
178,2535,0.9728610855565777,alpha,1297.6000000000001,268.2566788673401,71.751171875,18.084722048311495,-1.273030161857605,1.8838077501134143,0.6358789399404109,0.47480952105712393,18.084722048311495,185.8468261269549,38.14844144500202,0.22659463020439574,0.6707628996572106,3.738707980054717,-0.04442251234864993,0.9990128329489236
178,2534,0.9970972423802612,alpha,3355.2000000000003,485.6016703605652,162.944287109375,20.59108704896079,-1.3639274835586548,4.52751363165828,0.6827060815210314,0.5721368263881186,20.59108704896079,213.59724238026124,37.7455720210941,0.17880017241816276,0.7385655627855885,2.9801699646862065,-0.04759206631350773,0.9988668556038941
178,2533,0.9872654155495979,alpha,895.3600000000001,163.76854152679445,59.7477294921875,14.985674060084168,26.565052032470703,2.5692304573081652,0.8140820482979343,0.6444035705741011,14.985674060084168,219.77613941018768,30.97466350418863,0.4195141266800176,0.8582445295389645,2.7410002508665787,0.8000000179153027,0.599999976112929
178,2532,0.9864275327193408,alpha,1256.6400000000003,177.15087900161745,69.013623046875,18.208578893858,-45.0,2.489796291352085,0.8553692006098889,0.656908740610921,18.208578893858,220.47697527872032,30.635573595460812,0.5031924548467335,0.9040825537607569,2.5668972469579536,-1.0,6.123233995736766e-17
178,2531,0.9568527918781726,alpha,963.84,123.65483322143555,38.710809326171876,24.898471945621665,10.304847717285156,1.1942602859218174,0.9619929734908975,0.7681383247311976,24.898471945621665,202.75507614213197,29.816288808195047,0.7921229894230176,0.9253744718640069,3.194323119920774,0.35200004079232017,0.9359999846592973
178,2530,0.8981818181818182,alpha,145.28000000000003,78.51370830535889,36.0,4.035555555555556,0.0,6.428571428571429,0.9322381930184805,0.7206349206349206,4.035555555555556,192.62545454545455,29.99917706860289,0.29615884992600994,0.9649419958365306,2.1809363418155248,0.0,1.0
178,2529,1.0,alpha,33.6,33.79411249160767,15.200000000000001,2.210526315789474,0.0,6.333333333333333,0.9813084112149533,0.9210526315789473,2.210526315789474,162.2027027027027,10.001323871462443,0.3697149826261213,0.9915656064465596,2.2232968744478727,0.0,1.0
179,2568,0.9699088789997881,alpha,2891.5200000000004,365.06643295288086,134.42479248046877,21.510317751988524,21.405181884765625,3.6917030976123617,0.7582445246286817,0.5907370598111954,21.510317751988524,222.95359186268277,36.67369224130951,0.2726416866892456,0.8157522888590096,2.7157671305754345,0.67957401159861,0.733606953865469
179,2567,0.9456384323640961,alpha,1454.0800000000002,179.88224983215332,61.713128662109376,23.56192323292104,28.886581420898438,1.8786761150336857,0.8916797488226059,0.7172739960131691,23.56192323292104,234.72482090181205,29.949397610202993,0.5647048835608917,0.8924838181444078,2.9148133263027614,0.845943475783325,0.533272571748845
179,2575,0.944,electron_positron,147.84,332.082074546814,146.65865478515624,1.00805506648465,-31.218402862548828,15.115382982250152,0.12851182197496522,0.10389525541083387,1.00805506648465,135.8743842364532,34.05438252924899,0.016846549057852676,0.9000157576982384,2.264319654597193,-0.8865010089736949,0.4627266591505411
179,2566,0.9888330541596874,alpha,1047.3600000000001,276.41748723983767,120.166552734375,8.715902854558554,-71.56504821777344,6.884058177514234,0.6647034930950447,0.49931350242669953,8.715902854558554,197.1820212171971,45.12861860553174,0.1722561824807305,0.9059499695994314,2.300286402081045,-0.6000000826393694,-0.7999999380204662
179,2565,0.9458408138839018,alpha,2028.1600000000003,295.0822498321533,131.77449951171874,15.391141742258222,-7.125016212463379,6.478048754141995,0.8797890061077179,0.756630205067802,15.391141742258222,219.4772591262717,37.53684713434026,0.29270214502409625,0.9535152813017929,2.239297063738129,-0.24615384153778838,0.9692307704031013
179,2564,1.0,alpha,963.5200000000001,193.15087900161745,57.82369384765625,16.663065533974947,-30.14138412475586,1.762585080778658,0.6801445674271516,0.5079244986942624,16.663065533974947,189.00557275541797,32.209693653141464,0.32454671680723884,0.7694847817233419,3.340341409362355,-0.8684824655741976,0.4957198876282478
179,2563,0.9893076717455226,alpha,2303.0400000000004,249.9273289680481,93.63598022460938,24.59567352715891,-85.13548278808594,2.649232336954762,0.8848045242193263,0.6958826457631971,24.59567352715891,213.202352312216,36.646529740491886,0.46332298900347935,0.8709090214745953,2.669137743509864,-0.1689888594884687,-0.985617961163851
179,2562,0.9967500812479688,alpha,3819.5200000000004,340.4036912918091,133.532470703125,28.60367953867728,-58.79948425292969,3.465482484732358,0.8999472215939078,0.7423329315950691,28.60367953867728,219.46018849528764,35.2061082697729,0.4142191095571015,0.8740623811273194,2.54922034692677,-0.8862119197917455,-0.463280080749247
179,2561,1.0,alpha,298.56000000000006,103.5979790687561,29.6,10.086486486486487,-90.0,1.4230769230769231,0.6688172043010753,0.48492723492723494,10.086486486486487,174.70285714285714,21.0721954339875,0.34957383505371803,0.7880097325835386,3.499931725295814,-1.2246467991473532e-16,-1.0
180,2582,0.9994303617203076,alpha,2138.8800000000006,298.62337474823,99.15986328125001,21.57001763842123,-58.201087951660156,2.104473320847442,0.6715563146789912,0.4577812549167726,21.57001763842123,200.1520934206779,46.84748879637161,0.3014037735288829,0.7842260105328411,3.0115347567718587,-0.8956948738268596,-0.44466919502061975
180,2596,0.546679499518768,electron_positron,483.20000000000005,488.588049697876,150.54486083984375,3.2096744937314696,85.23635864257812,9.064000180800296,0.2632955536181343,0.19324797956698106,3.2096744937314696,125.37439846005775,24.919839899080465,0.025436134267399158,0.6306565213500848,3.2454648200688663,0.16551722990527143,-0.9862068984774369
180,2595,0.8970588235294118,electron_positron,261.76000000000005,117.529349899292,38.44976806640625,6.8078434061791135,-82.14669036865234,2.1712962372553393,0.5370978332239001,0.384445616060172,6.8078434061791135,109.66806722689076,34.17065287806376,0.23813349072335965,0.7835492617127539,3.0566985396715034,-0.27071166195265606,-0.9626604780933051
180,2592,0.9647058823529412,electron_positron,125.76000000000002,100.28427076339722,40.92216186523438,3.0731514237726536,-84.80557250976562,5.947369092173334,0.5473537604456824,0.44663245928953255,3.0731514237726536,93.0,8.784121146348465,0.15714000083994514,0.8807388953251926,2.4506102852937057,-0.18032782018350857,-0.9836065662996889
180,2598,0.9609917355371901,proton,14717.760000000002,2923.3213589668276,1189.7603515625,12.370356753501929,-42.32457733154297,21.71679907878952,0.2973871211778322,0.2257971967177594,12.370356753501929,134.83597280462484,38.29928305623247,0.02164205324981045,0.8197313568744555,2.457067387669844,-0.9956423347512543,0.09325417551547698
180,2591,0.8478260869565217,electron_positron,38.080000000000005,56.69604578018189,23.255105590820314,1.637489877278031,-63.4349479675293,5.416666651857772,0.44074074074074077,0.38141030047646024,1.637489877278031,92.71739130434783,12.531114394869908,0.14886796883681827,0.8869903020823363,2.438004229168583,-0.8000000179153028,-0.5999999761129288
180,2590,0.9743589743589743,electron_positron,100.80000000000001,66.68427076339722,24.970193481445314,4.036812933584268,-59.0362434387207,3.2500001986010543,0.6389452332657201,0.5254121417045899,4.036812933584268,114.12820512820512,21.657212320526945,0.284854827313155,0.8636062472930873,2.6705548282174316,-0.8823529416562229,-0.470588234394582
180,2588,1.0,electron_positron,80.64000000000001,73.55289993286134,29.97638854980469,2.6901172523174215,-56.82148742675781,4.619047417514516,0.5431034482758621,0.41451888463758896,2.6901172523174215,112.75,16.60993320132203,0.18730992195397078,0.8692902949722965,2.453694507283819,-0.9160621889586044,-0.4010362402082514
180,2585,0.654368932038835,electron_positron,265.92,180.46458730697634,58.31482543945313,4.560075383850687,23.682090759277344,4.105882800378259,0.4171686746987952,0.3210698985358466,4.560075383850687,123.82135922330096,14.373084679394925,0.10260697418911596,0.7122130509479531,3.0946605078042864,0.7356737940027172,0.6773360088003941
180,2583,0.8268156424581006,electron_positron,82.56,89.00386657714844,36.702230834960936,2.2494545459987942,52.00126647949219,5.9520760260671475,0.44714038128249567,0.3647986558411997,2.2494545459987942,137.83798882681566,10.653061478288954,0.13096697611996522,0.8763241567647999,2.425026069324572,0.9702850303299775,-0.24196479065672885
181,2610,0.9495798319327731,electron_positron,190.4,105.86072072982789,42.87248840332032,4.441076482634356,69.67686462402344,4.675757826389181,0.603448275862069,0.4843525275678266,4.441076482634356,116.63305322128852,21.213660968494857,0.21350454037480815,0.8613921257853158,2.4691993553989593,0.6513871750090584,-0.7587455095311723
181,2612,0.8235294117647058,electron_positron,175.36,207.47047481536868,65.10097045898438,2.6936618419610543,17.26580810546875,2.646244512468672,0.17797986359207535,0.10949280506081872,2.6936618419610543,104.03324808184144,14.327603584979862,0.051195029676931125,0.7275380019223165,3.186902950180773,0.5668609092504951,0.8238135162545598
181,2609,0.8487394957983193,electron_positron,124.80000000000001,76.47838325500489,28.644461059570315,4.356863260246381,42.137596130371094,2.9562678689678576,0.5838323353293413,0.44965254675125416,4.356863260246381,124.42436974789915,45.45891758091028,0.26813101520018007,0.8739331434633374,2.669918735631192,0.9950124735511394,0.09975057632737333
181,2607,0.864602307225258,electron_positron,900.1600000000001,431.2487704277039,155.86658935546876,5.775195336744673,54.14885330200195,3.453332339861086,0.20531348076782716,0.12795345627222174,5.775195336744673,103.86095931997572,17.79910764503337,0.06082383997275594,0.7961530274766525,2.766781336596771,0.949438045155067,-0.3139544527668384
181,2608,0.6651735722284434,electron_positron,487.68000000000006,233.18418312072754,88.77545166015625,5.493410519237923,-9.462321281433105,6.617646540282021,0.4886181468419365,0.4094988922855536,5.493410519237923,124.15565509518477,28.760145762101075,0.11270589485749168,0.8071717381874537,2.6266741397541558,-0.32432429372847793,0.9459459564359499
181,2605,0.9389830508474576,electron_positron,136.96,147.88224983215332,58.40547485351563,2.344985642929944,23.428695678710938,5.257709207835669,0.27648578811369506,0.21109754929649496,2.344985642929944,104.09491525423728,24.067936499951568,0.07869941661540805,0.8430507013610702,2.5319929373581966,0.7296539506380588,0.6838165779785346
181,2613,0.9244369606398652,proton,9236.160000000002,2447.388668346405,918.43486328125,10.05641267471315,-25.144784927368164,16.72308971207319,0.24671128548349874,0.1831096554196879,10.05641267471315,134.01407022436305,28.37750166703545,0.019377396324718573,0.75999062612286,2.6647384220615624,-0.7692832607652105,0.6389078687153924
181,2600,0.9839288276653753,alpha,4258.56,566.0231994628906,173.5138671875,24.543052777436962,15.945396423339844,2.7848325555051177,0.6098153324474178,0.3939068011908767,24.543052777436962,193.95537379824938,49.34067387097093,0.16703372669342614,0.692745290966765,3.2621208243329796,0.5283019022756733,0.8490565941395809
181,2603,0.9925373134328358,electron_positron,67.84000000000002,50.490158271789554,20.592535400390627,3.294397638802317,31.4295654296875,3.102857276866206,0.6905537459283387,0.4963956835667118,3.294397638802317,126.05223880597015,15.112176154415208,0.3344122971378826,0.9147641717004137,2.4518670134631306,0.889887637501153,0.4561797810322335
181,2599,0.9682072416838386,alpha,2056.0,327.0684538841248,88.91105346679689,23.124233937547448,-30.465545654296875,2.1681502709632117,0.7434621615366813,0.5638985494220174,23.124233937547448,166.86753017368267,37.408305670145346,0.24152142278879435,0.663815260190285,3.6786028410546936,-0.8740360021798785,0.4858611600996887
181,2602,0.8787878787878788,electron_positron,1003.2,655.5623034477235,146.4,6.852459016393443,0.0,1.5378151260504203,0.11501210653753027,0.07197961151673785,6.852459016393443,138.13194805194806,22.251928096174026,0.02933387536615995,0.6102229492917051,4.4778845863915535,0.0,1.0
182,2617,0.8420473307649973,alpha,1112.96,134.46660823822023,36.800000000000004,30.243478260869566,-90.0,1.0,0.9637018564699362,0.8218336483931947,30.243478260869566,137.34837644468905,27.840833061016216,0.7735003581307484,0.9208822086254558,3.6539839195168535,-1.2246467991473532e-16,-1.0
182,2616,0.9536238136324418,alpha,2856.9600000000005,306.7370830535889,98.67832641601564,28.95225429701158,-40.73210525512695,2.201352499322947,0.8179569399908383,0.6458775667623792,28.95225429701158,190.8244176013805,50.226160378351935,0.38157635697608694,0.774109225424672,3.1084544518967947,-0.9889233420945845,0.14842716550711796
182,2626,0.8944099378881988,electron_positron,80.32000000000001,60.83330411911011,24.47529449462891,3.281676550107546,-11.309932708740234,4.216216294362078,0.6136919315403423,0.5653152874800231,3.281676550107546,88.56521739130434,15.055500886397585,0.27274120366540516,0.9107673556159032,2.4854983515095173,-0.3846153921784071,0.9230769199256637
182,2625,0.8269430051813471,electron_positron,500.1600000000001,325.46845388412476,105.32755126953126,4.748615096159408,-7.471559524536133,3.42929709991927,0.1996168582375479,0.15460733475347593,4.748615096159408,125.98445595854922,30.62439622903833,0.05933364361174611,0.732496745300262,3.090060007673178,-0.2578599853147152,0.96618229541505
182,2623,0.5434782608695652,electron_positron,235.52000000000004,81.27838325500488,27.87387390136719,8.449489325861087,-58.5704345703125,1.9240839141158161,0.7464503042596349,0.5832532123776736,8.449489325861087,128.08937198067633,20.616798954311463,0.44800983098553465,0.8662066668839699,2.915934238011253,-0.889887637501153,-0.4561797810322336
182,2624,0.8840579710144928,electron_positron,470.72,290.26845388412477,91.70039672851563,5.13323842418691,-28.694902420043945,3.038178968363022,0.2116546762589928,0.17007229604610744,5.13323842418691,122.01895206243032,23.927488886871735,0.07020577465586929,0.7371948401829262,3.16540019716034,-0.8423565152776257,0.5389206817049566
182,2630,0.9153733866011063,proton,15670.400000000001,2836.7824302673343,1046.0404296875001,14.980682921291544,-49.22673416137695,19.450253558926857,0.33323806412978385,0.2785533647031727,14.980682921291544,129.22399354640442,32.44512108954158,0.024470220877290776,0.7478069479147333,2.7119242715263026,-0.989135577793799,-0.14700615205673323
182,2614,0.6776299271905599,alpha,2372.1600000000003,495.47618703842164,110.25010986328125,21.516169035492698,5.710594177246094,1.9129835734458909,0.5419651995905834,0.3733336681425929,21.516169035492698,193.04017072558372,47.067964846153146,0.12142504381694484,0.554698151216837,4.494110596831612,0.1980198375555028,0.9801980126150492
183,2637,0.9880334486735871,alpha,4259.2,505.65852451324463,141.97929687500002,29.998739913114534,-27.23514747619629,2.603683095476451,0.6684411410204901,0.5501309959728663,29.998739913114534,207.8780276816609,38.275229543025844,0.2093260274950624,0.6707870163209352,3.561494778766453,-0.8138143429947833,0.5811249565592319
183,2636,0.9987887177712407,alpha,3584.3200000000006,330.7232871055603,123.79051513671875,28.954722387586372,-57.36249542236328,3.3145522458795744,0.8969410634208841,0.7752770073910679,28.954722387586372,231.50458556843745,32.664694788104214,0.4118007070333425,0.8627678749608139,2.671636730328632,-0.9083258289762677,-0.4182633003439055
183,2634,0.983284169124877,alpha,1239.3600000000001,172.62539567947388,56.0,22.13142857142857,0.0,1.6666666666666667,0.8604754499000222,0.6586734693877551,22.13142857142857,190.79056047197642,27.540930287158645,0.5226343680750274,0.8412943589183328,3.0825963514191765,0.0,1.0
183,2635,0.9950807071483474,alpha,4025.9200000000005,381.69587049484255,160.4143798828125,25.097001920532655,18.103759765625,4.527445113175826,0.8784387655355397,0.7083236476897307,25.097001920532655,205.3271329746349,43.43787007500868,0.3472482628976866,0.9112962211181321,2.3794367485862726,0.5907115684715066,0.8068827937649511
183,2633,0.9979582577132486,alpha,2731.5200000000004,253.54885807037354,92.41504516601563,29.557092084877098,-22.10944938659668,2.5015674364448697,0.9007069747810489,0.8000759934998228,29.557092084877098,234.82282214156078,28.362152000204656,0.5339381235865723,0.8976445426165165,2.7435885316605644,-0.6974015348900624,0.7166806116625348
183,2632,1.0,alpha,584.96,102.0783832550049,29.138616943359377,20.075077727164093,-86.98721313476562,1.126829314923221,0.9144572286143071,0.7763301232279674,20.075077727164093,161.9301130524152,15.983587666872259,0.7054536223639657,0.9168956346537207,3.503199326633391,-0.10497235351030518,-0.9944751404628008
183,2640,0.8918918918918919,electron_positron,88.64000000000001,81.747012424469,32.380007934570315,2.737491608374934,67.89055252075195,5.800829739973485,0.5506958250497018,0.4904175059770532,2.737491608374934,166.48648648648648,18.212294068095634,0.16668473623113195,0.8595876446436888,2.524613724297217,0.6974014871741627,-0.7166806580948492
183,2631,0.990530303030303,alpha,611.5200000000001,166.15878744125368,74.4,8.219354838709677,0.0,7.153846153846154,0.8814575645756457,0.7903225806451613,8.219354838709677,208.49526515151516,30.5897211198021,0.27833889638496473,0.9601281544684863,2.2333170355007215,0.0,1.0
184,2661,0.9661246612466124,alpha,893.44,138.329349899292,42.400000000000006,21.071698113207546,0.0,1.325,0.9181190397895429,0.6584905660377358,21.071698113207546,216.87330623306232,38.16226683434873,0.5867411996583942,0.902336547802875,3.262484667436132,0.0,1.0
184,2660,0.8599320882852292,alpha,1436.4800000000002,191.711687374115,74.72457275390626,19.223662940580784,-13.055246353149414,2.9842126142354233,0.9021302250803859,0.767719310059117,19.223662940580784,228.81409168081493,34.8542354688384,0.49114787383368796,0.9195675216025391,2.5655775644979277,-0.44010362030837186,0.8979469936424224
184,2671,0.96402451077288,proton,2957.4400000000005,791.3210908889771,297.27011718750003,9.948662273828978,-23.170127868652344,11.186561996352204,0.479879536839919,0.37437778260356486,9.948662273828978,113.87309745008896,18.440420982870467,0.05934994549787145,0.7686481414833631,2.661959763651116,-0.7234523780642158,0.690374287378398
184,2670,0.9224772628843655,proton,2773.4400000000005,569.3702118873597,212.57485351562502,13.046886563166055,-29.39217758178711,7.4881118418039785,0.5130831162680559,0.459586560482498,13.046886563166055,112.55005382131324,22.42478451864243,0.10750759699338276,0.7867876785645097,2.6784457449738235,-0.8552227789763379,0.5182605506113598
184,2659,0.9467370441458733,alpha,1232.96,263.3234623908997,113.10350341796875,10.90116541698672,7.016502380371094,7.188664405170084,0.7282177282177282,0.6928593495319944,10.90116541698672,203.77303262955854,45.35741851996731,0.2234496802459636,0.9397339803499439,2.3281636238782104,0.24248078627315153,0.9701562081893587
184,2658,0.8440784863349685,alpha,1758.7200000000003,197.1606330871582,76.95999755859376,22.85239157733851,-36.86989974975586,2.6428569482297397,0.9487312273433454,0.784766161379533,22.85239157733851,164.0840925017519,55.06289904614865,0.568546719968081,0.915966425470456,2.56185861930478,-0.9600000205633031,0.27999992949723684
184,2669,0.6128170894526035,proton,2663.0400000000004,608.0780326843262,151.4044189453125,17.588918596635505,-32.57405471801758,2.0730768771127335,0.3661723940687288,0.2408330000544685,17.588918596635505,120.67534490431686,23.70553166388814,0.09050423981405434,0.5963603350504968,4.016250231797824,-0.907397224822313,0.4202740491450368
184,2664,1.0,electron_positron,669.44,384.6546579360962,116.46444091796876,5.748020552226042,43.87669372558594,2.191569338412894,0.1923501287237955,0.1081633629933322,5.748020552226042,134.46502384737678,27.64039118752544,0.05685642265042915,0.7690431766153402,3.3027648173490665,0.999231355620098,0.03920073909534345
184,2656,0.5125284738041003,alpha,800.3200000000002,117.72346239089967,39.09884338378907,20.46914769688108,73.07248497009277,1.4687499785051064,0.9276706231454006,0.7689245419540192,20.46914769688108,160.41913439635536,21.35612341814833,0.7256838876916667,0.9173179021464196,3.010919306111993,0.5570934825893206,-0.8304497887629946
185,2678,0.9624664879356568,alpha,208.32000000000005,84.67249574661255,33.914956665039064,6.142422709174353,-46.0416259765625,3.2207032046687396,0.7777777777777778,0.5833096205681114,6.142422709174353,174.38605898123325,33.530523388063656,0.365137223677069,0.8986942096540715,2.496612234622032,-0.9993390623548197,-0.036351594900219455
185,2677,0.9517291066282421,alpha,1700.1600000000003,213.12732896804812,80.7714111328125,21.049031781856897,-60.2551155090332,2.6601307774189795,0.8434672170185744,0.6932301478021494,21.049031781856897,208.88904899135446,44.75499194175473,0.47035024430985506,0.8959780970235662,2.638648080786934,-0.8615385181423361,-0.5076922116372357
185,2676,0.8410573292138689,alpha,1773.7600000000002,255.61748723983766,71.91721801757812,24.66391288337175,82.05652856826782,1.5414692556939134,0.7348535065623757,0.5286448013817495,24.66391288337175,205.825266048747,52.10195601843626,0.34113289371210215,0.7578905087275073,3.5543294677688895,0.27374004033088334,-0.961803717147967
185,2681,1.0,proton,7130.240000000002,1881.1161725997927,729.515673828125,9.773936675800465,48.55677032470703,23.598666576107988,0.3690111455210904,0.3161712366478234,9.773936675800465,142.00988467874794,32.63625703061827,0.02532111220921783,0.7839612463614996,2.5785822568124646,0.9923026995713116,-0.12383599001698765
185,2675,0.9281379750878314,alpha,3862.4,390.09789142608645,167.427490234375,23.0690909515109,-9.566685676574707,5.4076726707738425,0.8744475838585815,0.7450992217792252,23.0690909515109,217.16719897796233,40.625235557226866,0.3189480172848478,0.932505841978613,2.329951257586219,-0.32776821947923035,0.9447581670985518
185,2674,0.9037981009495253,alpha,2459.84,286.13119554519653,79.98582763671875,30.753448112985105,81.5288553237915,1.5910916975746643,0.7644192521877486,0.6117528243453597,30.753448112985105,182.9847576211894,46.48446100576212,0.3775602843086983,0.7711765612663304,3.577273674590866,0.29140832739447553,-0.9565987595252015
185,2672,0.7502641775272983,alpha,1742.4,201.03717069625856,68.89302978515626,25.29138296622598,-80.0737533569336,1.999428200047083,0.8955592105263158,0.7340119091664359,25.29138296622598,225.19373018668546,32.43700073519545,0.5417575835322843,0.8846583024428567,2.9181061033778803,-0.339599794739612,-0.9405700289786048
186,2693,0.9157894736842105,electron_positron,91.84000000000002,82.40975408554078,28.557482910156253,3.2159697088477572,72.25532722473145,3.3345194077823552,0.4463452566096423,0.37551325663856777,3.2159697088477572,129.04210526315788,22.285664870624046,0.16993565222209941,0.8077798075919699,2.8857499221765224,0.5805515566387912,-0.8142234890275988
186,2691,0.9835526315789473,electron_positron,158.72000000000003,95.95289993286133,35.05705261230469,4.5274770174002255,56.309932708740234,2.323529266014231,0.4542124542124542,0.3000744377307955,4.5274770174002255,166.21381578947367,29.76912819238227,0.2166333468753404,0.850922306884253,2.737049831142473,0.9230769199256638,-0.384615392178407
186,2692,1.0,electron_positron,102.4,83.81564159393311,30.882720947265625,3.315770011808709,-64.98310852050781,3.072115083225474,0.41939711664482304,0.3298422792207419,3.315770011808709,125.92307692307693,22.967030009463976,0.18317224701747994,0.8524747045214394,2.713997958180372,-0.7664233128519504,-0.6423358198925554
186,2684,0.6098423930524285,alpha,1829.7600000000002,457.3840078353882,110.14283447265626,16.61261042318873,60.255117416381836,1.8718383467397126,0.45901902544753953,0.28232541298265157,16.61261042318873,183.27532968800256,54.565444070835746,0.10991122341459983,0.5958197290970078,4.152644246221365,0.8615384843406804,-0.5076922689976314
186,2683,0.969097651421508,alpha,2962.8800000000006,408.299737071991,146.37213134765625,20.242104646018348,53.34389114379883,3.787948813368066,0.6400082947397525,0.5238432724043623,20.242104646018348,215.30407911001237,41.24065158389466,0.22333959585739185,0.8044045574066225,2.7894636315858277,0.9578837496268139,-0.28715626791152454
186,2695,1.0,proton,4488.0,1592.8326029777527,641.1600097656251,6.9998127326134725,5.524932861328125,18.709887679393177,0.2724358974358974,0.20426369082478896,6.9998127326134725,143.71354626941041,30.611589966603553,0.022229128648959314,0.8172442300643471,2.484298113913889,0.19166325379907775,0.9814607466135109
186,2682,0.9653092006033183,alpha,391.04,86.90193328857423,30.400000000000002,12.863157894736842,-90.0,1.9,0.9554339327599687,0.8039473684210526,12.863157894736842,203.37254901960785,46.318182474497064,0.6506870625124908,0.9521112000865429,2.858616226597836,-1.2246467991473532e-16,-1.0
186,2689,0.9583333333333334,electron_positron,87.36000000000001,146.47636232376098,60.23030395507813,1.450432660362401,-59.03624725341797,8.283018917415708,0.22506183017312448,0.1994670518876975,1.450432660362401,123.29166666666666,24.674982175684995,0.05116669876673844,0.8633270604663368,2.431937956564327,-0.8823528789936014,-0.4705883518869788
186,2696,0.8722234440290302,v_track,2760.6400000000003,437.94279527664185,119.87725830078125,23.028888374084616,-43.83086013793945,2.4108634798315154,0.5993053143452588,0.4631362674552872,23.028888374084616,218.0123158126237,41.92744922517564,0.18087763391668618,0.6695746531360365,3.6532600218284084,-0.9991673597721666,0.04079935251836296
186,2694,0.9856864020819779,proton,2629.1200000000003,927.7954322814942,358.37297363281255,7.336267501839538,-50.63068389892578,14.222153001103857,0.3718824967184176,0.2911422639115964,7.336267501839538,167.45456517024505,26.087516121250964,0.03838095818876535,0.7850934570359596,2.5889101593696338,-0.9807465541061833,-0.19528491137015008
187,2703,1.0,alpha,521.9200000000001,100.39797906875611,28.782690429687502,18.13312071277649,50.194427490234375,1.1150792477885836,0.902600996126176,0.702500923388555,18.13312071277649,200.76146788990826,33.45461778374267,0.6506746117218662,0.8724694028785185,3.488137403764105,0.9836065662996889,-0.1803278201835086
187,2701,0.9978768577494692,alpha,2628.8,244.2566788673401,91.6410400390625,28.685837686689936,-45.0,2.5714286937595645,0.9157284583658455,0.8049186925491225,28.685837686689936,228.39844302901628,33.1622574916847,0.5536999886639624,0.904213908336002,2.665363452479635,-1.0,6.123233995736766e-17
187,2700,0.9795258620689655,alpha,1126.72,169.4253956794739,46.90882873535156,24.019359049800325,-48.23970031738281,1.3235117097978761,0.85669099756691,0.6776955174813972,24.019359049800325,193.0010775862069,41.493585904963645,0.4932519947688826,0.7848697421861759,3.611801877112123,-0.9936124910446339,-0.11284599080196608
187,2708,0.9861111111111112,electron_positron,31.040000000000006,40.97056245803833,17.819314575195314,1.7419300764356018,58.392499923706055,4.415584376300341,0.5878787878787879,0.43164618917629693,1.7419300764356018,144.7222222222222,12.863840603091084,0.23237410192527969,0.927809376971167,2.29922213254318,0.8927038285266056,-0.4506438444425274
187,2699,0.9924812030075187,alpha,1207.3600000000001,195.5273289680481,67.49062500000001,17.889299439737,-22.380136489868164,2.2413294824049883,0.7816449140252745,0.5940945761556302,17.889299439737,169.40551378446116,36.40037001208539,0.39685486844411283,0.813826820840414,2.897103545389424,-0.7041420474739484,0.7100591362549995
187,2698,0.9535878867676103,alpha,1838.7200000000003,285.59595813751224,115.98743896484376,15.852751094515703,-78.90628051757812,4.967039949522945,0.8115819209039548,0.6788773741281577,15.852751094515703,194.58657011191573,36.3052159760005,0.28328354615727874,0.8840640544232716,2.462300751584639,-0.3776377978162125,-0.9259533971321242
187,2715,0.948608617594255,v_track,2674.8800000000006,488.1860287666321,209.0169677734375,12.797429933532563,69.61083602905273,7.04473190633243,0.5578244911578245,0.4313260494216568,12.797429933532563,214.9115798922801,42.93904901762547,0.14104038179153403,0.8979387560968718,2.3356287002297247,0.6531342248053827,-0.7572421570329215
187,2714,1.0,v_track,3793.2800000000007,383.32917461395266,156.450634765625,24.245858801932144,-65.55604553222656,5.346154323449896,0.9104454685099846,0.8285175899342886,24.245858801932144,234.9923440299723,26.41752739011792,0.32440012822731595,0.8906100545459047,2.450160558237485,-0.753424650358376,-0.657534254797694
188,2721,0.9841688654353562,alpha,215.04000000000002,71.83919162750244,28.8,7.466666666666668,0.0,3.0,0.9613733905579399,0.7777777777777778,7.466666666666668,222.2928759894459,32.68093498132757,0.5236079620223882,0.9637793843883897,2.494416375954946,0.0,1.0
188,2731,1.0,electron_positron,30.720000000000006,50.490158271789554,20.930360412597658,1.4677243675894904,45.0,5.285714616007981,0.43243243243243246,0.3706564048161081,1.4677243675894904,130.39473684210526,18.651286781746638,0.15143198360960722,0.8999280037646388,2.4122928261378775,1.0,6.123233995736766e-17
188,2730,1.0,electron_positron,22.080000000000002,36.44507913589478,16.19263458251953,1.3635829233024297,21.801414489746094,4.739130779427439,0.6052631578947368,0.3990825439302101,1.3635829233024297,129.39285714285714,9.68555362277207,0.20889648766365607,0.9372285470211561,2.2507195447514396,0.6896552988854918,0.7241378105852248
188,2719,0.9796032411288069,alpha,2202.2400000000002,254.988049697876,87.22363891601563,25.248201374864152,-48.8140754699707,2.37014311028023,0.8444171779141104,0.6860737671495405,25.248201374864152,205.84409052808047,40.58652481786172,0.4256325727686192,0.8153040280499727,2.923382386549986,-0.9911504395323762,-0.13274338482492187
188,2718,0.9984650805832693,alpha,773.44,166.49991235733035,40.259820556640626,19.21121329668782,-49.763641357421875,1.0987179259748603,0.6899800171281758,0.5242870965880623,19.21121329668782,158.40982348426706,26.315827147351364,0.3505972249781469,0.7691517047197134,4.1356347359543095,-0.9862068984774369,-0.16551722990527146
188,2717,0.9952015355086372,alpha,3211.2000000000003,338.54297056198124,128.83271484375,24.92534604967834,-80.32664489746094,3.4624278238891826,0.8131431812656997,0.6698780801688534,24.92534604967834,202.46372360844532,39.45818176510006,0.3520866983129048,0.855831981045263,2.6277717656774566,-0.33128371356794084,-0.9435311871499715
188,2716,0.967032967032967,alpha,2653.76,396.2095788002014,173.63365478515627,15.283672991181357,-16.37015151977539,8.482306598950869,0.8056931895462935,0.7466340579521547,15.283672991181357,203.5467032967033,41.54583525289488,0.21243279635774018,0.921532078356533,2.2818708693913465,-0.5408321229090705,0.8411305575412583
188,2734,0.9980139026812314,v_track,3722.2400000000002,409.7056245803833,150.91124267578127,24.66509409108032,66.99740409851074,4.157511717610074,0.8025943558959497,0.6795081392307577,24.66509409108032,205.38331678252234,37.93066777010676,0.27865727356647974,0.8124034705773341,2.7148780787697686,0.719402743197893,-0.6945931853101831
188,2733,0.9987589630446774,v_track,4502.080000000001,391.7978037834168,153.717724609375,29.28796930504022,-65.73321533203125,4.073182068568889,0.8890363349131122,0.7760668569694025,29.28796930504022,228.73400441257587,30.96257258470947,0.36855225900540806,0.8716758393639882,2.548813448670588,-0.7493438182830624,-0.6621811247694702
189,2753,0.9957081545064378,electron_positron,116.48,87.29015827178955,36.7634765625,3.168361942102439,4.0856170654296875,5.243901945331186,0.5938009787928222,0.45193166983156624,3.168361942102439,118.91416309012875,20.69026468235151,0.19210145934888942,0.8929239821123842,2.374371698046329,0.14213198955852419,0.9898477143198016
189,2749,0.9885057471264368,electron_positron,292.16,276.6920039176941,94.36809692382813,3.095961553996635,88.91907584667206,3.258467579538756,0.14366640440597955,0.10690149192411233,3.095961553996635,127.38562091503269,18.709815040850337,0.04795538726066568,0.7723924143432341,2.932050268440126,0.037722418766121354,-0.9992882562716493
189,2737,0.9546553808948005,alpha,2036.8000000000002,234.6566788673401,82.68453369140626,24.633385580932327,44.37040328979492,2.292657784833075,0.8663400027221996,0.68302886522524,24.633385580932327,206.20163240628779,46.90277354935234,0.4648281390713624,0.8507561418443174,2.8379754760802256,0.9997585138926922,0.021975302024674303
189,2736,0.9994584837545126,alpha,3410.8800000000006,378.60957880020146,126.154150390625,27.037398210352308,15.811370849609375,3.3502171455468814,0.8611941504403329,0.7180196194483055,27.037398210352308,226.98953068592056,32.39458157877995,0.29901509270129933,0.7560254717768881,3.0011662527778187,0.5243239300358778,0.8515188878655199
189,2743,0.9886363636363636,electron_positron,90.24000000000001,61.02741661071778,24.68619079589844,3.6554849934560667,-63.4349479675293,3.631579165932925,0.7032418952618454,0.537757455306598,3.6554849934560667,136.6193181818182,19.167843324613845,0.3044801456889778,0.8839912081101334,2.4721277217405837,-0.8000000179153028,-0.5999999761129288
189,2760,0.972448692718583,v_track,2134.0800000000004,371.29991235733036,167.32225341796877,12.754310657465847,-83.4802017211914,9.350254970570349,0.8008886753932989,0.712732790678287,12.754310657465847,220.54793365195388,36.55482200607071,0.19452295858985566,0.9417349068852995,2.2190707139822465,-0.2256243782744863,-0.9742143706229403
189,2759,0.9959776536312849,v_track,2730.5600000000004,380.71151208877563,160.6532958984375,16.99660118847619,63.86093330383301,6.170880938973036,0.7805525064032199,0.6528593248880509,16.99660118847619,221.7072625698324,36.0869233468379,0.23673886942201636,0.8932251107619958,2.3697709403326246,0.7909900895421731,-0.6118289615947131
189,2758,0.9783185840707964,v_track,1358.4,253.8566788673401,93.72977905273439,14.492725937567133,43.72697067260742,3.8206965331205622,0.7833548625207603,0.5907653715259006,14.492725937567133,217.87389380530973,30.44697305191626,0.2648868195805058,0.8101537359602496,2.708388747235976,0.9990128342428766,0.04442248324907993
189,2756,1.0,v_track,62.400000000000006,41.51959581375122,17.6,3.5454545454545454,-90.0,3.6666666666666665,0.9154929577464789,0.7386363636363636,3.5454545454545454,183.13821138211384,14.493803107126663,0.4548709685728527,0.9695294874019327,2.3590679439631375,-1.2246467991473532e-16,-1.0
190,2762,0.9937627118644068,alpha,4572.4800000000005,417.899737071991,151.1045654296875,30.26036961224499,16.927513122558594,3.3414277037696887,0.7949816401468788,0.6691580566155428,30.26036961224499,228.40149152542372,32.39086747959121,0.32901635199886653,0.822247532786453,2.7656327648581174,0.5570934272987802,0.830449825853735
190,2776,0.90625,proton,4873.920000000001,3037.4703923225406,1163.5828125,4.188717766918717,-25.24724769592285,17.298137605740937,0.07524008061966488,0.06227061412852543,4.188717766918717,116.53765532144787,38.85334131718282,0.006638411254398121,0.7784062803365884,2.610446252464339,-0.7715634695427174,0.6361523500445504
190,2772,0.7973333333333333,electron_positron,156.16000000000003,234.5096664428711,91.81483154296876,1.7008145348163943,-13.609731674194336,5.191114715346855,0.1358574610244989,0.09616227804795598,1.7008145348163943,100.904,31.478015354635495,0.03568273761096397,0.8323405828896945,2.5541588706517646,-0.45740003498802595,0.8892610460337013
190,2771,0.5650485436893203,electron_positron,249.60000000000002,226.23514976501465,45.25732421875,5.515129414049436,-27.181110382080078,1.8914790259608492,0.2932330827067669,0.23049863844607069,5.515129414049436,102.4252427184466,12.96237062136222,0.0612821907353085,0.5256327492852765,4.998862696157498,-0.8127167486996427,0.5826589794923629
190,2761,0.9893298390116061,alpha,3296.0,336.0861164093018,132.3351806640625,24.906453321486836,-10.12467098236084,3.5402552707756625,0.8442622950819673,0.6663020536584117,24.906453321486836,161.10295769374767,41.11060537673778,0.3666873453942273,0.8754545972462225,2.539658122071622,-0.3461062820376913,0.9381953109742375
190,2769,1.0,electron_positron,78.08000000000001,70.74112491607666,29.279956054687503,2.6666706689780018,-33.11134338378906,4.407895150925561,0.5570776255707762,0.4014488508435368,2.6666706689780018,89.5776397515528,30.888627779593005,0.19606756054833027,0.8963447363672907,2.4160256519494174,-0.9151193834280291,0.4031829784034834
190,2767,0.9645390070921985,electron_positron,289.28000000000003,180.70579986572267,58.90385131835938,4.9110540911241936,44.35625457763672,2.2429817681747966,0.2977602108036891,0.18700652915505525,4.9110540911241936,121.26618705035972,36.07417927883142,0.11132279183146328,0.7667204900290223,3.067809588358777,0.9997475387292523,0.022469063282704257
190,2768,0.8383620689655172,electron_positron,523.84,197.12732896804812,57.9440185546875,9.040449956117566,29.898902893066406,2.1151899884855463,0.4720299884659746,0.330012824715236,9.040449956117566,134.34590517241378,33.439761274483715,0.16940056209334076,0.7179488763079848,3.402030682114316,0.8642555375390469,0.5030530447508424
190,2764,0.9836065573770492,electron_positron,80.96000000000001,107.68813734054567,45.97615051269531,1.7609129754707205,41.531768798828125,9.139455659538637,0.39968404423380727,0.3500464018877994,1.7609129754707205,110.0,15.649508101698814,0.0877292937724975,0.8855543979814883,2.34226084915069,0.9926806871461392,0.12076859429118511
190,2766,0.6036772216547498,electron_positron,491.5200000000001,369.79982471466064,118.90639648437501,4.13367164872908,64.02560615539551,5.5158258871408306,0.28942905596382135,0.1917526202385261,4.13367164872908,108.47906026557712,26.070234372957273,0.045166626690298396,0.6693848409104276,3.1100078351399247,0.7874601462428262,-0.6163655717828721
190,2763,0.5710455764075067,electron_positron,394.56000000000006,234.42926225662234,77.71647338867189,5.076915907220155,-67.61986541748047,2.470263005091241,0.2715260955736622,0.1613727051515082,5.076915907220155,114.66756032171583,25.92595030871381,0.0902192634620282,0.7686488449753975,3.0164680927324894,-0.7041420001989003,-0.7100591831360903
191,2778,0.9676533414708575,alpha,4032.960000000001,445.80957880020145,163.27836914062502,24.69990373633985,-5.6637067794799805,3.6045028515715476,0.7272360069244086,0.5452704722601746,24.69990373633985,224.5631675312786,35.65641560581286,0.25499695084773116,0.8168392540465099,2.7303652109376704,-0.1964153036103969,0.9805207945309654
191,2794,0.9927292208786163,v_track,8083.520000000001,799.581811618805,220.2255615234375,36.70563918230587,-78.51101684570312,1.605426968952785,0.4143660909075997,0.2675812137713744,36.70563918230587,231.70174498698915,30.229499608494947,0.15888561091985687,0.7216009450842161,3.630740255979365,-0.39037710983484963,-0.9206550451265608
191,2783,0.9906542056074766,electron_positron,30.080000000000002,105.66660823822022,45.04201965332032,0.6678208533169677,-70.11483764648438,13.794117038881144,0.22488038277511962,0.20452011438569356,0.6678208533169677,124.98130841121494,37.66923961591652,0.033854169261936615,0.8783495762841622,2.3459562659826445,-0.6397116953563823,-0.7686149535523383
191,2777,0.9944606413994169,alpha,2110.4,240.55474557876587,93.90101928710938,22.47472941211953,-39.4470329284668,2.9366593886817136,0.8942372881355932,0.7028744271069095,22.47472941211953,238.62157434402332,24.502185322294995,0.45829675727687413,0.9018694878506289,2.5617905684628597,-0.9812727191646806,0.19262359830289177
192,2806,0.7660256410256411,electron_positron,146.56000000000003,149.75676651000978,48.641961669921876,3.0130363778199865,44.02898025512695,3.4008042106053726,0.28289067325509576,0.21065652882033173,3.0130363778199865,156.33653846153845,35.051594913305614,0.08212065630777078,0.7239499254846888,3.0787567229759363,0.9994256200473643,0.03388849351832133
192,2807,0.8722466960352423,electron_positron,113.28,90.99209156036378,35.01902465820313,3.2348131081790257,43.83086013793945,3.276457764193248,0.43596059113300495,0.302656302608489,3.2348131081790257,156.23348017621146,34.77040018892601,0.17193164108734965,0.8517237621817774,2.5983616747889373,0.9991673597721666,0.04079935251836296
192,2809,0.995263573370757,v_track,6996.8,858.3464865684509,224.75490722656252,31.130799706842126,-84.16050720214844,1.8517249969551808,0.3889462074854134,0.256482408787877,31.130799706842126,222.95298658012453,33.316721470616784,0.11933945671503818,0.6584074044481406,3.819033351308326,-0.2024281316407802,-0.9792971211641659
192,2808,0.9872016936104696,v_track,6383.68,732.3427952766419,202.10213623046877,31.586405364465424,-41.67939376831055,1.6426356650676404,0.4045137480736475,0.2567264104709281,31.586405364465424,209.4476520400308,38.835641316224404,0.14957263545217353,0.7144429033742643,3.6236271864118694,-0.9932898351222635,0.11565164695233017
192,2795,0.9970186335403727,alpha,2488.6400000000003,246.2920039176941,91.31846313476564,27.252320227151916,-35.417057037353516,2.4824734909279216,0.9124721342250381,0.7408486762457062,27.252320227151916,233.24024844720498,30.649120967612436,0.515550623770422,0.8742455646730835,2.697066896036371,-0.944572010996386,0.32830430402637606
193,2828,0.5876288659793815,electron_positron,32.96,78.82152910232544,28.320510864257812,1.163820813755076,-70.90650939941406,4.1271192753576456,0.22055674518201285,0.1696024247773354,1.163820813755076,125.82474226804123,40.4490287139586,0.06666645400696564,0.791340707675555,2.783195878073052,-0.618229816281239,-0.7859973882023181
193,2827,0.7723880597014925,electron_positron,257.92,228.43128318786623,87.87966918945312,2.9349222906605377,73.04468727111816,5.503798428832796,0.2812281926029309,0.18381066794027534,2.9349222906605377,156.47761194029852,43.734693086516494,0.06211317443310353,0.8112687893889015,2.5993643955965346,0.5578990245209293,-0.8299088374264945
193,2832,0.9946192052980133,v_track,1410.5600000000002,385.98014125823977,100.33829345703126,14.058042561826674,-36.25383758544922,2.335335484644491,0.447739969527679,0.32719557517026693,14.058042561826674,194.64859271523179,31.89441302887759,0.11897932664510813,0.6028667134564676,3.846787980538372,-0.9537572238387653,0.30057803974237945
193,2812,0.9124260355029585,alpha,2034.2400000000002,363.54683713912965,144.3732421875,14.090145578071162,35.0958137512207,4.442569811816158,0.6137877763831225,0.4335738010783105,14.090145578071162,191.24171597633136,44.61066128196273,0.19341551680100894,0.8478585782769847,2.5181039895674378,0.9408312599330348,0.3388754053229862
193,2831,0.9963604600378512,v_track,4179.84,621.3799659729004,174.59218750000002,23.940590125202483,63.4349479675293,3.6417913526058245,0.6581015719467956,0.4993730552476341,23.940590125202483,192.51594118503422,43.13614112545598,0.13603636784870354,0.6094560545899379,3.5590364888056656,0.8000000179153028,-0.5999999761129288
193,2830,0.9764639160640862,v_track,4240.64,765.105449295044,178.7818359375,23.719635598117904,-57.824398040771484,1.834107750797267,0.38707792966468046,0.24333773768719671,23.719635598117904,204.93166028640294,39.92877726261498,0.09103296312750683,0.5813827996766674,4.279548004879621,-0.9014642125795334,-0.432853639742537
193,2811,0.9780903435217744,alpha,2270.4,267.0920039176941,89.68809814453125,25.31439563297773,-37.47617721557617,2.320920053931843,0.8248081841432225,0.6550778720166801,25.31439563297773,222.15309710576142,32.43325410144521,0.39993597281960047,0.8014970472072039,2.9780094510118684,-0.965710265655194,0.25962219244158335
193,2816,0.9864253393665159,electron_positron,95.04000000000002,131.9626540184021,44.625134277343754,2.129741490733216,-53.36588668823242,4.602716631851169,0.31562167906482463,0.21966536884838161,2.129741490733216,135.48416289592762,19.8431855212204,0.06858264158962518,0.7177441057360897,2.9571374104615242,-0.9576629917899588,-0.28789163613398916
193,2810,0.9728021978021978,alpha,2210.8800000000006,317.4018456459046,130.66121826171874,16.920705542263768,88.21008944511414,5.652972846364682,0.7867228421771806,0.7320633485917354,16.920705542263768,220.0521978021978,37.50639536094955,0.2757757913283287,0.9038958047436829,2.4291970476667233,0.062439022531255654,-0.9980487806041052
194,2850,0.90625,electron_positron,304.64000000000004,297.29789142608644,112.5157958984375,2.7075309521427875,11.733085632324219,4.871902054476932,0.1608108108108108,0.11723532240940676,2.7075309521427875,128.70697674418605,28.660418066178675,0.043312488109392165,0.8170629047315605,2.642276927005366,0.3982075462655001,0.9172953450755158
194,2849,0.9297658862876255,electron_positron,158.4,92.39797906875611,34.404510498046875,4.604047484093467,-33.23170852661133,3.636585038953146,0.6073619631901841,0.48665160343538877,4.604047484093467,119.93645484949833,29.70939474184708,0.23315251065689324,0.8255855324805235,2.6856356254218903,-0.9168052890340812,0.39933452392591207
194,2838,0.9925941164369472,alpha,2942.0800000000004,473.1565912246704,155.83272705078127,18.879731207176164,57.23611068725586,4.32378486643442,0.6815418828762045,0.523843082392677,18.879731207176164,202.40855790989508,44.90620319936828,0.16514086424415314,0.7107564544150476,3.0363107941407117,0.9101622190145647,-0.4142520187983198
194,2846,1.0,electron_positron,99.52000000000001,94.93523740768433,38.372021484375004,2.5935563504394556,-28.61046028137207,5.564814995122832,0.42661179698216734,0.37612460098039074,2.5935563504394556,103.25837320574162,27.715751989767927,0.13876033823868955,0.8735112344607843,2.4740744358840137,-0.8407643428404385,0.5414012558242596
194,2837,0.9951120162932791,alpha,4553.280000000001,439.2958704948426,167.0892333984375,27.25058884639409,83.15722608566284,4.382499330440152,0.8322512721530093,0.7147419671777533,27.25058884639409,220.85363204344875,41.52721355644718,0.2964967792517205,0.8322558077399792,2.6291093780250145,0.2365930769525488,-0.9716088286641519
194,2836,0.9804666304937601,alpha,1069.76,308.9194205284119,127.7160400390625,8.376081811437384,-63.7052116394043,7.556666113835193,0.645616067979915,0.49559361198359303,8.376081811437384,186.26370048833425,34.512509559502796,0.1408658745569144,0.8674276678250041,2.418798926383307,-0.79430411325328,-0.6075203500039489
194,2835,0.9859467455621301,alpha,802.8800000000001,173.95087900161744,44.97820739746094,17.850422381335797,5.0796051025390625,1.5209581882647767,0.7133920955359682,0.6036200119084814,17.850422381335797,174.60059171597632,40.08331116523935,0.3334319776845477,0.7466052004316437,3.8674480168686562,0.17638403068378505,0.9843214280506859
194,2834,0.9862632869991823,alpha,3773.76,402.01344537734985,155.55927734375,24.259305291454037,27.758541107177734,4.706876837265221,0.8155037687573473,0.7340324801854597,24.259305291454037,178.2982829108749,49.84343751798474,0.2934289666406791,0.8505892418334117,2.5843103172110604,0.8242950208482547,0.5661605060446864
194,2852,0.9495641344956414,proton,6070.080000000001,1398.9466618537904,620.1291015625001,9.788413387963255,-85.03765869140625,23.08795250154068,0.4382248301991406,0.3644312495532248,9.788413387963255,137.00950349107836,33.32645416763236,0.03897642177492056,0.9033660027348568,2.2558958422189073,-0.1723534624535602,-0.985035168905288
194,2833,0.9989858012170385,alpha,533.44,282.49587049484256,123.86188964843751,4.306732292831036,61.189205169677734,17.9390813854092,0.7241529105125978,0.6237497371108494,4.306732292831036,196.43813387423936,27.859192571148853,0.08399844275069675,0.889376620705209,2.2807327685429524,0.844529770805423,-0.5355086051814103
195,2857,0.9926393270241851,alpha,1738.88,242.5096664428711,79.11884155273438,21.97807710368206,57.2647705078125,2.3959243064357456,0.7810838004887164,0.6655533385980285,21.97807710368206,174.5615141955836,38.48827760350175,0.37155350958109934,0.794341328242575,3.065131663754623,0.9097473390838542,-0.4151623526162348
195,2856,0.9908064516129033,alpha,3817.2800000000007,415.95861215591435,159.17496337890626,23.98166092812724,82.51911449432373,3.9465636373142625,0.7476653086806644,0.5945982268332626,23.98166092812724,187.20032258064515,42.15190884468682,0.2772449472231728,0.8389293503477601,2.6132163207460604,0.25817450084642646,-0.9660983009573604
195,2855,0.9223777941537705,alpha,2458.5600000000004,416.299737071991,155.92583007812502,15.767496628160737,-72.94303131103516,3.87997406251711,0.5260167054635081,0.3923498622225536,15.767496628160737,220.31908621960204,41.67567431104697,0.17827005658852188,0.8253457771258906,2.669857437112301,-0.5608404062456769,-0.8279239329323583
195,2860,1.0,electron_positron,113.28,324.17627468109134,142.22124023437502,0.7965054995535057,71.13641357421875,11.182539872978516,0.08111824014665445,0.06262745630065832,0.7965054995535057,94.88795518207283,40.70180961459519,0.013545674955377621,0.8950964365532905,2.2793801695644165,0.6119022136916803,-0.7909334237969851
195,2854,0.9857397504456328,alpha,1699.5200000000002,268.41748723983767,99.47312622070314,17.0852175313083,-31.304122924804688,3.241721492056849,0.6942483660130719,0.5567887425677519,17.0852175313083,155.95222816399286,41.399577178746185,0.2964247968273406,0.8391323255969771,2.6983919922682844,-0.8878816066179955,0.4600720080916107
195,2859,0.9581993569131833,electron_positron,216.64000000000001,346.42926225662234,138.50574951171876,1.5641227946401637,-85.3836441040039,8.492256210160006,0.11118410247988175,0.09590166157767989,1.5641227946401637,136.04646840148698,34.23268938958493,0.02268398613121846,0.8353746562705012,2.5011904811020966,-0.16044474580576915,-0.9870448234722282
195,2853,0.9864972200158856,alpha,1499.8400000000001,314.38216218948367,124.05462646484375,12.090157721163626,61.3895378112793,6.498327588912106,0.7306313328137178,0.6333162068405512,12.090157721163626,216.44519459888798,36.60295053176617,0.1906948668571115,0.8472803660814735,2.534223600911631,0.8407643788864058,-0.5414011998469863
195,2864,0.6753556027547145,proton,9255.68,1884.0854152679444,632.16943359375,14.641138131882478,-85.56128692626953,15.584217206901346,0.41187611249555,0.3609327890252461,14.641138131882478,151.5431550492373,39.87559281561628,0.03276551660875038,0.6927415377115848,2.9803488038915704,-0.15432112991931696,-0.9880207431326659
196,2872,0.7519582245430809,electron_positron,198.72000000000003,127.98620405197144,45.259805297851564,4.390650792513088,70.4268741607666,3.14186015621243,0.3692033293697979,0.30479165109210543,4.390650792513088,113.75195822454309,20.394889803769807,0.15244919151840897,0.8103241654515999,2.827811635726299,0.6313020607386367,-0.7755370449612002
196,2868,0.8136690647482014,electron_positron,771.2,345.4311079025269,88.27573852539064,8.736262226548021,-46.59114074707031,1.538882729474253,0.2356276886976926,0.1522964665622835,8.736262226548021,103.40503597122303,25.350279392670892,0.08121831850766541,0.7077645165676844,3.9130922456476647,-0.9984579790316065,-0.05551273825096323
196,2873,0.7662059433310298,proton,8595.520000000002,1895.2164355278017,696.9826171875001,12.332473992945596,-50.48129653930664,12.112734906817963,0.27847641954446023,0.2143238361159746,12.332473992945596,111.9350380096752,20.799953710093323,0.030072143924347292,0.7562499446192988,2.7191731741825587,-0.9817515484531191,-0.19016807594836452
196,2866,0.8949458483754512,alpha,1686.08,240.05281229019167,92.35548706054688,18.25641392475827,-14.420774459838867,3.4824710443726414,0.8167725933963726,0.6883990858645112,18.25641392475827,217.9610108303249,42.954092651486874,0.3676837568356058,0.8674943501080196,2.599226314867644,-0.48238901470446116,0.875957098545619
197,2878,0.9733333333333334,alpha,1288.0,157.28813734054566,50.021276855468756,25.749042826746336,31.429561614990234,1.5074285887709207,0.920841912605811,0.7759666631996551,25.749042826746336,191.02714285714285,39.81475828824063,0.6542350212736079,0.888557340569224,3.144424677423035,0.8898875767571329,0.4561798995279361
197,2877,0.9944008958566629,alpha,2746.2400000000002,301.98418312072755,100.88975830078125,27.220205957998953,79.87532806396484,2.7444528889573303,0.8535906107022081,0.7404574471942736,27.220205957998953,166.6367301231803,40.1001679064765,0.3784251215516899,0.8084893446331106,2.9932095012104822,0.34610631326975694,-0.938195299452527
197,2887,0.6797571246694741,v_track,6268.4800000000005,740.0211785316468,258.5191162109375,24.24764594539795,36.212242126464844,2.608398168495078,0.35147306850396526,0.24465314674326286,24.24764594539795,209.77054157281364,39.008148202371096,0.1438413699920588,0.8089808481056778,2.862539487903207,0.9533197927330938,0.30196253539691187
197,2876,0.9863837312113174,alpha,3496.96,354.3683662414551,141.346630859375,24.74031378561196,-58.815025329589844,3.9857795255045683,0.8834276475343573,0.6976426359914907,24.74031378561196,233.2267020335986,31.390727674056738,0.3499376217966714,0.8796845994470284,2.507087463542122,-0.8859604664839285,-0.46376077003944594
197,2875,0.9503806773431347,alpha,2276.4800000000005,454.6193328857422,166.1282470703125,13.703148261333892,-24.376468658447266,6.815039584624501,0.6815481893082966,0.5621409933702807,13.703148261333892,202.18272512470466,37.48652973546046,0.13841332531856923,0.7682677242060352,2.7365564911626863,-0.7518736084152785,0.6593072705261095
198,2892,0.9794379712131597,alpha,840.3200000000002,255.1959581375122,59.688757324218756,14.078363123486234,79.21570110321045,1.8249428294471477,0.5457190357439734,0.43043629963686175,14.078363123486234,133.08773132282386,33.68159959170559,0.16214627679017712,0.5963737110772562,4.275444314434844,0.3676149130610263,-0.9299781049546995
198,2900,0.9351145038167938,electron_positron,132.8,94.547012424469,32.205572509765624,4.123509990692802,15.255119323730469,2.403141513863732,0.4076620825147348,0.30769141080975737,4.123509990692802,125.46946564885496,21.329946669068537,0.1866862442473656,0.8202002331293462,2.9357345656811322,0.5076923263580244,0.8615384505390211
198,2909,0.5483698556921432,v_track,5686.720000000001,846.0289116859436,245.56215820312502,23.157965549789793,37.28061294555664,2.692213480130349,0.34368654147407507,0.2538916724048604,23.157965549789793,188.9775521111705,41.86204122540872,0.09983924772276251,0.6763656725901894,3.4452739700476256,0.9639154721349927,0.26620849456539525
198,2890,0.9966488956587967,alpha,4085.7600000000007,337.0428829193115,133.82972412109376,30.529540629576907,-55.00798416137695,3.666068464261133,0.9427052569403426,0.8363118646885854,30.529540629576907,222.36024371667935,37.62750655568178,0.45197289892376696,0.9000076335169831,2.518445622844918,-0.9395972633441929,-0.3422820221923777
198,2889,0.5221445221445221,alpha,1805.7600000000002,334.19780378341676,132.21541748046874,13.657711289734818,-25.15311622619629,5.868362487535045,0.66310223266745,0.6061955717842318,13.657711289734818,193.03529803529804,54.74243952167849,0.20317146375789205,0.8573048561004679,2.5276765006076953,-0.7694690336233759,0.6386841209038377
198,2888,0.9890310786106032,alpha,316.8,86.23919162750245,33.6,9.428571428571429,-90.0,2.625,0.9611650485436893,0.7366071428571429,9.428571428571429,226.93418647166362,32.097817552198435,0.5352857512005669,0.9594557565426061,2.566642607961382,-1.2246467991473532e-16,-1.0
199,2918,0.8171091445427728,electron_positron,386.56000000000006,134.03128318786622,50.02659912109375,7.727089324307212,-4.763641834259033,2.5876289367688425,0.5892682926829268,0.3996841736967905,7.727089324307212,97.51622418879056,30.074767242346244,0.27040481814611983,0.860859653081267,2.679200376252477,-0.1655172463204454,0.9862068957224427
199,2917,0.7539370078740157,electron_positron,292.48,89.27838325500488,35.394073486328125,8.263530336879082,-6.8427734375,2.8564103315591285,0.7899740708729472,0.6668922535444065,8.263530336879082,92.85433070866142,20.027894940136644,0.4611194106308177,0.9307123097677439,2.522410518514942,-0.23659306078035627,0.971608832602186
199,2914,0.82421875,electron_positron,287.36000000000007,111.129349899292,32.52655029296875,8.834628862013643,48.01278305053711,1.7588423980971108,0.6364280652019844,0.4777241875945578,8.834628862013643,108.724609375,31.308076344270372,0.2924008504912351,0.7543706953083854,3.4165735037482525,0.9944751544407064,-0.10497222108792925
199,2911,1.0,electron_positron,259.52000000000004,204.80571222305298,57.337982177734375,4.526144627753878,-46.30195236206055,1.9007243456978564,0.19028625058657908,0.15003934493987262,4.526144627753878,91.95330739299611,22.82409809919542,0.07774931400218928,0.7408836769361061,3.5719030290986353,-0.9989674759699761,-0.04543106816018309
199,2910,0.8865671641791045,electron_positron,178.24,104.37442903518678,43.2028076171875,4.125657794728375,48.99091339111328,5.0490794291247045,0.6054347826086957,0.48216250405642297,4.125657794728375,95.44776119402985,26.80292008044075,0.20560175242680437,0.884023240732106,2.415917732940652,0.990312162198128,-0.13885899827691603
199,2919,0.9667953667953668,proton,5934.720000000001,1932.9203897476198,743.523681640625,7.981884298432461,-65.46483612060547,24.15340781790604,0.28807977880642455,0.2592919517909358,7.981884298432461,165.8292069632495,40.75356231477212,0.019960993955994173,0.7778876898350838,2.599675622278132,-0.755514291760427,-0.6551321660136529
200,2930,1.0,electron_positron,22.720000000000002,38.045079135894774,16.04407653808594,1.4160989537831326,-68.1985855102539,5.142857142857143,0.5259259259259259,0.45392420075832857,1.4160989537831326,131.74137931034483,19.582328719983852,0.19725190558328848,0.9125623848535286,2.3712850687032163,-0.6896552988854919,-0.7241378105852248
200,2932,1.0,proton,1719.68,1510.4423570632935,582.419921875,2.9526462530055433,-76.16394805908203,14.041457341705302,0.10019389961965844,0.07118481846096851,2.9526462530055433,135.02996042962124,27.44687465382885,0.009472163645252864,0.7821668866141607,2.5933906110228615,-0.46441091098501464,-0.8856198426853753
200,2929,0.9498525073746312,electron_positron,174.08000000000004,115.54112491607667,41.59096984863282,4.185523940257969,-87.27368927001953,3.848591967166809,0.48398576512455516,0.3873045969710829,4.185523940257969,147.58702064896755,31.209737857616897,0.16386475724787128,0.8099976601117788,2.7780339178571656,-0.09502261526332745,-0.9954751139975915
200,2924,0.9715068493150685,alpha,1108.4800000000002,167.74499149322511,65.82984008789063,16.83856437323937,63.4349479675293,2.875000174930063,0.8584882280049566,0.7353940926181816,16.83856437323937,206.8186301369863,44.235688601723815,0.49503807340175326,0.913088065748051,2.5481603976139953,0.8000000179153028,-0.5999999761129288
200,2922,0.8817718291905673,alpha,1834.5600000000004,486.81344537734986,174.38261718750002,10.52031463679342,-65.18579864501953,2.9746937806590257,0.2947709393799167,0.1794600575755595,10.52031463679342,212.27469725940088,49.6062867726311,0.09727845288562703,0.7964835946170861,2.79163974729154,-0.761859500472995,-0.6477423110613035
200,2921,0.9875373878364905,alpha,1231.0400000000002,145.97442903518677,41.6,29.592307692307692,0.0,1.0612244897959184,0.9412772204551015,0.7549058084772371,29.592307692307692,213.96909272183447,29.715383722661706,0.7259863550612997,0.921014289648564,3.5090006979612203,0.0,1.0
200,2928,1.0,electron_positron,62.720000000000006,58.10193328857422,21.924009704589846,2.8607905599890984,85.23635864257812,3.3333334879967467,0.5868263473053892,0.43495551699925805,2.8607905599890984,118.7878787878788,16.00238159501827,0.23347196951605176,0.8497458668900626,2.6501508652593984,0.16551722990527143,-0.9862068984774369
200,2920,0.9886882998171846,alpha,5439.040000000001,469.94279527664185,187.00203857421877,29.085458326922538,-59.0362434387207,4.885304056558932,0.8337993622761835,0.7598382810944394,29.085458326922538,226.98388939670932,33.88698203196283,0.3094867961689904,0.8802239720661659,2.5130356805716185,-0.8823529416562229,-0.470588234394582
200,2931,0.9991181657848325,proton,615.6800000000001,307.39982471466067,128.26126708984376,4.800202071672439,-66.25050354003906,13.557275438932079,0.5760479041916168,0.5073835860565014,4.800202071672439,159.30246913580245,19.8672679564918,0.08187620015405912,0.8541058699331082,2.3966691713667143,-0.7372654619395803,-0.6756031665341847
201,2938,0.688135593220339,electron_positron,155.84000000000003,89.747012424469,27.969961547851565,5.571691606847076,34.215702056884766,1.696629065805949,0.5094142259414226,0.337973075497843,5.571691606847076,108.7050847457627,25.246939225321114,0.2431357398813601,0.8056196873146254,3.208692735273448,0.9299781171924206,0.3676148821025074
201,2937,0.9939393939393939,electron_positron,1061.4400000000003,801.0876114845277,272.45529785156253,3.8958317506392834,-47.57473373413086,3.876583828735512,0.07653437932625749,0.05543117892400341,3.8958317506392834,100.20911270983214,28.63107622970588,0.020784772853702154,0.7578802062232615,2.940253383955013,-0.9959639455054801,-0.08975421579601284
201,2941,0.7410526315789474,proton,7537.6,2379.5145022392276,874.1408203125001,8.622866962448171,-16.291719436645508,13.78402372843576,0.19669817623087715,0.13597100153158326,8.622866962448171,106.18692372170997,27.142288753250224,0.016728855849277878,0.7467328227532651,2.7221180465963886,-0.5385272548490296,0.8426080914546028
201,2936,0.8973509933774835,electron_positron,147.52,125.06072072982789,45.17259216308594,3.265697028574556,-15.154068946838379,4.841379592303981,0.37601957585644374,0.35000158706208995,3.265697028574556,114.81456953642385,14.204002781377314,0.11852744242026585,0.8223166599393209,2.768508840013498,-0.5046502494193629,0.8633238823066202
201,2933,0.9768557719446797,alpha,2145.92,342.82724132537845,132.41704101562502,16.20576916340235,-45.42440414428711,4.807118943644909,0.7437063324830875,0.5883159700913081,16.20576916340235,226.10160880609652,34.820654250217,0.22944190688950195,0.8343600599146295,2.588996391219204,-0.9998902673113834,-0.014813957471592566
202,2950,0.972972972972973,electron_positron,176.64000000000001,100.86660823822022,39.29793701171875,4.494892440468962,-53.88066101074219,4.174396819235005,0.5967567567567568,0.4774669138662873,4.494892440468962,98.56756756756756,20.689157315357452,0.2181745481921532,0.8658434039681859,2.566715097745246,-0.9523355378657,-0.3050524927255107
202,2942,0.6539179104477612,alpha,646.4000000000001,104.89015827178956,29.6,21.83783783783784,0.0,1.121212121212121,0.9523809523809523,0.8271908271908271,21.83783783783784,200.19869402985074,52.47281348480237,0.7383150653764499,0.9379870133666387,3.5435864281009986,0.0,1.0
202,2947,0.758220502901354,electron_positron,297.6,93.529349899292,32.941558837890625,9.03418084931941,53.84181213378906,2.2063228439747125,0.7457898957497995,0.6050812495711457,9.03418084931941,100.0348162475822,23.562147680183834,0.4275106710145817,0.888349986929483,2.839250879400127,0.9527483381674895,-0.3037607679064021
202,2953,0.6008829495286958,proton,4958.080000000001,1159.2659070968627,448.17763671875,11.062756357723847,-58.079124450683594,12.753248582529476,0.43172002563459555,0.314799468511964,11.062756357723847,155.55792864813267,43.21123107559018,0.04636147730142357,0.7843790516365241,2.5866214913894736,-0.8975798541525343,-0.44085190871710567
202,2943,0.9783889980353635,electron_positron,374.08000000000004,462.7663453102112,138.48074951171876,2.7013140910848694,39.849918365478516,2.1353466548784437,0.07211597779148674,0.041653746304181796,2.7013140910848694,116.99401913875597,20.830340234310782,0.02195082355350216,0.7447887955276531,3.3417377284707013,0.9838845284179077,0.1788050187770784
202,2952,0.90625,proton,788.8000000000001,621.3661700248718,223.20803222656252,3.5339230050616885,-55.933815002441406,10.086995304992739,0.19845423073826585,0.15970153226421846,3.5339230050616885,112.84699103713187,21.05940063778438,0.025673291785038008,0.7516068689009636,2.7837984315643602,-0.9280468301070877,-0.3724635299303629
202,2944,0.7702205882352942,electron_positron,304.0,120.06660823822023,44.56688232421875,6.821208577895046,-68.19859313964844,2.9411763758118927,0.5678421996413628,0.45016336071791924,6.821208577895046,147.38051470588235,36.246557479943434,0.26499578295364506,0.8541485136512299,2.694076901425367,-0.6896551060359033,-0.7241379942515149
202,2951,0.938366718027735,proton,1498.2400000000002,466.7094911575318,192.27852783203127,7.792029702395151,-61.525794982910156,8.428421728039856,0.5649812960057922,0.34155926399941283,7.792029702395151,131.00231124807397,16.43636449653823,0.0864366617683528,0.85027418633407,2.4272574604130273,-0.8381798270085133,-0.5453939654928157
203,2963,0.7559055118110236,electron_positron,360.64000000000004,125.72346239089967,47.103588867187504,7.656316825812458,17.354026794433594,2.2229729953548434,0.5857588357588358,0.36132672598792226,7.656316825812458,115.36692913385826,37.046502071945085,0.2867154477620832,0.8813815846144795,2.6690845732665394,0.5693950797233148,0.8220640140444537
203,2962,0.5855855855855856,electron_positron,299.84000000000003,157.01362066268922,53.54500122070313,5.599775761776753,55.00798034667969,2.5772871762981473,0.4280493375970763,0.26953459579700606,5.599775761776753,107.54054054054055,13.781031345042344,0.15283568808153572,0.8107297387982725,2.9323674868454392,0.9395973089217928,-0.34228189707743095
203,2955,0.9723502304147466,alpha,1060.4800000000002,133.41564159393312,38.400000000000006,27.61666666666667,0.0,1.1428571428571428,0.9625326749927389,0.8219246031746031,27.61666666666667,207.70103686635946,46.71354660816198,0.7486845107862032,0.9528904108680541,3.4743656665086746,0.0,1.0
203,2971,0.9550333295672805,proton,5172.4800000000005,1400.4500902175905,429.31630859375,12.048179620622271,-57.52880859375,7.906215060761328,0.3345960380053406,0.2218771969863812,12.048179620622271,136.98926674951983,36.49065264199217,0.033141595499639284,0.6323503990352112,3.2620472648822596,-0.9058823398633026,-0.4235294397368238
203,2970,1.0,proton,2609.2800000000007,645.7210908889771,247.10283203125002,10.559490470226647,-58.861026763916016,9.233475610799099,0.46602274675658684,0.39457580035737005,10.559490470226647,132.95162748643762,20.65178694111561,0.0786394750717138,0.8016796462601968,2.6131675043178606,-0.885214639366921,-0.46518280519650756
203,2957,1.0,electron_positron,723.8400000000001,225.57240810394288,61.77826538085938,11.71674205382053,-47.72631072998047,1.9691251019531724,0.5192837465564738,0.3734603221546042,11.71674205382053,132.6703821656051,20.339936286384976,0.1787641758990493,0.695366058661931,3.651323110373887,-0.9954751139975915,-0.09502261526332749
204,2981,1.0,electron_positron,86.72000000000001,67.8960457801819,28.825192260742188,3.008479499999947,79.99202060699463,5.316239794891047,0.7207446808510638,0.5548548746991716,3.008479499999947,125.07428571428571,21.831829225855987,0.23639602478731372,0.9166226083971959,2.3554412114937167,0.34228186579869335,-0.9395973203161901
204,2973,0.8647058823529412,alpha,1625.2800000000002,318.68022890090947,88.51252441406251,18.362147173623967,10.304847717285156,2.2010677124775833,0.6117802939050832,0.4566170668295169,18.362147173623967,185.36029411764704,43.71904329891403,0.20110729024954685,0.6837482432244956,3.600397017377112,0.35200004079232017,0.9359999846592973
204,2972,0.9661016949152542,alpha,627.2,138.87838325500488,57.60540771484375,10.887866693084497,80.53767776489258,3.7435901707489663,0.8876811594202898,0.7075674376687594,10.887866693084497,209.7231638418079,43.7609131954544,0.40864539533933125,0.932053979863707,2.4108567018998586,0.32432432521855864,-0.9459459456393513
204,2983,0.992773261065944,proton,10941.760000000002,1891.0596690177917,685.3583496093751,15.965020352106803,-28.30537986755371,15.24536412154598,0.42944700518707374,0.35513180603181355,15.965020352106803,125.87903003582254,29.476734870840613,0.038449135876786576,0.7368873838763634,2.7592275925369774,-0.8349512248637447,0.550323951957874
204,2982,0.9262394195888755,proton,1473.2800000000002,323.9017580032349,126.38739013671875,11.65685910917449,-25.7307071685791,5.100210543401232,0.6325044648990246,0.4703984762027456,11.65685910917449,115.98266827891979,21.482708237530492,0.17646904967673638,0.8368129660119049,2.5627695741866034,-0.7821887488879524,0.6230415404393993
205,2985,1.0,alpha,2822.7200000000003,362.38216218948367,107.64906005859376,26.221501594752283,19.983108520507812,2.966101902993527,0.8375427269274591,0.722492567396399,26.221501594752283,183.68104008667387,38.77960195574,0.27011210074330916,0.6933181994577068,3.366329088170745,0.6423358198925554,0.7664233128519504
205,2986,0.9915483434753212,alpha,3657.6000000000004,363.7409496307373,135.34547119140626,27.024177224425955,-71.56504821777344,3.322981317129274,0.842609657206045,0.663493467768575,27.024177224425955,216.6872887085869,37.546116525474396,0.34739349356222904,0.8313249499495333,2.6874999689966206,-0.6000000826393694,-0.7999999380204662
205,2984,0.9083333333333333,alpha,1920.9600000000003,212.85281229019165,84.62867431640626,22.69868948694615,-69.77513885498047,2.8598130667637705,0.9317088312897719,0.767045086284634,22.69868948694615,210.0349358974359,47.537620702420156,0.5328063602447661,0.9225406799952134,2.5151382082908,-0.6487805333300155,-0.7609755709429973
205,2988,0.9882352941176471,electron_positron,38.720000000000006,42.57056245803833,17.116644287109377,2.2621256451044096,-51.34019470214844,3.1860460641265687,0.5707547169811321,0.42106597457145745,2.2621256451044096,134.2235294117647,21.34003499119921,0.2684889621423318,0.892439261712063,2.487085771251227,-0.9756097334456113,-0.21951229579725895
205,2993,0.9946646341463414,proton,3097.6000000000004,1814.6421817779542,662.06328125,4.678706836228127,-76.67874908447266,26.411862108696226,0.22108027863423546,0.18664886470090983,4.678706836228127,143.2349829351536,23.887725968835227,0.011820972194566034,0.7380877132335748,2.7408893276060295,-0.4484222454174949,-0.8938218445611698
206,3009,0.5759109311740891,electron_positron,530.5600000000001,283.28611640930177,73.60000000000001,7.208695652173913,0.0,2.4864864864864864,0.35457656116338754,0.2435370152761457,7.208695652173913,102.85627530364373,18.49914078027458,0.0830794833708577,0.6144475244341685,3.848996146865513,0.0,1.0
206,3000,0.8031372549019608,electron_positron,720.3200000000002,265.76652059555056,87.64832153320313,8.21829770838369,-68.96248626708984,2.5306796177414546,0.3497513983840895,0.23728781269655244,8.21829770838369,128.41960784313724,33.69746030814138,0.12815477603736028,0.7714618865471322,3.0321917858389598,-0.6701031629346401,-0.7422679779062217
206,2999,1.0,electron_positron,77.44000000000001,61.02741661071778,25.335919189453126,3.0565301152459012,-66.25050354003906,3.967889867423739,0.606516290726817,0.47868698913471336,3.0565301152459012,96.27564102564102,15.891286807051141,0.2612914725416051,0.9104659137057699,2.4087311044204136,-0.7372654619395803,-0.6756031665341847
206,3001,0.5792349726775956,electron_positron,79.68,108.23717069625854,42.902896118164065,1.8572172792378319,-41.30861282348633,5.2239460104366175,0.2855504587155963,0.2261386450384832,1.8572172792378319,106.80327868852459,19.67230418867431,0.08546854816315798,0.850428252945411,2.522840658545508,-0.9917098392216719,0.12849745052305764
206,3012,0.9957050073329143,proton,5796.160000000001,865.4368201255799,334.8184326171875,17.311352767208614,-86.99649047851562,10.912803941183041,0.619142027003931,0.5642323728371291,17.311352767208614,92.9723444374607,14.666316797717476,0.09724773449986908,0.806173846136845,2.584794431300237,-0.10465029679567812,-0.9945090826033599
206,2997,0.6959199384141648,electron_positron,726.4000000000001,292.6115997314453,106.973486328125,6.7904676657155765,-63.4349479675293,4.530303263328942,0.43578421961988867,0.2875747896180597,6.7904676657155765,100.68052347959969,18.973349836994494,0.10661114866277377,0.7684672055785006,2.7353656478382264,-0.8000000179153028,-0.5999999761129288
206,2995,0.9285714285714286,electron_positron,200.0,207.711687374115,92.86228637695314,2.1537268551427426,-88.83086395263672,11.951679715507963,0.3411572052401747,0.27719168428468366,2.1537268551427426,88.3225806451613,20.62060391411139,0.05825295920661194,0.9192100073522775,2.2367711961232257,-0.04079921947118083,-0.9991673652049202
206,2996,0.5914489311163895,electron_positron,207.68000000000004,178.31555395126344,69.72321166992188,2.9786350201878573,64.44003486633301,4.470824209870355,0.2897321428571429,0.1909974202517752,2.9786350201878573,95.23515439429929,11.892004111724228,0.0820778714033149,0.8429505299443116,2.557477627327766,0.7784615376254999,-0.6276923087291595
206,3011,1.0,proton,174.72000000000003,76.09015827178955,29.27704772949219,5.967814843024493,-84.5596694946289,2.7279150486544617,0.7690140845070422,0.556056473599647,5.967814843024493,109.14511041009463,7.763321698156852,0.3792237339735053,0.9191311392556151,2.598969642527865,-0.18876399264652033,-0.9820224819626812
206,2994,0.547588216251214,alpha,3800.6400000000003,425.00957880020144,111.43250732421876,34.10710295642759,-41.94711685180664,1.4343190879802186,0.643251733102253,0.4390143413337542,34.10710295642759,178.38022013596634,49.61854795878063,0.26440469486347545,0.7254472838793048,3.8140538071499517,-0.9943272445903352,0.1063641418213481
207,3034,0.9535935268919562,proton,2525.76,464.5271536827088,174.2638671875,14.493882413859192,-31.759479522705078,5.540679851936189,0.6496296296296297,0.4608296806612028,14.493882413859192,177.02213231794383,30.635887089284157,0.14708884377426998,0.7895311181431462,2.665653879830973,-0.8950819584639621,0.44590165690689904
207,3028,1.0,electron_positron,27.200000000000003,149.5626540184021,64.18423461914062,0.4237800787280649,67.49646949768066,16.56403871053104,0.11675824175824176,0.1093650126149552,0.4237800787280649,112.25396825396825,27.50467103416078,0.015280319731127088,0.8830793106244336,2.3302085770109104,0.7071939180862601,-0.7070196335476152
207,3033,0.9402816901408451,proton,1044.16,259.4802289009094,59.21087646484375,17.634597937761765,-75.0685806274414,1.3344948070706375,0.5325607964746205,0.3974485901537777,17.634597937761765,175.76000000000002,36.773886632067644,0.1948804937955761,0.6842800028324264,4.382306839436415,-0.4979253776321421,-0.867219878871494
207,3018,0.9852700490998363,alpha,2225.28,343.21546630859376,97.7301025390625,22.769647653961695,84.70991897583008,2.5868803559959406,0.7419974391805377,0.6027043121687038,22.769647653961695,188.18303327877794,43.52689840858075,0.23738912969219977,0.6705271554682457,3.511870522917044,0.18361101044341283,-0.982998981100158
207,3027,0.9435897435897436,electron_positron,88.0,101.99797906875611,41.99049682617188,2.095712283764913,10.080596923828125,5.1702584688467175,0.3814147018030513,0.25804348608345484,2.095712283764913,146.2871794871795,25.944508627880083,0.10629415950786575,0.8714512179157395,2.4290729278816894,0.3446624830956601,0.9387266762728829
207,3032,1.0,proton,409.92,103.32346239089966,42.71788024902344,9.595981767128324,-19.98310661315918,2.7654865464557377,0.9008438818565401,0.6212283550196664,9.595981767128324,143.4484240687679,14.003614109156308,0.4825152790304403,0.9219802619125204,2.4187403913437797,-0.6423357688648353,0.7664233556180428
207,3017,0.737830796654326,alpha,4457.920000000001,578.4016703605652,151.12259521484376,29.498699341831635,-61.30170822143555,1.4892737086346375,0.4636865929969378,0.29070197812744175,29.498699341831635,214.32990538872892,42.268834382097765,0.16744919251636073,0.7380109348960726,3.8273672413994695,-0.8424202695898618,-0.5388210179495084
207,3025,0.8229665071770335,electron_positron,68.16000000000001,190.56652059555054,79.01043701171875,0.8626708391688883,52.23692321777344,8.243494114562298,0.15268817204301074,0.0900061087428043,0.8626708391688883,109.66985645933013,30.50595832424926,0.02358556240404352,0.8468345581044002,2.4119157899010975,0.9682618294235864,-0.24993805168739244
207,3014,0.9680614513846776,alpha,3055.0400000000004,328.6879620552063,134.050244140625,22.790260618959557,45.70732116699219,4.4829521998628135,0.8599351468203927,0.7621593651857353,22.790260618959557,225.51061249241963,36.69208793912608,0.3553523301350585,0.8966228298289212,2.4519758554889104,0.9996952133236824,-0.02468765800389378
207,3013,0.9578096947935368,alpha,2714.2400000000002,394.09384956359867,126.7738525390625,21.410093214321687,-43.4925651550293,2.3067966815117558,0.5632138114209827,0.38958137651008595,21.410093214321687,204.85188509874328,35.45181650598266,0.21961338010224912,0.8094600477359946,3.10863669179863,-0.9986159186326858,0.05259512385570537
208,3042,0.7694300518134715,electron_positron,199.36,134.49991235733032,45.428836059570315,4.388402109589194,24.94390869140625,3.337050701977634,0.39455351488283724,0.32235737497570527,4.388402109589194,148.63730569948186,17.860949878564178,0.1384853670121595,0.7667848925078695,2.9606726481163226,0.7647844256941184,0.6442862579752244
208,3044,0.8321956063050764,proton,4797.120000000001,1001.8445532798768,365.33432617187503,13.130767235223196,13.946929931640625,7.975249912844534,0.43111034423259426,0.2866447052638262,13.130767235223196,95.11890281742583,13.751378872272435,0.060060613449656804,0.7711327430621486,2.7422677846279067,0.4678351022977832,0.8838157709941721
208,3037,0.9806772527262292,alpha,3228.4800000000005,346.4016703605652,132.647705078125,24.338755036120187,-46.005088806152344,3.3911719055614875,0.7874648766781143,0.6222263871525143,24.338755036120187,231.09661373636885,36.060606812706595,0.33810220982550027,0.8538928869046146,2.6114411112996363,-0.9993846119551472,-0.03507702078654677
208,3043,0.9891304347826086,proton,734.4000000000001,255.34297056198122,100.54183959960938,7.30442175043367,23.477401733398438,5.960017084674971,0.4867444326617179,0.4329986262398293,7.30442175043367,84.53260869565217,9.926071074877829,0.1415450607765985,0.8448304364774678,2.539668774500653,0.7308154945153944,0.682575060323932
208,3036,0.9749054657958062,alpha,1789.4400000000003,205.04692478179933,59.57613525390625,30.036188020146394,-46.97493362426758,1.3263889525860255,0.8721147847785402,0.6687185699093618,30.036188020146394,183.53007906497078,46.965910042420035,0.5348358182585673,0.8175929022780523,3.441762778131113,-0.9976247040174969,-0.06888359698797364
208,3038,1.0,electron_positron,48.32000000000001,40.30782079696655,16.341189575195312,2.956945072918443,68.19858932495117,3.437500015045977,0.7294685990338164,0.6220170622141373,2.956945072918443,117.86868686868688,10.260886275784065,0.37373016402255566,0.9247822190858813,2.466639323378928,0.6896552024607036,-0.7241379024183764
208,3035,1.0,alpha,247.36000000000004,77.77056245803834,31.200000000000003,7.9282051282051285,0.0,3.0,0.9392466585662211,0.76232741617357,7.9282051282051285,206.1270207852194,27.810809778697692,0.5139357827345775,0.9594283024648937,2.4926462326294336,0.0,1.0
209,3049,0.963147792706334,alpha,1541.1200000000001,351.37627468109133,93.8554443359375,16.420144946348106,-35.406864166259766,2.1993739541558117,0.5323311595003869,0.384783635877296,16.420144946348106,172.45950095969292,46.30206661978955,0.15685611433390623,0.64037907638557,3.7438027934043716,-0.9444551410906527,0.3286403603750387
209,3054,0.9881516587677726,electron_positron,564.48,601.8664329528809,218.2055419921875,2.5869187136420684,-88.18888092041016,4.779646938350011,0.09595822227057607,0.056664729944679186,2.5869187136420684,140.1608448415922,28.30221826410184,0.01958205101817525,0.7902392739387197,2.758254567954235,-0.06317787800322855,-0.9980022824277553
209,3048,0.9792648444863337,alpha,1235.8400000000001,350.3919162750244,92.37675170898439,13.378257809857638,34.777828216552734,2.7807692851818597,0.5072235355923299,0.40271873299998573,13.378257809857638,144.55466540999058,29.780362806141667,0.12649226096350696,0.623226384365734,3.7930746621062017,0.9370119345258247,0.3492973440439703
209,3059,0.5812312035843614,proton,9369.920000000002,2994.6471928596497,1077.0897460937501,8.699293660515863,15.840965270996094,9.051543883196715,0.12664408949556025,0.07310629277323062,8.699293660515863,173.7922420671454,48.40351102622568,0.013129688365078447,0.7337685123519002,2.780313528858899,0.52520330333855,0.8509767859126799
209,3046,0.999842594050055,alpha,3899.5200000000004,468.082074546814,162.52540283203126,23.99329539905909,67.89055061340332,4.096322370056047,0.7495386886455898,0.6047317586168643,23.99329539905909,233.93184322367387,27.01062132039797,0.22365416813296554,0.7705011999261332,2.880054849213776,0.6974015348900626,-0.7166806116625347
209,3045,0.9995769881556683,alpha,1444.16,189.28813734054566,56.31500854492188,25.64431822554034,81.5288553237915,1.4143763681834371,0.818462096481683,0.644068404028516,25.64431822554034,230.0173434856176,28.010077115489743,0.5064987531233306,0.8556794082965632,3.3612378339524276,0.29140832739447553,-0.9565987595252015
210,3066,1.0,alpha,671.0400000000001,122.68427076339722,33.6,19.971428571428575,-90.0,1.0,0.955788514129444,0.5943877551020408,19.971428571428575,230.7520071364853,29.790901657612498,0.5602482404029938,0.9460329897219851,3.6513175822439647,-1.2246467991473532e-16,-1.0
210,3065,0.9177992108724243,alpha,2762.5600000000004,414.72732896804814,146.81827392578126,18.816186337924897,-24.973909378051758,2.5371673453975507,0.5019769740667519,0.32516261269786984,18.816186337924897,230.51380973257343,35.72721566339781,0.201834904685321,0.8342293115595454,2.8247664127811416,-0.7654587166458169,0.6434850061275236
210,3064,0.9927988478156505,alpha,5118.720000000001,603.0506160736085,212.35063476562502,24.105037433250992,34.003726959228516,4.691708420228615,0.6620038902454165,0.5325804993252465,24.105037433250992,207.77016322611618,39.60448795255293,0.17687388163747517,0.7598291357881535,2.839881391167988,0.9272325813222653,0.3744859678738961
210,3063,0.9930715935334873,alpha,2937.2800000000007,300.85281229019165,118.4,24.80810810810811,0.0,3.7948717948717947,0.9025565388397246,0.7951316701316701,24.80810810810811,200.60885996220867,31.481103864158015,0.40779984950801706,0.8896259369423788,2.5409865902887807,0.0,1.0
210,3061,0.9507042253521126,alpha,3062.7200000000003,357.55457029342654,152.79998779296875,20.043980658884152,46.397178649902344,6.209641423422277,0.911697466184035,0.8145676867351779,20.043980658884152,214.99839034205232,37.73668162764364,0.3010457437019265,0.9153409533301278,2.340017008233555,0.9988109434036291,-0.04875140343777165
210,3062,0.9706556625401193,alpha,1315.2,224.52144145965576,81.91998901367188,16.05468965310167,36.869895935058594,2.57286451908111,0.6889037881327522,0.5042303089961367,16.05468965310167,202.47684548372305,39.98179365978375,0.3278581776873019,0.8338831177516657,2.7407406197550235,0.9599999832790487,0.2800000573289695
210,3081,0.5386852821407795,v_track,5302.400000000001,551.3957828521728,102.44953613281251,51.756212864898956,-24.120981216430664,1.007933907264829,0.6633572200648544,0.5091954910417581,51.756212864898956,230.7450843513671,30.394000816107024,0.21915706229821744,0.6221505940110548,5.382120833981717,-0.7459639565023501,0.6659863178769965
210,3060,0.9237197343046926,alpha,2842.2400000000002,406.3919162750244,172.9893798828125,16.43014156086002,13.025840759277344,6.457012830379188,0.7605103176641835,0.6132725311535736,16.43014156086002,214.09149346475252,41.42553536328906,0.21626213689203908,0.8877565757023027,2.3492304357083937,0.43918169195346796,0.8983982643866188
210,3073,0.5073529411764706,electron_positron,96.64000000000001,211.88224983215332,76.28048706054688,1.2669032897403103,80.64702033996582,5.587753774886238,0.13758542141230068,0.09280412216092973,1.2669032897403103,134.04044117647058,41.04761202246169,0.027050645549272785,0.7645751908086792,2.77767300651835,0.32071150796152076,-0.9471769257435737
211,3089,0.8824343015214384,alpha,401.9200000000001,164.31757488250733,29.6,13.578378378378378,0.0,1.0277777777777777,0.6340232205956587,0.47147147147147145,13.578378378378378,183.20885200553252,41.86402713685129,0.1870602232845877,0.6192368789555165,5.551269421706328,0.0,1.0
211,3088,0.985624293329026,alpha,3822.7200000000007,375.0351497650147,138.98681640625,27.504191396300655,-5.710593223571777,3.5632659818541264,0.8389634103518505,0.7051370201500347,27.504191396300655,228.22968825714747,33.22929881895993,0.34153750848409803,0.8496336717779351,2.6983505303755555,-0.1980198049251876,0.9801980192070328
211,3087,0.9937214611872146,alpha,2113.28,367.32917461395266,102.77138671875001,20.562921913113055,24.026504516601562,2.622781224770936,0.6797735460627895,0.5247768590272821,20.562921913113055,191.90781963470317,37.21008643446866,0.1968140331233408,0.6542059167566353,3.5742358485363876,0.7437635750387378,0.6684427757449368
211,3086,0.9673676577229877,alpha,1669.4400000000003,273.0566788673401,110.49628906250001,15.108561691657492,-33.690067291259766,4.6542054657191,0.7421052631578947,0.6363865338924852,15.108561691657492,202.62835387962292,44.09301125243876,0.28136823849628145,0.8872353736770828,2.471184156355614,-0.9230769199256637,0.3846153921784071
211,3101,0.9896354538956398,v_track,1647.0400000000002,397.69587049484255,105.70556640625,15.581393260503038,3.0664825439453125,2.9842930358368296,0.552608975735452,0.43989588227782084,15.581393260503038,156.93423874195855,26.308147415156895,0.13086148600099948,0.5973839884099469,3.7622982782799617,0.10683614537843794,0.9942766405989217
211,3085,0.9623411978221416,alpha,1296.3200000000002,349.28005361557007,155.05615234375,8.360326116735683,37.30394744873047,13.256476480482828,0.7924491392801252,0.7147634251233901,8.360326116735683,194.47277676950998,44.064728038203526,0.13352866759896015,0.9145029473802891,2.2526036428482863,0.9641319865780742,0.2654232703758585
211,3084,0.9830049631523538,alpha,4122.88,391.2349744796753,161.55081787109376,25.52063836216397,47.75910949707031,5.056680472875385,0.8759858580364428,0.7988180769486518,25.52063836216397,226.24033689276584,33.941050037861686,0.3384817168900444,0.8999274800880598,2.4217455512472457,0.9953656708745028,-0.09616226518001257
211,3100,0.9564381806534273,v_track,1868.1600000000003,367.6036912918091,147.9152587890625,12.62993429679981,-65.93728637695312,5.710535446732259,0.6007408931878987,0.4876014015202327,12.62993429679981,200.01793721973092,48.01486862493462,0.17372575412734018,0.8589098448425293,2.4852317083529405,-0.7446078497773041,-0.6675021723185772
211,3099,0.9981549815498155,v_track,4631.360000000001,688.7269783973694,110.27091064453126,41.99983452507823,-30.173519134521484,1.1849291906733483,0.558393456537675,0.4513142191474559,41.99983452507823,204.85520956510314,37.182905289855206,0.12269425105754406,0.49777572999645386,6.245772111355334,-0.8690379796908991,0.49474537881091973
211,3083,0.9765765765765766,alpha,1314.5600000000002,300.45079135894775,125.02537841796875,10.51434530040239,6.981056213378906,6.098813473736361,0.6573851816290607,0.5128961143491694,10.51434530040239,155.9108108108108,23.944815878404555,0.18299683258885238,0.8636219650807315,2.403118432119592,0.24128022218948172,0.9704554880983436
212,3106,0.9741206488062694,alpha,3374.4,383.0213538169861,130.674169921875,25.82300696470789,-3.972496271133423,3.025924220227222,0.7704953967558088,0.5979640984926232,25.82300696470789,229.32349188992166,31.693322695196905,0.2890416664363,0.7820143864924742,2.931117557861509,-0.13822231896647014,0.9904012270486802
212,3105,0.9784366576819407,alpha,2048.0,251.28611640930177,100.31819458007813,20.415040447774427,-32.0053825378418,2.9066339811517734,0.7964161274265804,0.5915083553933198,20.415040447774427,221.87660976340223,34.74569040706473,0.40757058003381547,0.9060991205677575,2.5048907375293203,-0.8988763942422683,0.43820226822098757
212,3104,0.9413944088918828,alpha,1772.8000000000002,372.4702995300293,151.99039306640626,11.663895093852705,36.22494125366211,7.141749077225676,0.6546142030012998,0.548064981889906,11.663895093852705,200.54765914449308,44.100017628228464,0.16057809843524215,0.8593500030031487,2.4506173845296457,0.9534535539729917,0.3015399151294424
212,3103,0.9920513604402323,alpha,4045.120000000001,413.44086198806764,160.04750976562502,25.274495091636915,47.663002014160156,4.558008868777997,0.862690234081758,0.7197948468568423,25.274495091636915,216.24732497707123,38.75716288308276,0.2973818636421705,0.8351056279630187,2.583238330877588,0.9956826726964554,-0.09282249345952331
212,3102,0.983149853965401,alpha,2732.4800000000005,329.5586121559143,117.01776123046875,23.350985109160717,-65.77225494384766,3.176237433489076,0.7386678200692042,0.6338206459657557,23.350985109160717,204.90204448438553,37.824344489174834,0.31615607067420654,0.8288790940763546,2.816312743386384,-0.7484407423800087,-0.6632016700413694
212,3115,0.9986000933271115,v_track,1288.3200000000002,234.89789142608643,85.45828857421876,15.07542476562845,75.52970695495605,2.893401059285695,0.6406747294716741,0.5104156742873307,15.07542476562845,183.48016798880076,30.444850096613635,0.2934103140580512,0.8388151191568048,2.748684713269006,0.4839024067960874,-0.8751219690402897
212,3114,0.9961479198767335,v_track,752.6400000000001,220.10966644287112,73.77447509765625,10.201902473771863,59.80837631225586,2.2895042723127372,0.4782431882879219,0.316604073000861,10.201902473771863,197.20030816640985,28.06807045840322,0.19521758164351058,0.7819417446474279,2.983547712830339,0.8693504694405138,-0.49419607574682173
213,3122,1.0,alpha,753.9200000000001,129.55289993286132,36.0,20.942222222222224,0.0,1.2857142857142858,0.8617410387710315,0.7479365079365079,20.942222222222224,214.19123505976097,41.85531999187239,0.5644699813132057,0.8830607577952779,3.5986916648017035,0.0,1.0
213,3134,1.0,electron_positron,61.44000000000001,72.6156415939331,30.381823730468753,2.022261749164986,-60.945396423339844,6.109375003595707,0.4948453608247423,0.40664956424871196,2.022261749164986,135.64233576642334,14.152834812514705,0.14642010475153205,0.8862349941758941,2.3901014711341935,-0.8490565941395809,-0.5283019022756732
213,3121,0.9786476868327402,alpha,847.3600000000001,139.26660823822021,36.0,23.537777777777777,0.0,1.0714285714285714,0.8591823491239455,0.7005291005291006,23.537777777777777,188.22775800711744,36.0910386787276,0.5490145138244212,0.8580589034472349,3.868516895506117,0.0,1.0
213,3132,0.5272564789991063,electron_positron,579.5200000000001,382.74683713912964,132.8814208984375,4.361181541270036,20.725555419921875,4.572721543560045,0.18923719958202717,0.150077178993925,4.361181541270036,144.32975871313673,31.487480228059983,0.049711294393929545,0.7514932674241552,2.8803638202489315,0.6619807405219524,0.749520846393219
213,3120,0.9954545454545455,alpha,1578.2400000000002,276.6115997314453,85.28878173828126,18.50466108008222,-25.974393844604492,2.125459592131258,0.6270022883295194,0.4611498557042388,18.50466108008222,170.51641221374047,34.07612881573727,0.2592042592549246,0.754833753804015,3.2432354419161578,-0.7874601462428261,0.6163655717828722
213,3129,0.994269340974212,electron_positron,187.84000000000003,102.77442903518677,42.457958984375004,4.424141067853196,46.68468475341797,4.283556439336414,0.5840796019900497,0.44634877448323496,4.424141067853196,135.11461318051576,26.56556011385214,0.22347440936689342,0.901145354323814,2.4206163342191953,0.9982713906363222,-0.058772703162466196
213,3118,0.9827185111332669,alpha,3705.9200000000005,415.08796205520633,151.26524658203127,24.499480771283952,47.526119232177734,4.021432127323861,0.7924592856165321,0.6513260732561287,24.499480771283952,173.55799268860085,41.831329523490446,0.2702872917668832,0.7951069342175062,2.744106603694351,0.9961148212714998,-0.08806397017650393
213,3117,0.5731739707835325,alpha,2284.1600000000003,353.752724647522,116.64112548828126,19.582801438498517,-61.16903305053711,3.1299168529324213,0.6336440301819796,0.5254796710285836,19.582801438498517,147.52828685258964,31.177375584335923,0.22937009734094607,0.7665322571807464,3.0328301717481536,-0.8449066343278998,-0.5349138054571976
213,3116,0.9739162380602499,alpha,3451.84,501.4879620552063,159.55810546875,21.633748971004515,-79.99201965332031,4.245375975689855,0.7007275561907237,0.575610984323172,21.633748971004515,211.5314537444934,41.48674250424459,0.1724802988987819,0.7053758513730338,3.1429801737864356,-0.3422818970774311,-0.9395973089217927
214,3139,0.9552123552123553,alpha,1598.4,164.62539567947388,50.65768737792969,31.55296032515657,-68.19859313964844,1.222222230403335,0.947997722527994,0.761280894185519,31.55296032515657,172.45752895752895,45.492291460322605,0.7411424200937534,0.9114047633870656,3.2497613728651404,-0.6896551060359033,-0.7241379942515149
214,3138,0.9835766423357665,alpha,3727.0400000000004,361.7194205284119,139.91605224609376,26.637686957066457,6.1372528076171875,3.3897633752120186,0.8052405973451328,0.6453545122085709,26.637686957066457,225.6934306569343,39.16727661421693,0.3579565098310442,0.8666104870425304,2.5852603380503867,0.21259561806854171,0.977140267913494
214,3137,0.9977622377622377,alpha,2208.6400000000003,218.67047481536866,76.55482177734375,28.850436180541706,74.29136276245117,2.023536946885701,0.9214953271028037,0.7625897649515728,28.850436180541706,218.67076923076922,39.28393146613845,0.5804362149172924,0.898350726972704,2.8563906196707225,0.5212669507065493,-0.8533936759204956
214,3147,0.9066666666666666,electron_positron,220.8,184.294024848938,70.00518188476563,3.1540522294971716,-83.34557342529297,6.9098032972728864,0.4151624548736462,0.3113181040087146,3.1540522294971716,107.89111111111112,19.862956277925097,0.08169329693396125,0.7928465994871868,2.6325769019827896,-0.23020010673813046,-0.9731433146550169
214,3145,0.9897959183673469,electron_positron,83.52000000000001,111.48427076339722,44.25653686523438,1.8871788421748148,-11.070201873779297,5.6247286681745345,0.2849344978165939,0.2398486119209113,1.8871788421748148,108.56632653061223,15.753220881403221,0.084444847331272,0.8704657007392063,2.519046420258279,-0.37687753754213,0.9262630952899832
214,3136,0.9817868098159509,alpha,3089.6000000000004,706.487786769867,175.59490966796875,17.595043078652477,43.87669372558594,3.7361960628702864,0.4818104695843106,0.37437606136077073,17.595043078652477,201.13822852760737,33.36754827438604,0.07778624433940994,0.5443079271194619,4.023395599028241,0.999231355620098,0.03920073909534345
214,3140,1.0,electron_positron,83.52000000000001,131.13910398483276,57.15877685546875,1.4611929190015394,46.97493362426758,9.972789099346583,0.2955832389580974,0.25494192871740484,1.4611929190015394,112.375,13.12685701148603,0.06102895388898325,0.8989893878252705,2.2942951406470806,0.9976247040174969,-0.06888359698797364
214,3142,0.9738372093023255,electron_positron,174.08000000000004,130.8312831878662,52.084667968750004,3.3422503548346576,-38.95590591430664,4.987325820343545,0.40416047548291234,0.3200345157757431,3.3422503548346576,158.95348837209303,21.828430882864684,0.1278013790481309,0.8688607298653452,2.511896269865116,-0.9778264299581201,0.20941698325436206
214,3135,0.9808201058201058,alpha,904.3200000000002,166.74112491607667,62.400000000000006,14.492307692307694,-90.0,2.689655172413793,0.8566232191573204,0.6246684350132626,14.492307692307694,208.885582010582,42.34516774408881,0.4087394400068624,0.9152068994481926,2.672133412116613,-1.2246467991473532e-16,-1.0
215,3164,0.840531561461794,electron_positron,144.32000000000002,139.41362066268923,40.20906372070313,3.589240500660838,55.561012268066406,2.639851222551276,0.3777219430485762,0.2356449030873972,3.589240500660838,133.3421926910299,22.16652126427483,0.09330952351467467,0.6504440640291101,3.467218775126737,0.9328150828856161,-0.3603554094794486
215,3165,0.5243243243243243,electron_positron,83.2,92.364674949646,34.66904296875,2.39983549805499,-81.25383758544922,4.014084902685307,0.3651685393258427,0.27786009121607247,2.39983549805499,137.65945945945947,23.973582977704787,0.12255227506182438,0.8550878934598242,2.6641830013277756,-0.3005780397423795,-0.9537572238387653
215,3163,0.9718875502008032,electron_positron,127.68000000000002,89.19797906875611,35.540673828125,3.5925036373103554,37.23483657836914,4.03179155656541,0.5095785440613027,0.40753942657036424,3.5925036373103554,142.39759036144576,20.41926393323643,0.2016613677411977,0.8748476771465079,2.5097436109432896,0.9634888680835051,0.26774839136615936
215,3166,1.0,proton,10302.080000000002,2493.0293550491333,949.2318359375,10.853070461785816,-44.46916961669922,18.583997536985105,0.31329615897390983,0.21248068922104021,10.853070461785816,151.1500028714179,40.45863963878129,0.020829555271096454,0.7677814616838815,2.6263650887635013,-0.9998283341728819,0.018528415611706348
215,3161,1.0,electron_positron,96.96000000000001,129.86072072982788,54.68128051757813,1.7731845173016887,20.353225708007812,7.349593629326901,0.2874762808349146,0.23832992769421693,1.7731845173016887,122.88495575221239,23.71297849051963,0.07225149754451052,0.8796127213105608,2.3748661242137916,0.6521837644482472,0.7580609061217398
215,3153,0.9782013103037522,alpha,5200.320000000001,490.9036036491394,169.27739257812502,30.720700034412133,-27.181110382080078,3.839877763704925,0.8302339838561357,0.6968664341468136,30.720700034412133,220.5697438951757,34.350222852260075,0.2711736534251034,0.7638565008603673,2.8999950682875584,-0.8127167486996427,0.5826589794923629
215,3158,0.967741935483871,electron_positron,58.24,155.03919162750245,70.4,0.8272727272727274,-90.0,11.0,0.18383838383838383,0.12926136363636365,0.8272727272727274,89.66666666666667,34.85633597649203,0.03044726167388154,0.9443777694567592,2.2022612447088417,-1.2246467991473532e-16,-1.0
215,3157,0.9809523809523809,electron_positron,149.76000000000002,136.6156415939331,50.0329833984375,2.9932254650374683,-29.248825073242188,2.678624522044954,0.23732251521298176,0.16024883159194464,2.9932254650374683,98.15873015873017,15.36415778424736,0.1008335002758566,0.840281067020948,2.7305116008372896,-0.8526187345701642,0.5225335333353944
215,3152,0.9935779816513761,alpha,1296.96,272.8292622566223,77.49363403320314,16.736342490330255,-12.295266151428223,2.509084955359772,0.6704714640198511,0.5418884489562555,16.736342490330255,168.54403669724772,38.020134528649834,0.21895483951352473,0.6877551736949717,3.5206667703791665,-0.4161305421411958,0.9093048839070834
215,3155,0.937888198757764,electron_positron,74.88000000000001,76.09015827178955,26.56686706542969,2.8185483751465035,-61.189205169677734,3.295652008492556,0.41935483870967744,0.3496443367111329,2.8185483751465035,110.055900621118,11.581870844704598,0.16252445741721655,0.8000085485839302,2.8640997858118684,-0.844529770805423,-0.5355086051814103
216,3171,0.97573083287369,alpha,1060.16,265.03717069625856,111.75804443359375,9.486207506341465,-5.233861923217773,6.7512854235823285,0.6913606010016694,0.5730602641378105,9.486207506341465,218.15885273028132,35.412082431517725,0.1896564882407639,0.904240185947204,2.371526560253501,-0.18168160438868972,0.9833574094024774
216,3170,0.9979716024340771,alpha,1631.0400000000002,413.80957880020145,127.42991943359375,12.799505855843904,13.5704345703125,3.418704899791232,0.5338849900492302,0.3433866518850241,12.799505855843904,190.91945343401653,29.914104273885492,0.1196942801152928,0.6780057214843249,3.2473502348547414,0.4561797810322335,0.889887637501153
216,3169,0.9592050209205021,alpha,574.08,104.06660823822023,29.983013916015626,19.146840994972536,-43.02506637573242,1.159879280794223,0.8956565152271593,0.7406868510596105,19.146840994972536,191.24372384937237,41.819549245581946,0.6661307479127684,0.8974007535095584,3.4708521474764864,-0.9976247040174969,0.06888359698797353
216,3168,1.0,alpha,38.080000000000005,36.05685415267944,16.0,2.3800000000000003,-90.0,5.0,0.9153846153846154,0.74375,2.3800000000000003,144.58536585365854,10.635824436850918,0.36807060693404225,0.9601635769794028,2.253553384542465,-1.2246467991473532e-16,-1.0
216,3167,0.9487305891052502,alpha,2476.1600000000003,335.6507913589478,115.66376953125001,21.40825956161659,-23.56539535522461,2.893072867976576,0.6540444594708816,0.5354801692813521,21.40825956161659,207.94774463889573,43.65367468211611,0.2761933494333639,0.8137961773960654,2.901952726590514,-0.7329086118937043,0.6803271026587456
216,3180,0.5662983425414365,electron_positron,170.24,171.88224983215332,62.56268310546875,2.721110917078282,-59.03623962402344,3.4809157453802673,0.212375249500998,0.15139948234342854,2.721110917078282,86.40883977900552,20.11084557405809,0.07241181200748796,0.8035453876729121,2.747360587818662,-0.882353004318829,-0.47058811690217645
216,3176,0.8657074340527577,electron_positron,225.92000000000004,112.729349899292,41.991702270507815,5.380110540521508,-61.699241638183594,3.8944724457229936,0.6039349871685201,0.4989722045567234,5.380110540521508,130.8800959232614,28.558157448010014,0.22340379097542895,0.8224814375229302,2.6845625160203523,-0.834862435198637,-0.5504586399487263
216,3177,0.9947780678851175,electron_positron,160.64000000000001,237.43514976501467,102.36243896484376,1.5693256396046955,64.98310661315918,17.360654792701403,0.31006794317479924,0.2661574007226376,1.5693256396046955,92.45953002610966,14.123949875740887,0.035807461637560684,0.8794968054302336,2.319553462833779,0.7664233556180426,-0.6423357688648355
216,3181,0.9979056779398077,v_track,7996.8,733.0112491607666,207.19243164062502,38.59600438432249,-71.56505584716797,1.7499999484481554,0.4772271555428244,0.32599166459913165,38.59600438432249,230.15753955941668,28.744974924272558,0.1870272203393546,0.7334252085687158,3.5378283046176784,-0.5999998695864778,-0.800000097810125
217,3185,0.9578600219860754,alpha,1621.1200000000001,343.8115997314453,116.41804199218751,13.924989393901583,-8.130101203918457,5.0195115985171155,0.6880347684367785,0.6003935865594388,13.924989393901583,212.0230853792598,40.58281683439017,0.1723391622956459,0.7388864486597462,2.953250147898189,-0.2799999614551704,0.9600000112422411
217,3184,0.9420062695924765,alpha,1570.5600000000002,175.74499149322511,53.69572143554688,29.249257818152348,-7.696051597595215,1.3161763517819793,0.91209812302546,0.7169506325310482,29.249257818152348,208.27311912225704,35.55595526117117,0.6389965043323287,0.8764452841493832,3.2729794254497326,-0.2654232382803734,0.9641319954138853
217,3183,0.8631669535283993,alpha,703.3600000000001,113.11757488250733,33.14067077636719,21.223469034355524,18.434951782226562,1.129310555502115,0.9297800338409475,0.7232167316891369,21.223469034355524,189.25473321858865,41.27170162948871,0.6907602832626056,0.9049862269766454,3.4132554421068675,0.6000000826393695,0.7999999380204662
217,3195,0.8627450980392157,electron_positron,163.84000000000003,87.01564159393311,35.185638427734375,4.656445280551067,8.130104064941406,4.442857689217911,0.7262411347517731,0.5879649949114444,4.656445280551067,119.86274509803921,29.231901014283725,0.2719162422420797,0.8766062082195996,2.4730442726696347,0.28000005732896943,0.9599999832790488
217,3182,0.9808667588750576,alpha,2651.5200000000004,370.04674949646,149.13223876953126,17.779656644849645,-42.37359619140625,4.653186852949088,0.7350958126330731,0.5547564043319786,17.779656644849645,211.84393729829415,44.98913178923984,0.24332771839181935,0.8657513600994506,2.4813330273163112,-0.9958004426017648,0.09155041514995571
217,3190,0.7295373665480427,electron_positron,598.4,332.6115997314453,107.474365234375,5.567839351226105,79.69515323638916,4.048517558018708,0.281711358843025,0.2097383438786445,5.567839351226105,108.75533807829181,16.335770576576486,0.06797147069021416,0.7207188762593808,3.0947993877991435,0.3520000096333356,-0.9359999963772071
217,3196,0.9970775974775052,v_track,7996.160000000001,926.128824043274,202.7130859375,39.44570210166578,-75.71437072753906,1.6748413181401096,0.45748809959721715,0.3259054115691628,39.44570210166578,219.51949550103822,30.673615818269575,0.11715168448948621,0.5733708746543292,4.568668173345334,-0.47825137247705873,-0.8782229925957357
217,3186,0.9563719862227325,electron_positron,449.92,304.9762746810913,129.88736572265626,3.4639242816017823,62.73411750793457,11.377575920803514,0.36472114137483785,0.3034249041742216,3.4639242816017823,119.3134328358209,13.602754872084258,0.060787327856239096,0.8714560918662969,2.348005696968988,0.8144373370111175,-0.580251517949104
218,3212,0.9322033898305084,electron_positron,122.56000000000002,189.51555395126343,76.93321533203125,1.5930700344584712,-45.0,6.800000242765864,0.19197994987468672,0.1408088375652531,1.5930700344584712,152.61016949152543,23.344303518223285,0.04288139426911764,0.846152354812467,2.4633775298919343,-1.0,6.123233995736766e-17
218,3200,0.9509283819628647,alpha,1848.6400000000003,217.97442903518677,86.83958740234375,21.287986911256404,79.11447334289551,3.1036721491424206,0.9308733483725427,0.760838853156408,21.287986911256404,231.72413793103448,32.70436907941853,0.4889349835860797,0.9198959825803185,2.5100813529349377,0.37089870323238683,-0.928673328970168
218,3199,0.9813258636788048,alpha,3963.5200000000004,424.21933288574223,159.86851806640627,24.792373432483007,-40.81508255004883,3.767185440719435,0.7503937961953229,0.584214261602987,24.792373432483007,206.7457205104264,43.23952445204252,0.27676425870058236,0.8265726165463876,2.6535514184820914,-0.9893491056944573,0.14556217593034754
218,3198,0.9061556329849013,alpha,2653.1200000000003,278.4528122901917,113.47247314453125,23.381177183127836,14.972877502441406,3.7236802310559556,0.8880676949443016,0.7672700245524321,23.381177183127836,223.97514518002322,36.63067499895468,0.429995133552414,0.9128995466601401,2.453923886329004,0.49917986322302615,0.8664983924697385
218,3213,0.9968107725017717,v_track,4982.720000000001,987.2837449073792,191.19777832031252,26.060553860895176,-81.77718353271484,1.7299984978550254,0.36041478601023075,0.2358014796442272,26.060553860895176,187.9125374925015,33.38769236080273,0.06423805364599967,0.49475973787784355,5.163677912895978,-0.2831054079899034,-0.959088800876577
218,3197,0.5976331360946746,alpha,377.6,147.929349899292,55.08525390625,6.8548290735419,-5.710592746734619,4.1686745986253095,0.6008146639511202,0.5187513864495447,6.8548290735419,201.14349112426035,39.66496302726205,0.21683688128718473,0.8322223843669806,2.6854618869698603,-0.1980197886100299,0.9801980225030241
219,3218,0.9700639085099226,alpha,1827.5200000000002,215.22926225662232,76.40164184570312,23.91990480637532,-50.01311492919922,2.385184948061496,0.9088160407383832,0.7467561628904834,23.91990480637532,210.94080053817692,46.01433543167329,0.49575758596654185,0.844314676686091,2.8170764012020633,-0.98472815413499,-0.17409900187506908
219,3217,0.9488602576808721,alpha,3103.3600000000006,365.0193328857422,151.5119873046875,20.482603754376257,57.200469970703125,5.988777190476185,0.8882579226964645,0.8096108588364832,20.482603754376257,211.6093161546085,48.95578183678505,0.2926916197532159,0.8978214944882947,2.409177909809181,0.9106768836755881,-0.41311936960026396
219,3228,0.9757759649820931,proton,11914.560000000001,2712.7531680107118,1159.81103515625,10.272845867857145,25.59722900390625,38.78216175309668,0.3756734940974675,0.34350696625178573,10.272845867857145,149.60142260246718,40.75401615589481,0.020345450656152793,0.8619174620123731,2.3389613357534995,0.7792773523988362,0.6266791906855214
219,3221,0.9206730769230769,electron_positron,202.24,169.66660823822022,71.33824462890625,2.8349450011285025,-88.91907501220703,8.753703786746364,0.4563176895306859,0.34786766790643314,2.8349450011285025,133.6298076923077,16.07756068734686,0.08828443958046578,0.8777308550741558,2.378340105238184,-0.03772244787371407,-0.999288255172858
219,3215,0.507358406421882,alpha,4106.88,553.3840078353882,175.14547119140627,23.448393909722228,87.95459151268005,3.353745140307993,0.5465928449744464,0.44899783355983824,23.448393909722228,215.03032555373863,38.284748765614886,0.16852668129884538,0.7340974905636826,3.159567895595925,0.07133757956326532,-0.9974522293032658
219,3214,0.9652567975830816,alpha,796.8000000000001,140.0430582046509,54.72841796875,14.559163768537472,52.12501525878906,2.4920130388249384,0.8678982223771349,0.6629394251136559,14.559163768537472,228.7515105740181,35.9329398799074,0.5105473392068206,0.9274578841211013,2.558872764869901,0.9692307785974426,-0.2461538092725672
220,3240,0.9636363636363636,electron_positron,177.60000000000002,91.347012424469,38.66565551757813,4.5932235629435985,24.567169189453125,4.471153343110261,0.7321899736147758,0.5311433781271752,4.5932235629435985,108.44242424242424,32.43667051537579,0.2674632573917471,0.9068602630450916,2.362484515048269,0.7562457312052772,0.6542876997420902
220,3241,0.9938650306748467,proton,13192.64,3279.638933849335,1147.7251953125,11.494598231249894,25.378883361816406,31.527066083539058,0.35196742164889483,0.315747148812635,11.494598231249894,153.1949182816826,39.88348450694885,0.015413082702525439,0.7062043446761158,2.857512362056635,0.7744784032743568,0.6326003500327855
220,3233,0.9444336882865441,alpha,3142.4,464.72126617431644,184.28957519531252,17.051425706905253,29.43541717529297,5.862117743630525,0.6693933197000682,0.5423934863635705,17.051425706905253,210.21936108422074,42.52404926058043,0.18284632529367004,0.84167381888989,2.5216904737112706,0.8560040392993928,0.5169691332208564
220,3239,1.0,electron_positron,59.84,60.17056245803833,25.7436767578125,2.324454294658598,79.11447334289551,4.197044496735304,0.5282485875706214,0.3789605578522882,2.324454294658598,132.24806201550388,15.502453423109822,0.2076984743926332,0.9364593061915089,2.3372948248263805,0.37089870323238683,-0.928673328970168
220,3232,0.9913972115099378,alpha,4175.04,400.0252203941345,156.1828369140625,26.731746474148498,55.885528564453125,4.201149196476117,0.8430472990436806,0.7190550347223237,26.731746474148498,210.97923464847227,43.58231111712092,0.327865529018358,0.863981149879696,2.5612623531370673,0.9286733042760912,-0.37089876506255265
220,3231,1.0,alpha,877.7600000000001,222.95474557876588,49.21462707519532,17.835347988289445,45.0,1.1917807389053603,0.5675563831988413,0.4319005439509057,17.835347988289445,206.94641661085063,28.26346851676275,0.22189739741199527,0.668600196087948,4.5302536832822495,1.0,6.123233995736766e-17
220,3230,0.992462311557789,alpha,1443.2,239.69789142608644,72.18055419921875,19.994304782099064,88.31531572341919,2.092024723831099,0.7199872286079183,0.579499290411632,19.994304782099064,179.8421273031826,36.972960161167386,0.3156515722830611,0.7515832280755282,3.320809795454311,0.05877268654648197,-0.9982713916145795
220,3229,0.7753242201191728,alpha,1695.0400000000002,364.370387172699,90.03654174804689,18.826134001717918,68.81865119934082,1.704200523658921,0.5194155716807217,0.3563387353768135,18.826134001717918,210.13564668769718,42.478647673189414,0.16043668028642408,0.6352000047710623,4.046916730679554,0.6738214736007011,-0.7388941884428242
221,3254,1.0,electron_positron,50.24000000000001,48.30782079696655,17.879815673828126,2.8098723676183996,-65.22486114501953,3.1067959826494573,0.5772058823529411,0.488243298629348,2.8098723676183996,110.86915887850466,19.917157452175722,0.27053571165695156,0.8482922226246331,2.701807539754334,-0.7609755709429974,-0.6487805333300154
221,3253,1.0,electron_positron,269.76000000000005,389.535062122345,129.195166015625,2.08800381871389,81.48829460144043,3.341779242255257,0.08330862733471688,0.05400858278462139,2.08800381871389,147.6551724137931,39.26974750182914,0.022340572984412537,0.7328922766208829,3.0150900698191307,0.2927624221166834,-0.9561852143786647
221,3246,0.8870784388025768,alpha,1575.0400000000002,320.3135330200196,119.40494384765626,13.190743609490134,81.02737426757812,4.349999249551816,0.6719453924914676,0.4805473119732871,13.190743609490134,187.92307692307693,43.043900079706546,0.19290828334298366,0.7923218293188907,2.682581832027777,0.3081080788025175,-0.951351360842366
221,3245,0.9956881063600431,alpha,1704.6400000000003,213.7900706291199,84.17599487304688,20.250904103609535,20.556045532226562,2.7078315565354334,0.8773056653491436,0.6514450736558539,20.250904103609535,206.92849443047072,41.730121969045825,0.46867034834809657,0.9062347592515424,2.5397985607601696,0.6575342547976939,0.7534246503583761
221,3244,0.9950166112956811,alpha,728.3200000000002,115.26660823822021,32.48869018554688,22.417647367144554,84.09385919570923,1.08127850115391,0.9089456869009584,0.7460971804682479,22.417647367144554,213.39119601328903,39.32198148793699,0.6888506490022868,0.9061433747689038,3.547899517645019,0.20470587177882774,-0.9788235316231778
221,3250,0.9876543209876543,electron_positron,29.12,58.84507913589478,25.122586059570313,1.1591163398127518,85.03025913238525,7.249999752305567,0.3855932203389831,0.3345035083812354,1.1591163398127518,150.28395061728395,16.13770568843197,0.10567711104098974,0.9210041323124979,2.3423177453293293,0.1726078847214868,-0.9849906182964252
221,3243,0.9234668018246326,alpha,1175.0400000000002,237.48224983215334,102.61311035156251,11.45116833486675,76.69082164764404,6.636708026023176,0.8527635856943799,0.7406272018748468,11.45116833486675,185.34363912823113,50.995855712831805,0.2618184247609739,0.9196980666644287,2.314346081300099,0.4480455384022886,-0.8940107356837519
221,3242,1.0,alpha,2896.0,519.6702995300293,159.247802734375,18.185494244027478,64.59228134155273,3.15723447994498,0.5316336720907008,0.3605441863323796,18.185494244027478,156.4154900332226,26.153804934474902,0.13475740167360045,0.6972023969868085,3.2632808152263064,0.7751147494979171,-0.6318204848774541
221,3256,0.989853826311264,proton,3426.56,828.7838325500488,318.4171875,10.761228145073042,-64.04122924804688,11.233388111996527,0.47441407115324974,0.3796436155486925,10.761228145073042,142.5535683576956,29.269257503672076,0.06268818036165617,0.7860316456253487,2.6028237955906475,-0.7871238949296036,-0.6167949205618108
221,3248,0.6517571884984026,electron_positron,107.2,258.70377893447875,110.300634765625,0.9718892391488639,72.0438346862793,9.095293025802698,0.12556221889055472,0.080141129173612,0.9718892391488639,117.91373801916933,21.541598877366233,0.020127929574238708,0.8719337316017922,2.3454423402384927,0.5865466722554897,-0.8099154284652264
222,3259,0.9670573329109915,alpha,1928.3200000000002,257.9606330871582,99.45750122070314,19.388381734233636,-6.674469947814941,3.232417693208966,0.7642358909321496,0.6301319396850144,19.388381734233636,221.01140323091542,39.6303380806146,0.36415149851590045,0.8807021983175677,2.59367699691877,-0.23088090588388369,0.972982017972705
222,3258,0.9911037891268534,alpha,3729.2800000000007,434.917399597168,152.47746582031252,24.457909107663035,2.2369766235351562,4.036871695700001,0.7443316088650443,0.647528082143501,24.457909107663035,207.82586490939045,36.48298770607993,0.2477543512979486,0.7881328411587786,2.8523388505793874,0.07800588742310888,0.9969528983494322
222,3264,0.9737693939055698,proton,5381.120000000001,953.5643243789673,362.1819580078125,14.85750430418714,4.624153137207031,11.376059390269713,0.5672840130890936,0.4666710961675648,14.85750430418714,128.51992409867174,30.766398728461052,0.07436739211091001,0.7795872043902183,2.6328322084955933,0.16071338884705114,0.9870011178541271
222,3262,0.9481481481481482,electron_positron,269.12000000000006,211.80184564590456,71.9188232421875,3.741996710565399,-1.4144232273101807,3.319963614227981,0.2289681459297577,0.17274049217688572,3.741996710565399,111.16111111111111,18.674551079602782,0.07538698205231625,0.7739640495589137,2.945012669807726,-0.04935262812506753,0.9987814165757936
222,3261,1.0,electron_positron,44.160000000000004,68.09015827178955,26.87702331542969,1.643039092601018,-61.557071685791016,6.693430697847099,0.5054945054945055,0.4091810380603034,1.643039092601018,127.50925925925925,17.227505661097737,0.11969341039382493,0.8326700225709494,2.533396554844674,-0.8375838867028766,-0.5463087339002579
222,3257,0.9512693317770645,alpha,2104.6400000000003,253.46845388412476,100.53316650390626,20.934782750707683,-30.784147262573242,3.280057327582387,0.8519430051813471,0.6830311821535633,20.934782750707683,220.3151444412022,42.482999720448134,0.4116611214052094,0.8888068938352661,2.5212421203730426,-0.879385244444471,0.4761109028927379
223,3279,1.0,electron_positron,52.48000000000001,53.964674949645996,21.94588623046875,2.3913365561486857,23.498565673828125,3.564766736640325,0.5239616613418531,0.38843530500197915,2.3913365561486857,155.2920353982301,18.32097372297766,0.2264563793622511,0.9009754398357772,2.4589881849803676,0.7313195547984002,0.6820349762068437
223,3268,0.9849971148297749,alpha,3217.2800000000007,312.0390163421631,97.00946044921875,33.16460049465114,-19.872177124023438,1.9884802479753045,0.8147487844408428,0.6798012555706044,33.16460049465114,234.2508174648971,33.061574261340866,0.415222541996062,0.8069897405872865,3.2165833610166836,-0.6393632395392712,0.7689048367163837
223,3276,0.9741935483870968,electron_positron,148.48000000000002,145.07047481536867,61.6024169921875,2.410295037917594,-38.1572265625,10.080881375709394,0.5076586433260394,0.39443092566951926,2.410295037917594,119.65806451612903,17.29215324925841,0.08865837315394338,0.8715066161963035,2.354947774756414,-0.971608832602186,0.23659306078035638
223,3278,1.0,electron_positron,41.28,38.59411249160767,15.200000000000001,2.715789473684211,-90.0,3.1666666666666665,0.7456647398843931,0.5657894736842105,2.715789473684211,137.07865168539325,18.170988557267393,0.34826307948414453,0.9678788926402204,2.5390863481320833,-1.2246467991473532e-16,-1.0
223,3267,0.9396760379817538,alpha,3285.4400000000005,428.4369954109192,169.97145996093752,19.32936271039299,-60.176578521728516,5.386522361328083,0.6928267764356569,0.6125619235940035,19.32936271039299,213.7964997207224,40.788734097843005,0.22492072483089692,0.8602804573763368,2.5206407917504605,-0.8629270958033274,-0.5053284351077376
223,3266,0.5156512958599798,alpha,1775.3600000000004,350.0507913589478,124.45539550781251,14.265030397083544,-81.17961883544922,3.860888315300127,0.5783986655546288,0.44253355953574297,14.265030397083544,169.47223157186133,51.852632944592735,0.18206822872885822,0.7942475285899948,2.8126606317921654,-0.30304794914171096,-0.9529753095022993
223,3265,0.9765976597659766,alpha,672.6400000000001,105.66660823822022,31.06479187011719,21.652808839419485,-78.69007110595703,1.106145302997835,0.9421783953384133,0.7710063822276467,21.652808839419485,165.8046804680468,30.057949067187252,0.7570368488147953,0.9258743878064095,3.401490944475515,-0.38461526926327705,-0.9230769711402927
223,3280,0.6049840933191941,v_track,3448.3200000000006,463.5370830535889,156.245556640625,22.06987561208772,-48.63295364379883,2.2789177289974623,0.4944253269098417,0.32189991120731964,22.06987561208772,226.31601272534465,31.770421185307246,0.20167332474171953,0.7939863374038537,2.9667216976912467,-0.9919698742546245,-0.1264743791100176
224,3285,0.9992313604919293,alpha,2408.9600000000005,248.63514976501466,84.61856079101562,28.46845866298132,-37.87498474121094,2.130741824908964,0.8984365676095,0.7168514212114403,28.46845866298132,237.96899820650782,22.820385279731575,0.4896822954411526,0.8343124120370364,2.9383051122681523,-0.9692307785974424,0.24615380927256733
224,3291,1.0,electron_positron,35.2,44.090158271789555,18.400003051757814,1.9130431609704126,53.130104064941406,4.2592595143573,0.5882352941176471,0.44283401811506623,1.9130431609704126,123.0506329113924,12.060919978951288,0.22754600331938474,0.8969070863128915,2.396203856475854,0.9599999832790488,-0.2800000573289694
224,3289,0.8536585365853658,electron_positron,105.92000000000002,68.55878744125367,26.987228393554688,3.9248194907372067,11.768287658691406,3.2054266077222504,0.6107011070110702,0.4661731335523349,3.9248194907372067,145.8048780487805,32.421326549495646,0.283179349878704,0.8863597387882692,2.5404160235153097,0.39933440184589974,0.9168053422086815
224,3290,0.9357142857142857,electron_positron,146.24,92.39797906875611,34.5068115234375,4.238003847462748,-45.0,3.5882354714552576,0.5777496839443742,0.44069431692641076,4.238003847462748,128.88214285714287,30.877934256999605,0.21525393408121254,0.8166610037231135,2.6776736241190564,-1.0,6.123233995736766e-17
224,3284,0.9881789615442167,alpha,4084.8,539.1781203269959,172.43929443359377,23.688336312307598,-61.189205169677734,3.7300984680264917,0.6243885736646448,0.5124112069634,23.688336312307598,175.73874008678737,36.36246574679064,0.17656968440462664,0.7130201969476915,3.1267706243986804,-0.844529770805423,-0.5355086051814103
224,3283,0.9620044052863436,alpha,4503.360000000001,411.77425374984745,169.941162109375,26.49952456545881,63.4349479675293,5.053191783796576,0.8892890995260664,0.7879620107723438,26.49952456545881,222.3584801762115,35.91622218708879,0.3337552857287027,0.898673988793898,2.423040119525765,0.8000000179153028,-0.5999999761129288
224,3282,0.9697224558452481,alpha,718.4000000000001,116.39797906875611,41.32807006835938,17.382858643331726,-75.96375274658203,1.836206884862961,0.9456613310867734,0.7723207172919031,17.382858643331726,219.92935239697223,42.931283384269776,0.6663237719973115,0.9220068866427698,2.816438775781838,-0.47058835188697895,-0.8823528789936014
224,3293,0.9977239103220666,v_track,5457.6,454.35861215591433,155.29970703125002,35.142371510731834,-47.59186935424805,2.068773455751917,0.6258026639269071,0.46813742758024074,35.142371510731834,234.23284397405257,28.04787401460941,0.33221102215561166,0.8424744011163753,2.9256887913155336,-0.9959100812179453,-0.0903499315354779
224,3287,0.9893617021276596,electron_positron,42.88,46.90193328857422,18.467247009277344,2.3219486899405464,38.1572265625,3.483051031595318,0.5491803278688525,0.4379356476764478,2.3219486899405464,156.77659574468086,12.534339432406671,0.24495321925559282,0.8792037085071985,2.539736067049529,0.971608832602186,0.23659306078035638
225,3302,0.7601880877742947,electron_positron,625.6,280.441037273407,87.57889404296876,7.143273580196873,-19.536653518676758,2.4070853793343048,0.3130003202049312,0.1963312003807767,7.143273580196873,91.23218997361478,18.896345080072855,0.09995936176551008,0.7229052749067403,3.202153216684998,-0.6303141944357705,0.7763401421366705
225,3297,0.6430903155603918,alpha,6230.720000000001,691.1034283638,265.28159179687503,23.48719320400805,53.39730453491211,4.882197181801281,0.5328535070195123,0.4322542988841531,23.48719320400805,227.9533089326343,33.53103629292503,0.1639313458381515,0.8250971840330539,2.6051691852519303,0.9573466881463909,-0.2889417219702566
225,3294,0.9923133235724744,alpha,3377.6000000000004,328.9429705619812,128.64739990234375,26.254708626555505,-12.26477336883545,3.6254789193771066,0.9078008084630601,0.7398975240247441,26.254708626555505,214.11493411420204,37.28514786547023,0.39226256140575666,0.8787053723252752,2.5569344643706895,-0.4151624434713721,0.9097472976221912
225,3298,0.7166666666666667,electron_positron,1217.92,681.9525493621827,211.321240234375,5.763358187038904,42.426639556884766,3.375013074410136,0.1392354124748491,0.09204663578631075,5.763358187038904,107.46605343845816,18.121361920033248,0.03290942632605952,0.6894744322293808,3.2270894710149984,0.9959682468999758,0.08970647226922365
226,3307,0.969802152030545,alpha,1776.0,185.894024848938,67.2,26.42857142857143,0.0,1.9090909090909092,0.9425951086956522,0.7508116883116883,26.42857142857143,231.13363415480737,35.91762119448031,0.6458355756832429,0.9100420885547846,2.7662801316806247,0.0,1.0
226,3312,1.0,electron_positron,64.64000000000001,88.6156415939331,35.14539489746094,1.8392167790002523,-11.768289566040039,6.189655165463848,0.38549618320610685,0.32391491601561523,1.8392167790002523,80.3157894736842,16.65020193201066,0.10344045909436446,0.8338235358530894,2.5214012206286265,-0.39933446288590674,0.9168053156213833
226,3306,0.9875096079938509,alpha,3213.76,329.8331288337708,123.72139892578126,25.975781294939043,41.24827194213867,3.2263516371488974,0.8223204781789896,0.6773848763011721,25.975781294939043,234.7584550345888,26.563982256797185,0.37122289725510216,0.8501407150988721,2.6659343629927195,0.9914369861520327,0.1305859965301572
226,3311,0.52,electron_positron,330.24,144.729349899292,44.59960021972657,7.404550676979693,16.58734130859375,2.183706041763775,0.5468998410174881,0.3625449997355546,7.404550676979693,84.01666666666667,14.098808066247637,0.19811908655798793,0.7411046266091361,3.2450817762101303,0.5471934275888608,0.8370061844476145
226,3305,0.9945609945609946,alpha,2383.6800000000003,244.30377893447877,94.70817260742189,25.16868327594784,74.64986324310303,2.5430544293917485,0.8661627906976744,0.6758163495791212,25.16868327594784,229.76586376586377,30.320827621146336,0.501877177697819,0.8958373174953477,2.5795427385886835,0.5105470225965534,-0.8598498344000506
226,3304,0.810126582278481,alpha,35.52,36.994112491607666,16.8,2.1142857142857143,-90.0,7.0,0.9652173913043478,0.8809523809523809,2.1142857142857143,175.55696202531647,29.142490113427364,0.32615015967139477,0.9898523628018806,2.202030505452837,-1.2246467991473532e-16,-1.0
226,3310,0.88,electron_positron,82.88000000000001,82.7979790687561,32.2440673828125,2.5703953231464425,-45.0,5.181818014624068,0.44047619047619047,0.4130781837183937,2.5703953231464425,92.47428571428571,17.221188657450767,0.1519218124978742,0.8568222660035199,2.567851570515296,-1.0,6.123233995736766e-17
226,3321,0.9886113152094048,v_track,1643.5200000000002,278.59982471466066,78.86832275390626,20.838784731460496,-5.856013298034668,2.131825797482599,0.7597633136094675,0.5632763234655409,20.838784731460496,198.47244673034533,40.6527490817086,0.2660867075161944,0.684021842020034,3.532467979368332,-0.20299283337795082,0.9791802232465643
226,3320,0.9992761491132827,v_track,3392.6400000000003,390.8743413925171,166.50135498046876,20.376050395493596,-75.10652923583984,6.328227062493128,0.8536919236653515,0.7744337789600093,20.376050395493596,227.1208830980818,34.473726141524025,0.27904440383024465,0.911090554874805,2.3475745373866066,-0.4967761728109971,-0.8678786978185709
226,3303,0.9955268389662028,alpha,3716.8,433.9192452430725,179.36721191406252,20.721735931206727,42.37359619140625,6.302004008832555,0.8145732519812049,0.7280509158552415,20.721735931206727,234.3694499668655,27.224772268625234,0.24806256588221748,0.8837239685945262,2.4191670295403247,0.9958004426017648,0.09155041514995571
227,3329,0.9643905302289181,proton,7069.12,1111.989544773102,447.6720703125,15.790844389879766,-23.82571792602539,10.938668131785533,0.47903113886720444,0.38584226659703486,15.790844389879766,194.83143273600277,42.91220666249504,0.07184123841327648,0.8352127535917252,2.4839377269992995,-0.7390603810721931,0.673639186159345
227,3327,0.8020833333333334,electron_positron,144.32000000000002,290.1076455116272,121.269580078125,1.190075861621895,-59.91349792480469,7.693969213951161,0.10699881376037959,0.07550456623735703,1.190075861621895,87.421875,17.710905909948284,0.021548549187872097,0.8649330629578464,2.392254061774868,-0.867531199594611,-0.4973827678256809
227,3323,0.97625,alpha,978.24,123.73523740768434,35.2,27.790909090909096,-90.0,1.0232558139534884,0.9616231519345706,0.8078752642706131,27.790909090909096,183.175,56.05781056195471,0.8029129991753224,0.9272310018654222,3.51520560817285,-1.2246467991473532e-16,-1.0
227,3322,0.9959982214317474,alpha,5563.52,532.2428829193116,194.3496826171875,28.62633951895111,6.8427734375,4.227367146559716,0.7717507102272727,0.6226614089565586,28.62633951895111,208.82681191640728,38.040715843850855,0.24679695213199399,0.8039931805545846,2.7385837514727287,0.23659306078035627,0.971608832602186
227,3325,0.8,electron_positron,56.0,56.03330411911011,20.761050415039065,2.6973587020160723,-14.036243438720703,3.451613099626222,0.5737704918032787,0.44844737834292,2.6973587020160723,125.2,8.482924024179347,0.22413280506782937,0.8365158366748814,2.6989628655070477,-0.47058823439458186,0.882352941656223
228,3336,1.0,alpha,3614.4,341.7429705619812,136.92015380859377,26.397866927995985,72.64597511291504,3.8151593968227866,0.9012207771483284,0.7355532933976311,26.397866927995985,219.53834303320778,34.02569641152173,0.3889080182730027,0.8772494254507528,2.4959289122601893,0.5693950249910911,-0.8220640519542226
228,3335,0.9967868618350589,alpha,1716.8000000000002,208.876362323761,80.86251220703126,21.231098974571793,-87.99044799804688,2.71166488495418,0.8986599664991625,0.7119692919128351,21.231098974571793,231.52052838272047,32.4490156740417,0.4944825585922991,0.9018096182574248,2.5831050337513326,-0.07008908541559863,-0.9975407360632471
228,3334,0.9933793103448276,alpha,2230.0800000000004,261.3076455116272,98.85484619140625,22.559136814416163,-38.07278060913086,3.2187285245904245,0.8858522943943054,0.7345288567249991,22.559136814416163,221.2151724137931,35.42446520859692,0.4104176915414129,0.8675149384723411,2.643346842153536,-0.9709072023729803,0.23945605939351916
228,3333,1.0,alpha,1690.2400000000002,199.58418312072754,72.45485229492188,23.328182260589102,-45.97101974487305,2.2820048650462916,0.885053619302949,0.734733751090429,23.328182260589102,212.32860777898944,33.90898577208613,0.5332194683431295,0.8798322486199445,2.754600648529867,-0.9994256200473643,-0.03388849351832143
228,3348,0.9905806053119209,v_track,3990.4,425.752724647522,163.53093261718752,24.401499680437823,-86.42366790771484,4.668091508358183,0.8080611715914982,0.6965558847273684,24.401499680437823,212.22760963557752,37.320851681854506,0.27663773741877384,0.8395177192662812,2.6034996427506116,-0.12451353961544588,-0.992217908754137
228,3332,0.9839323467230444,alpha,1431.6800000000003,236.99982471466066,86.62692260742188,16.526963637945727,-39.289405822753906,2.667244543294235,0.7571501100016923,0.5088655149427673,16.526963637945727,218.24947145877377,35.23978155065035,0.3203020900057931,0.8294983661096295,2.7358679909328254,-0.9801980126150492,0.19801983755550284
228,3347,0.9982370225269344,v_track,3139.5200000000004,364.9860287666321,155.8051513671875,20.150296523900312,69.44395446777344,6.2556387366054045,0.8919090909090909,0.8090424121595682,20.150296523900312,223.14573947110674,33.727779190093386,0.2961560691254631,0.9213557835672814,2.342579982522311,0.6575342547976938,-0.7534246503583762
228,3331,0.9725146198830409,alpha,1032.0,167.98620405197144,64.48901977539063,16.00272424041119,-75.71890258789062,2.8900821621646755,0.8780288592431255,0.7171637595723169,16.00272424041119,231.69707602339182,27.646061713966912,0.4595601137051033,0.922079154930019,2.604880716702658,-0.4781124388450485,-0.8782986370373347
229,3364,0.9424242424242424,electron_positron,175.04000000000002,99.07249574661256,38.239373779296876,4.577480818861321,-64.1336441040039,3.6369295736404212,0.591991341991342,0.4353621337779822,4.577480818861321,139.64545454545456,20.232101568653142,0.22409953825231052,0.851299393958079,2.5908503710971136,-0.7851300921084201,-0.619330879632062
229,3354,0.9952298352124892,alpha,2843.5200000000004,303.26256637573243,120.1300048828125,23.67035615102047,77.90524196624756,3.4789640580755323,0.9071049407921601,0.6854933400825094,23.67035615102047,166.82393755420642,32.28253361902379,0.3885335618382331,0.8671753090212605,2.524453126190803,0.4097561280251344,-0.912195108266784
229,3353,0.9832654907281773,alpha,1349.1200000000001,183.08224983215334,69.60000000000001,19.383908045977012,-90.0,2.3513513513513513,0.8765072765072766,0.6548617583100341,19.383908045977012,210.86341022161918,42.85078055168023,0.505787349970343,0.8877721422437124,2.630492095289559,-1.2246467991473532e-16,-1.0
229,3352,0.9997047534691468,alpha,2081.28,243.5606330871582,86.06372680664063,24.183010395029857,-32.228759765625,2.4304112496752066,0.8538794801102796,0.6829202347597851,24.183010395029857,195.65692353114852,42.06958309061457,0.44088587623249187,0.8468459972814228,2.830003325725899,-0.9022658450193299,0.4311801768536612
229,3368,0.9968798751950078,v_track,2709.76,456.21933288574223,149.0703857421875,18.17772179570558,-86.14936065673828,3.7194556374624144,0.5917126685766194,0.45355239052102536,18.17772179570558,166.21930020057945,38.65236597254849,0.16360377540144805,0.7219882066917209,3.0604290088492765,-0.13400830144431222,-0.990980209259504
229,3351,0.989922940130409,alpha,1028.8,139.8489457130432,51.185610961914065,20.09939865259212,-55.00798034667969,1.7164834181929527,0.9373177842565598,0.6740231063861865,20.09939865259212,153.19857735625368,22.91170750066718,0.6610319123568484,0.9183203159035584,2.7321925651547136,-0.9395973089217928,-0.34228189707743095
229,3350,1.0,alpha,929.9200000000001,122.99209156036378,35.2,26.41818181818182,-90.0,1.0,0.951850638716017,0.7505165289256198,26.41818181818182,180.77544320420222,27.836158876927765,0.7725046072231686,0.9202141301821573,3.494093510237607,-1.2246467991473532e-16,-1.0
229,3367,0.9980485425051836,v_track,5100.8,420.4702995300293,165.42198486328127,30.83507917170583,69.02024841308594,4.219166187063911,0.9030649821539856,0.7864633200008099,30.83507917170583,215.22588120502502,34.71000848967588,0.36255801537744914,0.8752523870391937,2.541804221957206,0.6686051823062896,-0.7436175833001619
229,3349,0.9987264391237901,alpha,2392.9600000000005,327.42337474823,115.94879150390625,20.63807624868072,-72.12130737304688,3.4384560165853437,0.7638406537282941,0.6120211907998419,20.63807624868072,216.0934793683138,37.099468029024806,0.28049552841857933,0.8063952157958566,2.8238619005977244,-0.5843542702325794,-0.8114986671960402
230,3380,1.0,electron_positron,54.400000000000006,75.15289993286133,31.188674926757812,1.7442228670423063,79.99202060699463,4.547297225144029,0.3881278538812785,0.2543070464506827,1.7442228670423063,111.546875,11.924803048032912,0.12103675644207024,0.8827724427035545,2.409621444622039,0.34228186579869335,-0.9395973203161901
230,3379,1.0,electron_positron,64.0,52.478383255004886,22.87367095947266,2.79797677047093,37.87498474121094,4.939393574944944,0.7407407407407407,0.6042015952487907,2.79797677047093,115.9296875,14.458552612635325,0.2920309923280968,0.9412577801995455,2.2942702703027233,0.9692307785974424,0.24615380927256733
230,3385,0.9296352255557954,v_track,2848.32,335.7978037834168,135.10023193359376,21.08301339852654,-57.7243537902832,4.089440014720994,0.7901464713715046,0.6381759482486467,21.08301339852654,178.73818260306496,46.510742547824314,0.31742632462548004,0.8779116459095296,2.4855457239220176,-0.9029703254557713,-0.42970291056298243
230,3384,0.9931196509481457,v_track,3695.36,346.09384956359867,135.59107666015626,27.25371087112173,41.74277877807617,3.528919550009281,0.8531954192833395,0.7093103430726243,27.25371087112173,192.38731330760197,49.259865320687965,0.38768487196419504,0.8791711960755831,2.552482494338797,0.9935432891819097,0.11345365803530552
230,3376,0.8899082568807339,electron_positron,469.12,432.97627468109135,176.34273681640627,2.6602740122402078,-78.95906066894531,13.909365004763112,0.25933132849814255,0.20983411575073221,2.6602740122402078,121.88583078491337,22.08285789224299,0.03144601474590067,0.8309696254689446,2.455311074886351,-0.37593120462114726,-0.9266475756144259
231,3386,1.0,alpha,76.48,47.91959581375122,20.0,3.8240000000000003,-90.0,4.166666666666667,0.9018867924528302,0.7966666666666666,3.8240000000000003,177.71140939597316,37.93659409908992,0.4185346810382362,0.9621853062898869,2.395979790687561,-1.2246467991473532e-16,-1.0
231,3401,0.9773441004934948,v_track,2729.92,358.42522039413456,113.174658203125,24.121301034551045,40.10090637207031,2.845343945290936,0.7560262318326835,0.6064378628651753,24.121301034551045,179.87842081650965,56.88802351461509,0.2670316027125474,0.7337126183801215,3.1670095239062768,0.985413283138646,0.17017832239716876
231,3400,0.9960166262556287,v_track,3547.2000000000003,426.78989534378053,127.5668212890625,27.806603348390674,-60.06848907470703,3.2733152011043156,0.8345881644330673,0.7135066666364394,27.806603348390674,157.38275025978524,38.68759737748941,0.24471877088589225,0.6787755198108226,3.3456183279560423,-0.864827570167287,-0.5020689931459086
231,3394,0.523121387283237,electron_positron,155.20000000000002,186.86458730697632,67.602978515625,2.2957568350946076,-69.44395446777344,8.11236014514043,0.3558327219369039,0.27549091269182285,2.2957568350946076,102.6965317919075,19.39691410995249,0.0558531368024244,0.747598035674092,2.764147252236623,-0.6575342547976938,-0.7534246503583762
231,3390,0.941747572815534,electron_positron,107.2,66.95878744125366,26.420159912109376,4.057507613754682,75.37912464141846,3.2983191440421407,0.6555772994129159,0.5065433019354999,4.057507613754682,134.14077669902912,27.150865590425653,0.3004619548968128,0.880623628271643,2.5343823680099633,0.48849561694759985,-0.8725663483214235
231,3387,0.9820971867007673,electron_positron,509.44000000000005,378.482074546814,152.40101318359376,3.342759928940172,-46.52077102661133,6.956143660318947,0.2124082721814543,0.1525758772984889,3.342759928940172,146.504,30.537321166074864,0.044690197578894246,0.8339596136632094,2.483461668925166,-0.9985913263174145,-0.05305999438020103
232,3408,0.9356321839080459,alpha,1058.88,149.44894571304323,38.359152221679686,27.60436398282927,-78.11134338378906,1.0230769925743954,0.8583657587548638,0.7362360232122273,27.60436398282927,215.35862068965517,41.620012183917716,0.5957593927803801,0.8765841692659304,3.8960440222810293,-0.4031829784034832,-0.9151193834280292
232,3416,0.8248587570621468,electron_positron,198.4,76.75289993286133,28.948962402343753,6.853440798414842,-59.0362434387207,2.153061247650266,0.7769423558897243,0.509720438026395,6.853440798414842,164.51977401129943,35.16058244883065,0.42321587049566156,0.8978506419497805,2.651317821555059,-0.8823529416562229,-0.470588234394582
232,3413,0.9126506024096386,electron_positron,466.88000000000005,418.7232871055603,166.4560302734375,2.8048247890632485,67.45154762268066,6.382537708875847,0.15404920282969065,0.10754732017565513,2.8048247890632485,105.03115264797508,18.16295984990907,0.0334626942237353,0.8275443266236283,2.515518881579256,0.7083017039397403,-0.7059098357411239
232,3415,0.7386363636363636,electron_positron,210.24,200.99007062911988,69.585302734375,3.021327661712419,-69.27444458007812,2.5282880328812434,0.1733051965180691,0.10977586171723348,3.021327661712419,112.70681818181818,32.82408966907239,0.06539973766916088,0.7942805167357416,2.888398307274033,-0.6619807405219523,-0.7495208463932191
232,3407,0.6652739090064995,alpha,1248.3200000000002,356.1429705619812,80.50465087890626,15.506184877165694,50.35581970214844,1.6225611083015716,0.4585096379877762,0.3125252050054585,15.506184877165694,171.37790157845868,61.705963995592946,0.12367645804891907,0.6077839997585817,4.423880691038404,0.9825750588516385,-0.18586622534150513
232,3405,0.9526627218934911,alpha,788.8000000000001,204.511687374115,90.98732299804688,8.669339574007825,-8.652542114257812,7.2493151504298385,0.8336151504903618,0.6907201206416959,8.669339574007825,197.54289940828403,47.329415836536064,0.23699571945315157,0.9377696144066626,2.2476943010896697,-0.29745959506484587,0.9547344077301593
232,3404,0.9451679982488782,alpha,5577.280000000001,755.5858534812928,204.12331542968752,27.323091378658088,-13.465208053588867,4.035528657043407,0.6878601310284947,0.5401789502854303,27.323091378658088,174.05570756265735,41.16939362860239,0.12276220369602686,0.5920223569819973,3.7016146435342536,-0.4529080662593089,0.8915572239162517
232,3412,0.5558620689655173,electron_positron,393.9200000000001,195.1391039848328,67.69185180664063,5.819311918445052,55.653900146484375,2.376884414571849,0.35081219720718154,0.20433525503179298,5.819311918445052,126.81517241379309,20.878341627346945,0.12999578838794762,0.797342726941091,2.882756177837189,0.9316417656402979,-0.363378068290628
232,3417,1.0,proton,6890.880000000001,2228.928473472595,859.2882812500001,8.0192877644926,-5.09211540222168,12.480234340046776,0.1725052270669946,0.11647149475324871,8.0192877644926,122.38222111553785,23.974101494675537,0.017429795303214906,0.786708940142832,2.5939239741873243,-0.1768138589872436,0.9842443087313429
232,3410,0.9422382671480144,electron_positron,297.6,160.68224983215333,41.63851013183594,7.147229789388196,50.90614318847656,1.7362459041416278,0.34662691017517705,0.29802575568851475,7.147229789388196,140.18592057761734,29.587411039537926,0.14484615892203176,0.7118230779101574,3.8589817292549817,0.9788235145867772,-0.2047059532402251
232,3403,0.6605293440736478,alpha,1426.5600000000002,670.7996494293213,216.06203613281252,6.602548164098107,-12.251179695129395,5.47363033625011,0.22532221379833206,0.16726634893575104,6.602548164098107,184.7192174913694,49.42343626116853,0.0398395342462801,0.6824823939672708,3.1046622601343223,-0.41473071371659836,0.9099441933987605
232,3402,0.9358024691358025,alpha,729.6,132.31757488250733,52.135571289062504,13.99428417029857,-30.963756561279297,2.3899369010349507,0.8759124087591241,0.641509344104614,13.99428417029857,220.85020576131686,37.69925103717919,0.5236723266186454,0.9146095430613086,2.5379519512480373,-0.882352941656223,0.47058823439458186
233,3438,0.9949494949494949,v_track,953.6,162.71757488250734,53.864270019531254,17.703757976376984,84.09385871887207,2.253731118399564,0.8359046283309958,0.7407416873840059,17.703757976376984,208.8926767676768,45.6465737360978,0.4525923203167552,0.8440858081301593,3.020881464159929,0.20470588807110723,-0.9788235282158982
233,3431,0.7053140096618358,electron_positron,1005.4400000000002,533.1996494293213,135.24757080078126,7.434070675332176,54.01932144165039,2.74545440916658,0.23738289513448171,0.15090771681001458,7.434070675332176,111.94256575415996,27.738802168656257,0.04444125478854987,0.5736957959108835,3.9423972369509004,0.9508478848686787,-0.3096583598754601
233,3437,0.9304825062885891,v_track,2691.5200000000004,286.61362066268924,111.11785888671875,24.222208985721387,2.101654052734375,3.415239066078049,0.8536486349335228,0.7444764975095287,24.222208985721387,218.20214955408187,47.37766221223448,0.4117312440429743,0.9172888288137226,2.579365941120977,0.07329577928303796,0.9973102469840026
233,3428,1.0,electron_positron,54.720000000000006,108.23717069625854,45.60581665039063,1.1998469497756776,51.709835052490234,8.789809921222282,0.2718600953895072,0.23125178755013504,1.1998469497756776,89.69444444444444,13.314715010185884,0.05869526801566271,0.8762282264499472,2.3733194282210373,0.9726962599535303,-0.232081851665343
233,3427,0.5325865580448065,electron_positron,489.6,378.7370830535889,109.40725097656251,4.475023324595583,13.92095947265625,4.0533564764826515,0.20429963947122445,0.16579216288915058,4.475023324595583,100.36863543788186,20.399187166114608,0.04289193242823178,0.6600901145420072,3.461718301785344,0.467033695790598,0.8842395190196914
233,3436,1.0,proton,3969.6000000000004,1625.5895447731018,618.03857421875,6.422900067391248,-7.469944953918457,23.08026876832146,0.26723970787823953,0.23985923534764808,6.422900067391248,120.83727769219998,27.886191469083364,0.018877079993297075,0.7758113777060882,2.630239620282563,-0.2578055316956173,0.9661968266492806
233,3425,0.5636942675159236,electron_positron,152.64000000000001,139.41362066268923,54.351965332031256,2.808362109217873,47.72631072998047,5.206185842752892,0.3233898305084746,0.2690032451451619,2.808362109217873,122.76114649681529,25.735863473939265,0.09868878651108606,0.8396219842364459,2.5650152632204555,0.9954751139975915,-0.09502261526332749
233,3424,0.9467084639498433,electron_positron,166.72000000000003,102.93523740768433,39.691470336914065,4.200398689814881,25.463348388671875,4.077738537504376,0.590702947845805,0.43153169849723205,4.200398689814881,118.82758620689654,18.960238649856162,0.19772856960609617,0.8534997235082781,2.5933843350709025,0.7763401841023747,0.6303141427477976
233,3423,0.7307086614173228,electron_positron,356.48,140.43128318786623,55.99091186523438,6.366747533207152,54.16234588623047,4.377464569295324,0.6293785310734463,0.49776313369112596,6.366747533207152,140.06614173228346,27.933250641716977,0.2271523869146684,0.8676394940455396,2.5081085217164,0.9492900735769796,-0.3144015842966008
234,3453,0.7465263993648273,proton,2897.6000000000004,901.687786769867,190.72315673828126,15.192701555250657,-38.258304595947266,1.8016955774393804,0.23696124355585796,0.14352018742544947,15.192701555250657,130.3717745136959,28.5604415620332,0.044785344830950154,0.5397262923371522,4.7277310327198645,-0.9724375518700359,0.23316347851456337
234,3442,0.9246515679442509,alpha,1336.0,354.20184564590454,115.2,11.597222222222223,-90.0,3.0638297872340425,0.44998922181504636,0.3084367612293144,11.597222222222223,193.8170731707317,55.33580244786059,0.1338180455106644,0.7386253154417192,3.0746687990095882,-1.2246467991473532e-16,-1.0
234,3441,0.9653499653499653,alpha,1776.9600000000003,189.83717069625857,62.187615966796876,28.574177870860208,-3.0127875804901123,1.6711866653041938,0.933591123066577,0.7678825484371012,28.574177870860208,223.76091476091477,41.938306631612754,0.6196194053546219,0.8910149444354031,3.052652328682549,-0.1049723783395005,0.9944751378419416
234,3440,0.9950248756218906,alpha,1859.2,197.5959581375122,71.57570190429688,25.97529539404192,25.40771484375,1.9643032363116006,0.9159703610279047,0.7128586300821633,25.97529539404192,197.9519071310116,44.89906877608787,0.5983838465769657,0.891851680702493,2.760656939162339,0.7751146653659237,0.6318205880902207
234,3445,0.9571865443425076,electron_positron,167.36,113.47249574661255,34.16739501953125,4.8982370445370895,81.86989784240723,1.7660817597259948,0.39923664122137403,0.2531854446095785,4.8982370445370895,120.25993883792049,19.476238577030433,0.1633353988153522,0.8091395846830203,3.3210754194678227,0.2799999934131037,-0.9600000019211781
234,3452,0.9979919678714859,proton,5384.0,1342.4561530113222,470.90214843750005,11.433373191998903,-76.9461441040039,13.263283786944367,0.38229947739150194,0.32202884142850796,11.433373191998903,146.31013417693902,33.67741606221231,0.037541765766087094,0.7227092465382987,2.850817643252902,-0.44006003693516504,-0.897968353502851
234,3439,0.9994454303460515,alpha,5575.040000000001,537.4311079025268,178.6616943359375,31.204450515941346,-69.84825134277344,2.8298593390747233,0.6840741322443851,0.49425371253444694,31.204450515941346,220.64374445430346,36.91915991172819,0.24255612726988768,0.7578222977781789,3.0080936481661,-0.6468363313150901,-0.7626288484517452
235,3465,0.9860299720599441,proton,4750.72,806.8191576004028,314.0830078125,15.125682962244381,19.334808349609375,8.725533209875508,0.5624550104186399,0.4202062694454969,15.125682962244381,138.38976377952756,32.18476949146559,0.09171004254796908,0.7981229867989751,2.5688086828372914,0.624828715067698,0.7807618566674793
235,3460,0.7569444444444444,electron_positron,71.68,54.23919162750244,22.50643768310547,3.184866526158728,-2.2025980949401855,4.159090989197651,0.6892307692307692,0.5885493678409736,3.184866526158728,118.65972222222221,12.061280562681945,0.3061832609928115,0.9430164210993136,2.4099412084311003,-0.07680945114543342,0.9970457904302777
235,3464,0.9928201703122391,proton,6269.4400000000005,1975.9985977172853,742.668017578125,8.44177997652967,25.864578247070312,17.41959626285054,0.2685491056130491,0.19800556298426242,8.44177997652967,121.99935561078891,23.536287419803937,0.02017740681805936,0.7630332176811025,2.6606754982678646,0.7850916600918273,0.619379597060041
235,3454,0.9446876243533625,alpha,1545.92,172.62539567947388,59.52598876953125,25.97050518531309,51.76617431640625,1.59083979202877,0.9040044910179641,0.6940651288943034,25.97050518531309,211.52725825706327,50.054631446567,0.6519097940021836,0.9015369476181375,2.900000474546225,0.9722379644741216,-0.23399431710025945
235,3459,0.8949494949494949,electron_positron,235.84000000000003,224.3273289680481,83.03148803710938,2.840368221446251,-76.2509536743164,3.4551084928066294,0.17661155044332613,0.11819347812038387,2.840368221446251,124.76565656565657,21.467702598833217,0.05889290261267464,0.8193539233141653,2.7017139433631394,-0.46171908481996876,-0.887026204073482
235,3455,0.991304347826087,electron_positron,775.0400000000001,683.0977161407471,232.05544433593752,3.339891473858313,87.31022953987122,4.346358206788304,0.10986618280789294,0.06255558777656428,3.339891473858313,147.609375,35.05007898863247,0.020872204177720097,0.7117018779693453,2.943683213705831,0.09375281374914914,-0.9955955051697036
235,3456,0.9911504424778761,electron_positron,45.120000000000005,77.33523740768433,31.526361083984376,1.4311832526374664,-54.46232223510742,5.380952625888706,0.3078602620087336,0.2442758699899477,1.4311832526374664,114.929203539823,15.506046102644344,0.09480344274232345,0.8689905006622372,2.453034056219422,-0.9459459456393514,-0.3243243252185585
236,3468,0.9566082307596668,alpha,4935.68,565.7762746810913,207.8438232421875,23.747061245350356,86.72951197624207,4.8446810081643505,0.7568575494381471,0.5535258869877864,23.747061245350356,193.4361556633097,55.59537704492181,0.19376145873062633,0.7799010857009178,2.722122148522198,0.11391375450494262,-0.9934906423991057
236,3476,1.0,electron_positron,64.64000000000001,59.15289993286133,25.283421325683594,2.5566160199346486,32.735225677490234,5.367346816477459,0.6755852842809364,0.5427368661381312,2.5566160199346486,86.67164179104478,15.03368164727744,0.23214489130129126,0.8987605279354417,2.3395923823320617,0.9097472838016349,0.4151624737564169
236,3474,0.9892857142857143,electron_positron,144.64000000000001,95.40386657714845,30.619781494140625,4.723743702340861,-19.536653518676758,2.0809919083172144,0.42521166509877706,0.3210366613300884,4.723743702340861,104.52857142857142,20.365041074330847,0.1996946015010162,0.8024501525241284,3.115759222364302,-0.6303141944357705,0.7763401421366705
236,3482,0.9976905311778291,proton,6864.32,2635.443150997162,1085.35283203125,6.324505540887887,27.52618408203125,28.76632139108451,0.21140446835979462,0.1676254519817178,6.324505540887887,108.31872477139797,28.37288899417125,0.012419384708702588,0.8293164328925314,2.4281902375146527,0.8196759491369584,0.572827494457473
236,3467,0.9413593330507277,alpha,4366.72,479.68980770111085,200.61503906250002,21.766663259176614,-34.73485565185547,6.2925496253236854,0.7888317243771317,0.6827394864121199,21.766663259176614,216.8188497951109,39.45673140854426,0.23847575239306892,0.8867932469623598,2.391095951443936,-0.9364869256307122,0.3507024923246722
236,3466,0.9992867332382311,alpha,1685.4400000000003,301.35474557876586,102.67894287109375,16.41466061951916,-72.25533294677734,3.389336261652474,0.6688253968253969,0.5418326572596366,16.41466061951916,218.14407988587732,34.25604162654295,0.23322069804761822,0.7728880137519171,2.9349225571702244,-0.5805513940081563,-0.8142236049852563
237,3486,1.0,alpha,568.96,106.87838325500489,30.400000000000002,18.71578947368421,0.0,1.1875,0.9328436516264428,0.7310855263157895,18.71578947368421,168.1030494216614,31.564696653429177,0.6259099387576149,0.9130051187708506,3.5157362912830554,0.0,1.0
237,3485,0.9865871833084948,alpha,1225.6000000000001,175.08224983215334,47.98166198730469,25.543091865477223,-82.05652618408203,1.2072321838469726,0.819777397260274,0.6426714144066711,25.543091865477223,209.53800298062592,39.90114674493511,0.5024286299214161,0.8382531661335328,3.6489409199389082,-0.27374012037582707,-0.9618036943662817
237,3493,0.9981024667931688,proton,4235.2,1873.063360309601,831.82509765625,5.091454936780698,-64.35487365722656,49.76016008107016,0.335998984513836,0.304573176997912,5.091454936780698,181.57427559984265,41.46914364329248,0.015169764924813265,0.8958137170751318,2.251751438598262,-0.7803240280574548,-0.6253754162390687
237,3484,0.975609756097561,alpha,1984.6400000000003,347.76045780181886,151.66722412109377,13.085490365508562,-46.29216384887695,8.480267651093586,0.808921351245598,0.7316574908545823,13.085490365508562,209.63079268292682,46.93911433175644,0.20622020129424845,0.9103498728588667,2.292917667723389,-0.9989829407055772,-0.04508973474347659
237,3483,1.0,alpha,312.32000000000005,129.94112491607666,52.382275390625004,5.9623221341755,-2.6025619506835938,5.301470074414472,0.7016534867002157,0.6034306859073099,5.9623221341755,202.1950354609929,32.9526456416777,0.23244296984604282,0.8972110456606341,2.480631548497654,-0.09072164073073966,0.995876289457241
238,3501,0.9906580016246954,alpha,1504.0,204.10966644287112,69.67857666015625,21.584826672557742,44.169681549072266,2.2391991233178503,0.8264462809917356,0.6936525870482767,21.584826672557742,176.03005686433792,37.49393547383394,0.4536600688017644,0.8278535863270261,2.929303040134939,0.999580005400848,0.028979523854624094
238,3502,0.6641509433962264,alpha,1397.4400000000003,362.8840954780579,154.81160888671877,9.026713242303149,71.09542274475098,9.263026461580711,0.6041781959048146,0.5401060309743243,9.026713242303149,192.70020964360586,50.41096786709984,0.13335434347626965,0.8881056222058212,2.344036717192141,0.6130332939126409,-0.7900570742387018
238,3498,0.9777898158179849,alpha,2272.0,262.0507913589478,99.04280395507813,22.939576721096152,41.26860427856445,2.9105663714877665,0.8576950954336796,0.6741242969137767,22.939576721096152,227.89653304442035,32.67516540663196,0.4157643425733814,0.856602451647215,2.6458337294025274,0.9915294175575894,0.12988230871796036
238,3499,0.9559788359788359,alpha,2891.84,350.3391039848328,148.218701171875,19.510628396659683,84.32964277267456,5.031046483852128,0.7598587404355504,0.6622570405534369,19.510628396659683,219.85650793650794,37.36277385774746,0.29607851565530313,0.9210278718597609,2.3636632976467533,0.1966429207501923,-0.9804751713933574
238,3497,0.6608946608946609,alpha,376.32000000000005,177.66660823822022,66.39998779296876,5.667470921430643,-90.0,4.368421126600793,0.56,0.37286000390191265,5.667470921430643,201.42568542568543,45.12770755987452,0.14981508365311422,0.8354090831037122,2.675702423201857,-1.2246467991473532e-16,-1.0
238,3513,1.0,v_track,4367.360000000001,673.5838325500489,139.1304443359375,31.390397844592435,83.17313718795776,1.125022406545949,0.4311483178012952,0.2538258329736124,31.390397844592435,217.29563160823596,36.72877091711437,0.12096104968340901,0.6267773989428942,4.841383464022055,0.23605340676413608,-0.9717400831266791
238,3496,0.9979647218453188,alpha,854.4000000000001,240.68224983215333,84.80000000000001,10.075471698113208,-90.0,4.416666666666667,0.6892101187403201,0.5247641509433962,10.075471698113208,211.80054274084122,27.539183378301217,0.18534589793727627,0.7605541481951054,2.8382340782093554,-1.2246467991473532e-16,-1.0
238,3494,0.5974278087842757,alpha,2478.7200000000003,448.21933288574223,166.09306640625002,14.923681365104395,-41.474388122558594,4.679583862550415,0.4741094381197209,0.4204667900776318,14.923681365104395,232.03300169861686,32.79173844295799,0.1550444287513179,0.8173802346172184,2.698603515389586,-0.9924368009783031,0.12275665384797647
239,3516,0.7226617031177291,alpha,1284.8000000000002,249.65281229019166,59.310455322265625,21.662285224738035,88.40885961055756,1.467033018876826,0.6719665271966527,0.5358125732865197,21.662285224738035,147.2857142857143,45.71245924690027,0.25904336121732435,0.6795741867734726,4.209254690993242,0.055512725786645595,-0.9984579797246035
239,3515,0.9772105742935278,alpha,1328.96,208.60184564590455,76.44520874023438,17.384477351823183,-70.20111846923828,2.7993386964600435,0.7195079695079695,0.6366002653489864,17.384477351823183,226.4134001823154,34.69769199170004,0.38378277629251506,0.8816369531618876,2.7287759309382844,-0.6373939069298818,-0.7705381284587163
239,3526,1.0,electron_positron,63.68000000000001,52.83330411911011,21.751036071777346,2.9276766306606796,15.255119323730469,3.690476054864883,0.621875,0.496735901047948,2.9276766306606796,85.13846153846154,10.11225748679736,0.2866799865159739,0.9110023337350025,2.429001724090881,0.5076923263580244,0.8615384505390211
239,3522,0.8840749414519906,electron_positron,488.6400000000001,162.75087900161745,50.28695983886719,9.717032041024805,11.768287658691406,1.8433014386181104,0.544385026737968,0.3561841717557047,9.717032041024805,97.75292740046838,16.890294445789156,0.23182068978368833,0.7689512686875377,3.2364429968149713,0.39933440184589974,0.9168053422086815
239,3528,0.9368285345938977,v_track,1391.0400000000002,289.39780378341675,115.37281494140626,12.056913066621975,-49.15964126586914,5.0684990221396955,0.6812411847672779,0.5296780885447983,12.056913066621975,216.70305113880534,39.50819168585922,0.20871757516975697,0.8536149590112265,2.5083708318150304,-0.9894771508669981,-0.14468921145727512
239,3527,0.9622448979591837,v_track,3581.76,496.0723204612732,198.94328613281252,18.003924985982458,81.27272129058838,4.8790509141016365,0.5272752967778406,0.4415432577183456,18.003924985982458,224.27959183673468,35.118667514538075,0.18290111611410895,0.8761152486922055,2.493536374633424,0.29994929047815344,-0.9539551473427104
239,3514,0.9874542603240982,alpha,2339.2000000000003,315.0782079696655,124.159033203125,18.840352889773662,46.7787971496582,3.8080566631017603,0.7667295993287183,0.5778486631714954,18.840352889773662,225.35703084161003,31.415068152450242,0.2961014170914768,0.8677473917148155,2.537698626037104,0.9980729275390681,-0.06205184375660516
239,3518,0.7421052631578947,electron_positron,967.3600000000001,357.4213538169861,122.48420410156251,7.897834721592968,-88.48258972167969,3.204073177067575,0.293495145631068,0.2066000311957464,7.897834721592968,131.91169590643275,20.448418433271215,0.09515617986784831,0.7743115961761636,2.918101615132482,-0.0529428470240153,-0.9985975440331264
240,3538,0.9651872399445215,proton,4231.68,1132.1520235061646,498.12065429687505,8.49529117794413,56.62589645385742,29.00463463438294,0.5866382752195901,0.4946649262652588,8.49529117794413,185.5976421636616,33.7364176397232,0.041487110556939585,0.8884622799020714,2.2728469774140567,0.9187788573179342,-0.3947726071367555
240,3531,0.9429928741092637,alpha,763.2,129.4253956794739,51.032421875000004,14.955198518098943,33.690067291259766,2.6744188538463542,0.9438068856351405,0.7837461639149155,14.955198518098943,192.2731591448931,38.03630761297672,0.5725444681851748,0.9206328295643708,2.5361405734670295,0.9230769199256637,0.3846153921784071
240,3530,0.9333026678932843,alpha,1299.8400000000001,272.26643295288085,111.84000244140626,11.62231734285767,36.86989974975586,4.722972710869296,0.7222617354196301,0.49080728227038406,11.62231734285767,210.2635694572217,47.89126356066885,0.22034924068667153,0.8695291603905666,2.4344279954350245,0.9600000205633031,0.27999992949723684
240,3529,0.9811607992388202,alpha,3227.2000000000003,391.7507037162781,156.9275634765625,20.564902229441614,-51.14662551879883,4.987898759146546,0.7588983369704266,0.6536496714773868,20.564902229441614,235.12978116079924,26.131321324919142,0.26425071697770014,0.8713873758011872,2.4963791894646152,-0.9770706608502645,-0.2129152970212036
241,3543,0.9919103920348475,alpha,2808.0,387.43312883377075,138.90689697265626,20.21497896215156,-74.21129608154297,4.180220857255005,0.6707689955664271,0.6083432754472333,20.21497896215156,211.0709943551889,38.64989706265641,0.23507879711119706,0.8231637394316325,2.7891568905324893,-0.5236500228148506,-0.851933479566337
241,3548,0.91,electron_positron,189.44000000000003,190.64692478179933,61.796417236328125,3.0655498890093313,-69.53772735595703,3.9316728537992494,0.2173274596182085,0.19503945082272298,3.0655498890093313,146.16,24.694724132899367,0.06549708027239144,0.7406295204810474,3.085080548484033,-0.6550645583004018,-0.7555729114114001
241,3544,0.9568965517241379,alpha,1443.2,324.6115997314453,114.00198974609376,12.65942816624787,3.1798324584960938,4.020344424708969,0.5808113329040566,0.4464418696685267,12.65942816624787,188.89052890528905,44.0465005095902,0.17211087572664183,0.7609270172580515,2.8474204744533247,0.11076931190052133,0.9938461448036537
241,3542,0.9996696399074991,alpha,1868.48,190.61362066268921,71.18922119140625,26.246670053830528,6.581947326660156,2.0025795334691203,0.9234540566186936,0.7383286878528583,26.246670053830528,226.98513379583744,32.55943882853042,0.646234970876667,0.9335152467685185,2.6775629438364965,0.22773731707926406,0.9737226065001976
241,3552,0.9856512141280354,proton,4831.04,1115.3227612495423,450.41411132812505,10.725774078780152,56.9337043762207,16.763280081558626,0.5149571920728587,0.3991863275418787,10.725774078780152,184.52673534461613,38.39030330366923,0.04880331995329462,0.8204107381503388,2.476216293403458,0.9144842618050136,-0.40462147114425256
241,3541,0.972910927456382,alpha,1298.88,268.805712223053,98.4688720703125,13.19076752572655,31.159305572509766,3.368736111627332,0.6443879980949357,0.45127169601644357,13.19076752572655,190.26675849403122,41.9327920738508,0.22589254940367634,0.8162455403878814,2.729854689826345,0.8855445717119611,0.46455442255077006
241,3540,1.0,alpha,1879.3600000000004,202.5429705619812,75.32890625,24.948722788604144,38.50065231323242,2.2537249479225396,0.9130907960199005,0.7464273911116391,24.948722788604144,209.5006570302234,40.12537430565388,0.575685767675088,0.9117974021056171,2.688781513563808,0.974375186674295,0.22492886785255614
241,3539,0.9911258047677048,alpha,3530.2400000000002,420.3565912246704,156.529296875,22.5532221154686,-50.52754211425781,4.545358837868869,0.738370925640854,0.6549092694566211,22.5532221154686,225.4303114668523,31.74821785550493,0.2510604901396761,0.8225832503843286,2.6854818849685094,-0.9814432858325378,-0.19175264455603092
242,3557,0.9934650455927052,alpha,4056.3200000000006,433.317399597168,173.95476074218752,23.318246552686972,66.80141067504883,4.475675499115018,0.7978850632592686,0.5999542888789344,23.318246552686972,225.12416413373862,35.575442244147446,0.2714749841406249,0.8567509169193847,2.4909775262740474,0.7241379024183762,-0.6896552024607038
242,3556,0.9831663326653307,alpha,1517.7600000000002,214.88813734054565,55.2,27.495652173913044,0.0,1.2105263157894737,0.826162689426929,0.602974828375286,27.495652173913044,229.31543086172346,29.320718125371677,0.41303616927402365,0.7780408755970644,3.892901038778001,0.0,1.0
242,3555,0.995244271508863,alpha,4281.6,435.2390163421631,176.39921875000002,24.272216341661093,83.829824924469,5.220101399251878,0.834008601882441,0.7182765966079392,24.272216341661093,230.66940481337372,33.22588738964238,0.2840274505497936,0.8751610439959528,2.4673522900291363,0.21371841088744262,-0.9768953070046689
242,3564,0.9929270946681176,v_track,4559.04,422.6526370048523,166.59774169921877,27.365557020761102,32.6722297668457,4.547452840711299,0.8188872284170594,0.7469703895289396,27.365557020761102,223.9387921653972,32.2233442414273,0.3207126576814008,0.8859484513896342,2.5369649834024988,0.9088321543048447,0.41716197729612775
242,3563,0.9716981132075472,v_track,1288.96,195.17240810394287,79.42512817382813,16.228617184967078,-26.565052032470703,3.964285518445653,0.938927738927739,0.8100065252644143,16.228617184967078,212.83349056603774,36.35245587568061,0.42521880531573036,0.9136018211265529,2.457313102180871,-0.8000000179153027,0.599999976112929
243,3568,0.9799231097821444,alpha,2831.0400000000004,465.3507037162781,154.53094482421875,18.320214137177185,69.19321060180664,4.1644502518077555,0.6864525139664804,0.49371095519751507,18.320214137177185,199.73814609141394,41.76466013514535,0.1642839436604812,0.7054622153367548,3.011375516053574,0.6641034181935412,-0.7476407225022287
243,3567,0.9728009259259259,alpha,1047.68,158.5803165435791,41.39091491699219,25.311834785509816,6.9529571533203125,1.1004119879328484,0.824269889224572,0.672936234688449,25.311834785509816,205.43344907407408,37.617457613062435,0.5235280511762853,0.8680246665944286,3.831283190081822,0.24032824255556356,0.9706916790774268
243,3566,0.9845653939886271,alpha,4535.04,531.4193328857422,195.19068603515626,23.233895490193543,78.0463228225708,4.517829616594568,0.6755004766444233,0.5377653170169889,23.233895490193543,218.37571080422418,36.17788287968053,0.20179773448825766,0.8027138952010396,2.722565014142258,0.40525893498302407,-0.914201944657976
243,3583,0.9963064295485636,v_track,4525.120000000001,440.2526370048523,167.27823486328126,27.051457134865405,29.898902893066406,4.098555740675467,0.7766366432337434,0.6627993475920883,27.051457134865405,198.44746922024623,40.79032054413285,0.2933837346676617,0.8407479293188557,2.6318584564493803,0.8642555375390469,0.5030530447508424
243,3565,0.9702992407324699,alpha,2740.4800000000005,382.9133577346802,165.34591064453127,16.574223029268733,46.332218170166016,8.30383005306244,0.8994853481777124,0.832373360551287,16.574223029268733,220.45734702992405,34.15750291223531,0.23487428306599215,0.9142093088979764,2.3158320410952653,0.9989189216510369,-0.046486427777680306
243,3582,0.9608266502159161,v_track,1993.92,227.641037273407,85.86500854492188,23.22156643071716,-26.565052032470703,2.8571428861561996,0.8944875107665805,0.7726934924628384,23.22156643071716,213.31955582973472,37.86835104878126,0.48352227037102635,0.907981000767652,2.65115023140436,-0.8000000179153027,0.599999976112929
243,3572,1.0,electron_positron,40.64000000000001,53.22152910232544,21.756060791015628,1.867985219860329,-37.405357360839844,5.439252774979681,0.5720720720720721,0.4670167034531442,1.867985219860329,134.247311827957,11.866330713480448,0.18029715223659484,0.8663031533775978,2.4462851806473984,-0.9650655088546605,0.26200870905199936
243,3569,1.0,electron_positron,27.200000000000003,46.31959581375122,20.82900085449219,1.3058715677249484,82.40535688400269,6.566666845058669,0.5862068965517241,0.4116963452826777,1.3058715677249484,146.64788732394368,12.109940732748361,0.15931227737277012,0.9337061493989767,2.2238030588856343,0.26200872511527995,-0.9650655044935891
244,3586,0.93428425878757,alpha,1120.3200000000002,380.4840954780579,96.75076293945312,11.579443571944743,88.58557677268982,2.4870560987112893,0.4183795411089866,0.29765890087410185,11.579443571944743,152.89607743250127,40.06607380179773,0.09724761024440273,0.6081682683491753,3.9326211382556826,0.04935262812506768,-0.9987814165757936
244,3592,1.0,electron_positron,81.60000000000001,113.86072072982789,43.29698486328125,1.8846577944784852,-2.43664813041687,3.5960451390279426,0.2229020979020979,0.15653086518532836,1.8846577944784852,143.13020833333331,25.598639367290623,0.07909557101535628,0.8398832619567013,2.6297609657893157,-0.08495254904714179,0.9963849980857765
244,3585,0.9728695652173913,alpha,3453.120000000001,631.5427952766419,199.16817626953127,17.337709591350304,82.12606191635132,5.75237460288136,0.6177935535581383,0.500747670604007,17.337709591350304,194.55252173913044,40.65888135169571,0.10879676068034354,0.6658632664823095,3.170902134595964,0.27140477350971953,-0.9624652975126624
244,3598,0.9889039855072463,v_track,2632.0,555.9074702262878,146.30654296875,17.98962607271895,26.378421783447266,3.654344686954231,0.560629813918615,0.44933256657684434,17.98962607271895,164.90602355072463,42.83938447582512,0.10702635349764554,0.5898242616037156,3.7996077205175,0.7960742948498946,0.6051989070373832
244,3584,0.9865236523652365,alpha,4507.2,434.193761920929,174.87044677734377,25.774509547281344,46.53160858154297,5.453413687641471,0.8940019041574103,0.8037896954444145,25.774509547281344,212.19265676567656,38.733939657494695,0.30043431429908335,0.8702637890800157,2.48294534566937,0.9985711821587426,-0.05343775970314628
244,3597,0.9954490291262136,v_track,2021.4400000000003,247.8920039176941,85.08934936523438,23.756674778687586,-15.524109840393066,2.3824940751839607,0.819644479045024,0.6651847420215552,23.756674778687586,192.70266990291262,47.598035700860144,0.4133764037680714,0.8392993439406597,2.9133141311687742,-0.5157592777391932,0.8567335451737289
245,3616,1.0,electron_positron,44.800000000000004,55.29015827178955,21.307481384277345,2.102547888792602,37.405357360839844,3.238636476964028,0.445859872611465,0.3195773430186842,2.102547888792602,143.96039603960395,12.485175995761402,0.18415868778302993,0.8641321494558786,2.594870659494642,0.9650655088546605,0.26200870905199936
245,3615,1.0,electron_positron,196.16000000000003,126.38620405197145,50.235162353515626,3.9048345981163544,-86.18592834472656,4.538461262752573,0.4547477744807122,0.3527796015924859,3.9048345981163544,153.6084656084656,26.338860827855488,0.1543195600199133,0.8556178201070876,2.5158912230155557,-0.13274325284525632,-0.9911504572082184
245,3601,0.5758651286601597,alpha,1307.2,372.9194205284119,141.35269775390626,9.247789541843929,87.06432628631592,6.515580699085249,0.5413464086933475,0.42627215472706176,9.247789541843929,209.29458740017748,41.50263455768864,0.11811958210159089,0.796209799666699,2.6382193368368614,0.10229509124750828,-0.9947540974063208
245,3617,0.9600532623169108,v_track,4467.84,914.6072072982788,194.2097900390625,23.005225427108275,7.810417175292969,1.2952100482404638,0.2601404855508561,0.1534248048424052,23.005225427108275,215.7928313494717,42.535920663731844,0.06711788106856197,0.6076890470274069,4.7093774578218675,0.2692700357210587,0.9630647163419391
245,3607,1.0,electron_positron,41.28,73.08427076339721,30.900051879882813,1.3359200871398846,20.772254943847656,6.6555557007131645,0.3412698412698413,0.2877435476880114,1.3359200871398846,149.95283018867923,17.120759811361783,0.09711844425488622,0.889633844037452,2.3651827850482685,0.6632016700413695,0.7484407423800086
245,3599,0.9988747186796699,alpha,1617.2800000000002,245.98418312072755,78.4,20.62857142857143,0.0,2.227272727272727,0.7648305084745762,0.586038961038961,20.62857142857143,205.3225806451613,32.158521582459606,0.33587734729059654,0.7566319124159534,3.137553356131729,0.0,1.0
246,3621,0.9948838200810062,alpha,2895.3600000000006,291.44692478179934,96.21226806640625,30.093459578373167,-3.5763344764709473,2.362745130367972,0.8557646836281093,0.7390239987446381,30.093459578373167,232.27243658068642,28.288694374007978,0.4283447810856991,0.8120594566756331,3.0292075079307037,-0.12451362219157457,0.9922178983916455
246,3620,0.9933712121212122,alpha,631.6800000000001,125.36854152679444,42.02805786132813,15.029959321085753,7.594642639160156,1.8109336744871416,0.8378607809847198,0.6476211570502003,15.029959321085753,191.71875,40.91023373430022,0.5050447298623715,0.8573055517944599,2.9829725166089953,0.26200870905199936,0.9650655088546605
246,3631,0.966129927817879,v_track,1066.5600000000002,253.03312883377077,109.4579345703125,9.744017226223777,32.55000305175781,7.203965606239242,0.8105544747081712,0.6413017497532557,9.744017226223777,212.13770127706832,37.36846151032556,0.20933429521101296,0.9071025971999497,2.311692887565221,0.9070440591429076,0.42103571674331564
246,3630,0.9329877823028508,v_track,1586.2400000000002,415.70360364913944,179.98747558593752,8.813057657684785,-27.095552444458008,10.290719659297196,0.6448549499154417,0.5038834252284073,8.813057657684785,206.02554609403924,39.10152174890594,0.11534829582966032,0.8889435165207383,2.309625168617113,-0.8109729951355656,0.5850835847644761
246,3629,0.9863826232247285,v_track,7346.880000000001,871.0132700920105,222.78007812500002,32.97817319140057,56.24452590942383,1.7147707590389316,0.41017990817001054,0.2538378096959171,32.97817319140057,214.57736006683376,35.72998720045763,0.1216923469949818,0.6524416677931832,3.909744881242444,0.9239526394866078,-0.38250688880820266
246,3619,0.9658634538152611,alpha,889.9200000000001,179.57442903518677,68.96658325195312,12.903640546449683,-34.6241569519043,2.422907295341845,0.7314571278274592,0.45332570271380473,12.903640546449683,225.85542168674698,31.698765923938286,0.3467942137759189,0.8794046572163504,2.603788973844826,-0.9351247832292163,0.3543185569378369
247,3634,0.9969918349806618,alpha,1381.1200000000001,297.9606330871582,79.57783203125001,17.3555871622343,2.04541015625,1.9167813441973218,0.5245503159941662,0.4180418697143877,17.3555871622343,227.58487322733134,28.630156413628672,0.19548952961837732,0.6970076369523915,3.744266782364087,0.07133763767148948,0.9974522251473759
247,3636,1.0,electron_positron,260.48,265.68611640930175,114.39151611328126,2.2770919457177943,-66.68228912353516,13.87250180189099,0.3287560581583199,0.2761477703360378,2.2770919457177943,139.85945945945946,20.203248237534858,0.04637100685780145,0.8781656644134985,2.322603331406101,-0.7269993076056633,-0.6866381920202852
247,3643,0.9074438755415518,v_track,1515.2,312.89587049484254,124.446826171875,12.175481260625638,35.24757385253906,5.395013915942337,0.6695418552036199,0.527830984967423,12.175481260625638,212.61677825915714,40.08186839192229,0.19448233615587138,0.8532673994339439,2.514293695708224,0.9426132181020672,0.3338866889519027
247,3642,0.9520046824700029,v_track,2048.9600000000005,398.53892869949345,165.4592041015625,12.383475498542246,-29.28142547607422,7.981125344303853,0.6590838908903757,0.5973319567723461,12.383475498542246,217.1916886157448,37.89435680954331,0.16210702888359704,0.8741863238204648,2.408683946375455,-0.8532128092061275,0.5215629417496878
247,3641,0.9964447317388494,v_track,5098.560000000001,770.6956952095032,193.71419677734377,26.32001208388622,46.11601257324219,1.8817696552435623,0.3909075296253588,0.25567666639337217,26.32001208388622,200.0183267880519,40.31474582741056,0.10786772817903044,0.6299893182695167,3.9785194272330253,0.999241303672401,-0.038946335322855394
247,3633,0.9971214738054116,alpha,1047.68,175.63128318786622,67.88104248046875,15.434058784548668,-25.30137825012207,2.5316333812497653,0.7919690372520561,0.5756154737661413,15.434058784548668,210.60564191134142,35.619954437388344,0.4268101793240469,0.8885889596117691,2.5873392153398376,-0.7727641094912877,0.6346933362515611
248,3646,0.8176706827309237,alpha,751.3600000000001,123.26660823822021,40.800000000000004,18.415686274509806,0.0,1.4166666666666667,0.9407051282051282,0.6394335511982571,18.415686274509806,180.61927710843375,56.90781340718216,0.6213939812626209,0.9295991122376199,3.0212403979955935,0.0,1.0
248,3645,0.9493686868686869,alpha,4891.2,493.099737071991,188.7877197265625,25.908464846571306,-13.706961631774902,5.0476434795749086,0.7933665524758642,0.6927182225517978,25.908464846571306,220.20315656565657,42.168442472317366,0.2527875865062248,0.8347711094036324,2.6119269716599667,-0.46041551636204614,0.8877035272505513
248,3655,0.7784810126582279,electron_positron,162.24,110.66072072982789,46.29638671875,3.5043771555133683,18.034286499023438,4.535529005654836,0.49803536345776034,0.34331414095320595,3.5043771555133683,79.8006329113924,7.7071477332215474,0.1664871859893937,0.8970115586168675,2.3902668992742444,0.5887530825285106,0.8083129392835282
248,3658,1.0,proton,8813.44,3079.9743465423585,1172.02265625,7.519854631649746,-26.95699691772461,20.467320046173572,0.16357826717031335,0.13132107184611094,7.519854631649746,117.68512402046501,24.69599249671498,0.011675113676744054,0.7715064585100927,2.627913658595163,-0.8081337642339428,0.5889989975416582
248,3653,0.9566666666666667,electron_positron,647.0400000000001,607.8506160736084,246.14897460937502,2.6286520227306136,18.099891662597656,6.453494378462454,0.11795589779488974,0.06891757757084668,2.6286520227306136,83.37685459940653,15.173246745923791,0.022006312263728036,0.8317634840777851,2.4694419996598977,0.5906026159429697,0.8069625456248394
248,3654,0.6228070175438597,electron_positron,571.2,244.1429705619812,93.383056640625,6.116741307774963,51.76617431640625,4.622055276438458,0.38288288288288286,0.3027520992915436,6.116741307774963,90.10428849902533,20.866134204914683,0.1204230475917003,0.8311296677210244,2.614424707701956,0.9722379644741216,-0.23399431710025945
248,3649,0.8619528619528619,electron_positron,143.68000000000004,134.61362066268921,56.74721069335938,2.5319306137599042,49.08561706542969,6.672985962271193,0.3680327868852459,0.2977333552896841,2.5319306137599042,149.12794612794613,30.930634789943785,0.09963872747262417,0.8833125956488234,2.372162772723591,0.9898477143198016,-0.1421319895585241
248,3648,0.6991525423728814,electron_positron,117.12,91.15289993286133,35.854705810546875,3.2665168309803416,-17.52556800842285,3.8826083723696927,0.4552238805970149,0.3537222049307716,3.2665168309803416,109.38559322033898,10.507848361603997,0.1771331916915447,0.8732711883746893,2.542285534693975,-0.5743072943471101,0.8186398058118735
248,3644,0.9270045385779122,alpha,1551.3600000000001,397.4546579360962,143.70045166015626,10.795790702654728,-66.4599609375,3.4644603723504246,0.4189060744837121,0.26027468004059706,10.795790702654728,210.50340393343419,39.20771216745092,0.12340912453768069,0.8005176999885965,2.76585531460997,-0.7323061662911567,-0.6809755346647548
249,3670,0.6683417085427136,electron_positron,96.32000000000001,87.5979790687561,32.478057861328125,2.9656945748190497,-50.71059036254883,3.3941175466916365,0.40511440107671604,0.3099297389486793,2.9656945748190497,139.65829145728642,34.28250677018407,0.1577386661833893,0.8227498954758089,2.697143389631672,-0.9801980389829769,-0.1980197070342407
249,3661,0.9995188838104402,alpha,2561.6000000000004,266.476362323761,91.84231567382812,27.891282805818534,-29.98164176940918,2.073405506067463,0.8277323958225623,0.6296655187380955,27.891282805818534,217.98267981717586,45.55444327008127,0.4533188687085311,0.8588282702577451,2.901455177481958,-0.8657048144191992,0.5005548664146817
249,3672,0.9434052757793765,proton,2542.4,368.4134453773499,154.3564208984375,16.470970143009684,-43.04193115234375,6.681446923694379,0.8371970495258166,0.7129597340475003,16.470970143009684,190.3505995203837,40.38932660341718,0.2353871771967276,0.8871026150017489,2.386771105685045,-0.9976650823536296,0.06829629164402347
249,3660,0.8745837957824639,alpha,3294.0800000000004,471.7840078353882,180.95908203125,18.203452200487742,-64.77235412597656,5.647122462961654,0.7222339156668771,0.5680683316412434,18.203452200487742,179.37402885682576,49.258215113139755,0.1859762881110207,0.8155649186557629,2.607130863727057,-0.7711280127469923,-0.6366801300157517
249,3671,0.9359861591695502,proton,10936.320000000002,1908.7514976501466,761.354638671875,14.36429154628594,-54.55961990356445,24.252983153419624,0.5022115766116589,0.4575750946899039,14.36429154628594,112.84272144908329,21.644646595320125,0.03772092132246138,0.810709343062489,2.5070465203703463,-0.9448389797731405,-0.327535192462201
249,3662,0.9676113360323887,electron_positron,115.2,124.15676651000977,52.8442626953125,2.179990676834984,-40.60129165649414,8.458333926110875,0.43636363636363634,0.34893265910046234,2.179990676834984,139.21862348178138,16.85736715074436,0.09391210088992501,0.8743601958369595,2.349484318210063,-0.9882352781630185,0.15294127956199863
249,3659,1.0,alpha,549.1200000000001,110.90193328857423,40.800000000000004,13.458823529411767,-90.0,2.3181818181818183,0.9402739726027397,0.7647058823529411,13.458823529411767,183.18594594594595,45.514476666961166,0.5610465444210375,0.9565012141601681,2.718184639425839,-1.2246467991473532e-16,-1.0
250,3675,0.9968298696724198,alpha,1711.68,286.4528122901917,62.400000000000006,27.430769230769233,-90.0,1.1142857142857143,0.721764944002159,0.4898351648351648,27.430769230769233,222.8097921803452,37.54081628784969,0.2621357533716723,0.6926828853077805,4.590589940547943,-1.2246467991473532e-16,-1.0
250,3692,0.9956860793097727,proton,3725.120000000001,379.499737071991,152.25872802734375,24.465723891578918,-41.74277877807617,4.402549221680508,0.8669844343487004,0.7074244942948514,24.465723891578918,172.7177700348432,39.03832555653548,0.32503278787010176,0.872579286020224,2.4924662250156038,-0.9935432891819097,0.11345365803530552
250,3674,0.8607635547000321,alpha,1891.2,291.39982471466067,121.96129150390625,15.50655930811808,68.34400939941406,5.7613641958138135,0.8430813124108416,0.7325187729353745,15.50655930811808,203.19987167147897,53.40973177400249,0.27987799293739796,0.8950008406771792,2.389281231130022,0.6859705235183131,-0.7276293293044278
250,3682,0.9548872180451128,electron_positron,66.24000000000001,53.22152910232544,21.61444854736328,3.0646167009465777,38.65980911254883,3.9318179326378684,0.6854304635761589,0.5574750091374948,3.0646167009465777,105.06766917293233,18.351700045697314,0.2938701615194892,0.9002467872290322,2.4623126047237447,0.9756097626754329,0.21951216588696298
250,3681,0.9463327370304114,electron_positron,313.6,120.729349899292,38.830255126953126,8.076176655927297,-28.495637893676758,1.9604462469957122,0.5664739884393064,0.40774674705129604,8.076176655927297,130.91592128801432,25.12825948029441,0.27037105390356797,0.8046398307151277,3.109156751728126,-0.8385876280879803,0.5447667299108631
250,3691,0.9847611527832609,proton,13143.680000000002,1853.5555395126344,712.2168945312501,18.45460294598964,-53.981834411621094,19.267398237990715,0.5492057549339466,0.49924705102425454,18.45460294598964,117.41333519060223,21.923400450366053,0.04807459494906354,0.7831546760334079,2.602515545117142,-0.951252272341776,-0.30841386863208287
250,3678,0.6749049429657795,electron_positron,291.84000000000003,122.329349899292,36.116766357421874,8.080457622143348,49.96974182128906,2.0303030407002716,0.5721455457967378,0.4542427059535465,8.080457622143348,116.37072243346007,20.932841604832234,0.2450718025859684,0.7482647120282266,3.387051561833794,0.9849906125503921,-0.17260791751134533
250,3679,1.0,electron_positron,136.64000000000001,315.04490385055544,119.123388671875,1.1470459455814714,18.816070556640625,5.673791473982033,0.06065340909090909,0.0546332637013236,1.1470459455814714,106.58762886597938,24.69337845938761,0.017299868405330127,0.8394854029272614,2.6446939376308847,0.6105895172124005,0.791947246646093
250,3689,0.9460539460539461,proton,590.4,134.93523740768433,45.6,12.947368421052634,0.0,1.9655172413793103,0.8482758620689655,0.558076225045372,12.947368421052634,144.23676323676324,20.688858312015057,0.40747921220286637,0.8456098570433512,2.9591060835018492,0.0,1.0
251,3706,0.9552238805970149,electron_positron,203.52,267.17240810394287,85.17024536132813,2.3895669096241567,-9.162346839904785,3.9008169487692377,0.1733442354865086,0.10944271748584622,2.3895669096241567,114.69509594882729,25.450625250285185,0.03582892254695419,0.7276432936109447,3.13692190236725,-0.31440161589800547,0.9492900631107033
251,3696,0.9903237811685895,alpha,1657.28,171.9626540184021,60.0,27.621333333333332,-90.0,1.6304347826086956,0.9513225569434239,0.7505797101449275,27.621333333333332,191.54633420171197,47.78743554199049,0.704267220218032,0.9066190735882583,2.866044233640035,-1.2246467991473532e-16,-1.0
251,3695,0.9615635179153095,alpha,930.5600000000001,145.894024848938,52.608740234375006,17.688315588898366,45.0,1.8599998489456948,0.8555457487496323,0.6253763951936911,17.688315588898366,180.2612377850163,55.8291148148401,0.5493880813690429,0.892242310421179,2.773189857787349,1.0,6.123233995736766e-17
251,3694,0.9935938500960922,alpha,2872.32,338.2351497650147,133.60853271484376,21.498028169580287,-86.29157257080078,3.956873620362919,0.7913948157291483,0.6366732634927031,21.498028169580287,128.73692077727952,40.07877116396634,0.31550424749071815,0.8839662253540522,2.5315385394351924,-0.1290873136572671,-0.9916332313172801
251,3704,0.8501577287066246,electron_positron,339.20000000000005,191.97240810394288,74.745654296875,4.538056468845192,41.987213134765625,5.441558467526483,0.42349180982820617,0.33037505439550763,4.538056468845192,114.08517350157729,33.470958281975506,0.1156613034170548,0.8231472266723292,2.56834206496429,0.9944751404628008,0.10497235351030533
251,3693,0.9735344336937962,alpha,2156.4800000000005,259.0920039176941,90.35020141601564,23.868015413386104,-79.76519775390625,2.1095224787832554,0.7604378244188671,0.5572772860421987,23.868015413386104,206.63801935116678,45.49685723638258,0.40368933747314223,0.8459821067118588,2.867641685984853,-0.3497104258244166,-0.9368578430422116
251,3701,0.9807692307692307,electron_positron,106.56000000000002,71.75878744125366,28.36227722167969,3.757103111542369,-12.994616508483887,3.638461375840345,0.6594059405940594,0.48198085257933004,3.757103111542369,120.64903846153847,15.067696567314963,0.2600482244225573,0.8624264420570473,2.530078487012402,-0.4382022382978294,0.8988764088298081
251,3707,0.9234792182769062,proton,10957.440000000002,1870.2734649658205,702.275537109375,15.602764756838523,18.566062927246094,10.948645264721046,0.34046572672857794,0.24325087155201724,15.602764756838523,126.81200110101844,21.388680162014204,0.039364862682456224,0.7662117339989616,2.663161915996708,0.603655099754519,0.7972455835815974
251,3698,0.9467680608365019,electron_positron,114.24000000000001,157.7900706291199,65.4398193359375,1.7457260909224879,-49.763641357421875,11.608333536339448,0.33209302325581397,0.309673390485499,1.7457260909224879,108.91254752851711,16.033352665385003,0.05765921392704746,0.8615580728249667,2.41122411752238,-0.9862068984774369,-0.16551722990527146
251,3697,0.94375,electron_positron,170.24,94.0783832550049,32.404595947265626,5.2535757667537055,72.64597511291504,2.5241634963092,0.49396471680594245,0.40922849947318357,5.2535757667537055,126.575,18.332535967508694,0.24170842241743432,0.831434013217626,2.903241978641102,0.5693950249910911,-0.8220640519542226
252,3720,0.5211009174311927,electron_positron,291.52000000000004,157.83717069625857,36.614889526367186,7.961788326305615,41.76029968261719,1.8141499701937576,0.5422619047619047,0.3944809950731924,7.961788326305615,94.07889908256881,18.417762036170654,0.14704817691350228,0.6010299495047889,4.310737318559886,0.9936124910446338,0.11284599080196621
252,3718,0.5634146341463414,electron_positron,215.68000000000004,135.08224983215334,50.31496276855469,4.286597626875189,43.53120040893555,3.830022052491574,0.46291208791208793,0.32629982290974924,4.286597626875189,92.11463414634146,12.545100316032586,0.14853307367743102,0.8104221328528205,2.684733176759411,0.998685941562734,0.05124831826465465
252,3711,0.8837852794687328,electron_positron,802.5600000000001,1019.7247821807862,329.7000732421875,2.4342123800817728,46.5966796875,5.161567055291905,0.06516824736910484,0.03810842473603089,2.4342123800817728,112.92695074709462,25.624446570331234,0.009698876436955647,0.6815323103442275,3.092886125723508,0.9984472272313918,-0.05570578456449061
252,3713,1.0,electron_positron,81.60000000000001,64.147012424469,26.870806884765628,3.036752872734277,55.00798034667969,4.999999858035631,0.6854838709677419,0.5650654257490532,3.036752872734277,120.20858895705521,23.491926295568945,0.24919949275000908,0.9034711462254242,2.3872380423692103,0.9395973089217928,-0.34228189707743095
252,3712,0.9865771812080537,electron_positron,363.84000000000003,337.7194205284119,113.53986816406251,3.2045131448828137,57.20912170410156,3.4610683644081206,0.1302405498281787,0.09768409324782364,3.2045131448828137,92.48284960422163,22.512127398502482,0.040087431994157055,0.7577968255174484,2.9744566907583074,0.9105520790790801,-0.41339437742277607
252,3709,0.7716186252771619,electron_positron,483.20000000000005,256.79595813751223,90.41727905273439,5.344111270127712,75.9637565612793,4.31481469615062,0.3565525383707202,0.2550270267783939,5.344111270127712,99.70953436807095,21.219575794551247,0.0920789635031088,0.7610778708332876,2.8401203932241783,0.47058823439458175,-0.882352941656223
252,3721,0.9988882712618121,proton,5464.960000000001,835.3641490936279,329.0012939453125,16.610755339182347,29.50072479248047,11.30699035099376,0.6858909996385397,0.5708720719319493,16.610755339182347,173.48160088938297,33.37224768430728,0.09841134914676268,0.8162237889648132,2.5390907709696866,0.8571803309067076,0.5150163883864931
252,3708,0.9998010346199762,alpha,3121.92,268.99982471466063,105.3756103515625,29.626589963127163,-56.976131439208984,2.9200746697931868,0.9604252805670408,0.820985564069797,29.626589963127163,231.72244329486668,33.95284119873982,0.5421602088967207,0.907020133881057,2.5527712135398506,-0.9138840212718674,-0.40597536337068657
253,3727,0.9670560747663551,alpha,2619.5200000000004,351.282074546814,146.40216064453125,17.892632106436405,36.59663009643555,5.340291930695736,0.8470612582781457,0.6526671357597826,17.892632106436405,186.3908878504673,38.50394762085178,0.2667593219561244,0.8947798901374436,2.3994323102904005,0.9572854915709544,0.2891444061844466
253,3726,0.9881853983641321,alpha,2031.6800000000003,221.01362066268922,79.00263671875001,25.716610032052433,81.362868309021,2.2385815632274557,0.8432726789746314,0.7286937686827836,25.716610032052433,225.86246591941836,36.888188226523035,0.522669419317968,0.9038735553979647,2.797547396417912,0.2969459763070161,-0.9548942806170079
253,3730,1.0,electron_positron,30.400000000000002,38.045079135894774,15.446154785156251,1.9681273703934647,22.61986541748047,3.43835610389531,0.5828220858895705,0.43811051043842947,1.9681273703934647,126.87142857142857,10.174086731315372,0.2639286060621465,0.9067991658489178,2.463077682767758,0.7100591831360904,0.7041420001989002
253,3725,0.9933274021352313,alpha,1361.6000000000001,218.041037273407,84.10172119140626,16.189918359710482,63.88608932495117,3.2486398208951144,0.7655631522130263,0.6253761841650716,16.189918359710482,190.4924377224199,39.033541737003304,0.3599008960772632,0.8709866275950263,2.5925870979164576,0.7904525310404151,-0.6125233025541162
253,3738,0.9951294747950321,proton,7560.640000000001,939.4169613838196,334.57016601562503,22.598069905751565,29.684547424316406,9.558010853201402,0.7125580553712528,0.6455823601752052,22.598069905751565,185.86257001379983,37.67327888735768,0.10765931921776181,0.7502387466686685,2.8078324274135884,0.860467326568422,0.5095056230388362
253,3724,1.0,alpha,3055.6800000000003,266.1076455116272,104.727392578125,29.177466609039374,-56.30992889404297,2.843373430086982,0.9447907390917186,0.7921751059686126,29.177466609039374,213.83855225701504,37.632925075174846,0.5422543328211792,0.9109717799875783,2.5409555127911263,-0.9230769711402929,-0.3846152692632769
253,3723,0.9994432071269488,alpha,2211.52,234.3626540184021,85.57714233398438,25.842414687896884,-83.75808715820312,2.613662105311821,0.8774758760792281,0.7892684674595274,25.842414687896884,232.92260579064586,27.644661443941953,0.5059690131388624,0.9139385122631762,2.7386127606802786,-0.21616400176258427,-0.9763570680555272
362,5372,0.8784119106699751,electron_positron,215.36,117.72346239089967,48.90473022460938,4.403664001639428,74.93151187896729,5.816254176493064,0.6540330417881438,0.5237290753629152,4.403664001639428,128.0818858560794,20.83578103007841,0.19527599216972877,0.8759155746421158,2.4071999140005476,0.5020689643562195,-0.8648275868809189
362,5371,1.0,electron_positron,108.80000000000001,174.76063308715823,74.7790283203125,1.4549533798963026,34.045936584472656,7.427045881503547,0.17552916881775943,0.14450582938376086,1.4549533798963026,99.43129770992365,19.11818040452783,0.04476633504272849,0.8949395900477833,2.33702733256414,0.9277833399936928,0.3731193830801983
362,5368,0.9801324503311258,electron_positron,75.84000000000002,58.68427076339722,24.61298522949219,3.0813003499114653,-51.34019088745117,4.191489559354648,0.688953488372093,0.5247327020866291,3.0813003499114653,83.58278145695364,8.06460471549228,0.27673542947725105,0.9023498640273638,2.3842809076681832,-0.9756097626754329,-0.21951216588696287
362,5364,0.6496350364963503,electron_positron,461.76000000000005,178.75087900161745,53.70760498046875,8.597665082401704,-3.7517294883728027,2.155462323303892,0.47095300261096606,0.34505249601507326,8.597665082401704,115.09245742092457,14.664246091286204,0.18160583622065982,0.7647148765206414,3.328222866512513,-0.13058604603683957,0.9914369796313149
362,5366,0.9080779944289693,electron_positron,365.44000000000005,272.0390163421631,91.77943115234376,3.9817200369591514,-75.0685806274414,2.3746666504535385,0.181068653876645,0.10302153395911595,3.9817200369591514,104.52367688022284,13.667617091288818,0.062053110299534635,0.7913975892992077,2.9640521076079485,-0.4979253776321421,-0.867219878871494
362,5365,0.9883720930232558,electron_positron,102.08000000000001,187.48022890090942,80.18092041015626,1.2731208307141093,49.48460388183594,12.31069582460257,0.22464788732394367,0.19547048368506248,1.2731208307141093,124.12015503875969,16.69183470180546,0.036495521614596106,0.87798430802247,2.3382149761049877,0.9877722698901715,-0.15590363317132183
363,5384,0.8760504201680672,electron_positron,245.44000000000003,164.62539567947388,67.47931518554688,3.6372627571147884,68.79077339172363,7.41982748908185,0.4888463989802422,0.39994273972766053,3.6372627571147884,130.39705882352942,21.172955036152157,0.11380505229467645,0.8537917451376539,2.4396423589481584,0.6745401864658207,-0.7382381301738998
363,5383,0.9504132231404959,electron_positron,120.64000000000001,176.82926225662231,75.89371337890626,1.5895914777248263,34.408470153808594,7.474621369432182,0.18746892093485829,0.15655571323476197,1.5895914777248263,99.25886524822695,17.929343478710692,0.04848338375210273,0.8965106923918263,2.3299592862690246,0.9324306798823889,0.3613488995611665
363,5380,0.8701067615658363,electron_positron,304.64000000000004,154.55676651000977,56.56168823242188,5.385977850381356,62.152421951293945,3.877401444339378,0.47128712871287126,0.36921808646223936,5.385977850381356,94.59786476868327,10.537267994746115,0.16025837848796345,0.7965169945035964,2.7325345360079947,0.8260506498968785,-0.5635958869659577
363,5375,0.7738562091503268,electron_positron,392.96000000000004,275.788049697876,91.98555908203126,4.2719749047735265,-75.0685806274414,2.3548812736025617,0.18892307692307692,0.10936492428751693,4.2719749047735265,104.6954248366013,12.380779642578101,0.06492430688187502,0.7845871329374826,2.998166804116857,-0.4979253776321421,-0.867219878871494
363,5376,0.9473684210526315,electron_positron,68.16000000000001,47.758787441253666,19.870831298828126,3.4301534231242616,49.398704528808594,3.5781253906798454,0.7447552447552448,0.6176651028149049,3.4301534231242616,128.10526315789474,13.5808706454018,0.37551981825309727,0.9222475508124176,2.4034619751449564,0.988235298528373,-0.15294114797051026
364,5393,0.8961038961038961,electron_positron,494.7200000000001,310.59982471466066,117.33720703125,4.216224439944638,61.064186096191406,3.475051051515711,0.21796137036514873,0.12486742734172754,4.216224439944638,116.20274551214361,21.1820457749458,0.06444168969446115,0.8191217947976047,2.647070205377734,0.8468586752391747,-0.5318179991050981
364,5391,0.6645161290322581,electron_positron,152.32000000000002,126.19209156036378,44.25254516601563,3.4420619069155,-12.094757080078125,4.327869527663352,0.3866774979691308,0.3366313685096378,3.4420619069155,106.50967741935484,24.11835540906292,0.12019946035787438,0.7752548373313339,2.851634659361351,-0.40975609765860277,0.9121951219073656
364,5390,1.0,electron_positron,402.24,234.86458730697632,74.07764282226563,5.429978393954757,-51.23448181152344,2.090133387017987,0.21590518722088628,0.15320923695185187,5.429978393954757,92.22047244094487,17.6136340887832,0.09163471674825738,0.7733753462125754,3.1705191790522624,-0.9764131063972243,-0.21591073538785122
364,5392,0.7170542635658915,electron_positron,1099.2,647.2406867027283,195.70400390625002,5.616645434227092,44.118595123291016,8.220029913606627,0.2831588492292474,0.23591236030912052,5.616645434227092,105.87936046511628,19.835038695604077,0.03297273435940383,0.6286299193286906,3.3072429474298457,0.9995267382882416,0.030761980542041722
364,5389,0.8932038834951457,electron_positron,47.040000000000006,51.896045780181886,19.768505859375,2.3795425073914624,78.69006824493408,3.705882441279315,0.5231316725978647,0.44607846739402357,2.3795425073914624,105.28155339805825,22.086949745115668,0.21948691838760107,0.8511786202137271,2.6251880718426044,0.38461536144962505,-0.9230769327293226
364,5388,0.7993197278911565,electron_positron,641.2800000000001,405.68207454681396,92.32991943359376,6.945527559581881,38.65980911254883,1.747044975684886,0.15685660613650595,0.13142163559641845,6.945527559581881,118.93131643499592,25.805902184493224,0.04896501847666047,0.6353579649183124,4.393831133347753,0.9756097626754329,0.21951216588696298
364,5387,0.7382920110192838,electron_positron,398.72,187.72144145965578,54.258337402343756,7.348548058952814,31.122467041015625,1.9385964414922268,0.412173337743963,0.26255631483107644,7.348548058952814,125.1625344352617,24.835292717734117,0.1421838022661517,0.7492922576217971,3.4597713539882062,0.8849464657889546,0.4656927664111164
364,5386,0.8382923673997412,electron_positron,421.44000000000005,209.76652059555056,78.87797241210939,5.342936527299735,-36.32682418823242,5.20775923209594,0.4561828888119155,0.35275662109027733,5.342936527299735,130.58990944372576,21.583946686931345,0.12035753044471677,0.8080827969943213,2.6593802322858275,-0.9545199142648155,0.2981471671371189
364,5395,0.8112573099415205,proton,4398.080000000001,1117.4189823150634,394.76645507812503,11.140966876553916,22.50981903076172,8.24860806370702,0.29537932516655924,0.23278945825639807,11.140966876553916,135.99893276414087,22.164334781828877,0.04426300547726529,0.7436467953495774,2.830582406232881,0.7073490996710534,0.7068643796334274
365,5404,0.6787003610108303,electron_positron,120.96000000000002,153.11757488250734,66.02467041015625,1.8320424660748225,-71.80083465576172,8.05845002616626,0.32061068702290074,0.22360464000752311,1.8320424660748225,99.41516245487365,12.610702050284358,0.06483381212097715,0.8887995500559084,2.3190963912627724,-0.5933954357852841,-0.8049110862630684
365,5403,0.7888888888888889,electron_positron,88.96000000000001,73.94112491607666,31.486767578125,2.825313833160942,-55.7131233215332,6.02298801257097,0.6510538641686182,0.540443896206783,2.825313833160942,95.98333333333333,11.246962552914777,0.20447138148676108,0.895262051953204,2.348323775459449,-0.9308885716489846,-0.36530325371301187
365,5402,0.7066666666666667,electron_positron,103.04000000000002,112.729349899292,42.787353515625,2.4081882036095568,-20.095232009887695,5.2828053062567095,0.43869209809264303,0.2973305983004437,2.4081882036095568,97.75555555555556,22.740815538542673,0.10189238058652708,0.7953032953411592,2.6346417956914703,-0.645330556963878,0.7639034443230971
365,5399,0.8389830508474576,electron_positron,38.720000000000006,98.68427076339722,41.42184143066407,0.9347725417956932,-81.15818786621094,8.1030922603643,0.2168458781362007,0.1828636267005359,0.9347725417956932,105.50847457627118,33.87533119800865,0.049963095808450604,0.8969221028665082,2.382421141961654,-0.3037607679064023,-0.9527483381674894
365,5405,0.9990210039159844,proton,10342.720000000001,2044.6791771888734,796.4138671875,12.986614656177265,26.69497299194336,12.204891517852133,0.2722203973688422,0.19901740739714707,12.986614656177265,161.15115942867055,33.64772454908231,0.031088107368173176,0.8022162683428207,2.567357578051179,0.802712839863701,0.5963657407312666
365,5398,0.6153846153846154,electron_positron,123.52000000000001,140.31757488250733,51.14790954589844,2.4149569571197675,62.96914100646973,3.9830122216327237,0.271830985915493,0.1880585767888209,2.4149569571197675,147.26373626373626,37.04491932207165,0.07883571425764503,0.8082314490994443,2.7433687149343022,0.8096496766345297,-0.5869134528408779
365,5396,0.8732638888888888,alpha,687.3600000000001,134.46660823822023,40.800000000000004,16.847058823529412,-90.0,1.5,0.7940850277264325,0.6193771626297578,16.847058823529412,212.75694444444443,37.031915950932344,0.47771097448673017,0.8757811523360332,3.295750201917162,-1.2246467991473532e-16,-1.0
366,5409,0.9933589653967144,alpha,2926.0800000000004,431.6702995300293,144.38249511718752,20.266168676646423,-55.591529846191406,3.558154922660506,0.6033254156769596,0.49943843803052207,20.266168676646423,212.32508319467556,38.750237224776264,0.19732936684734267,0.7520858913130256,2.989768941031707,-0.9324306798823889,-0.3613488995611664
366,5408,0.9278571428571428,alpha,3456.3200000000006,366.97425374984743,148.0857177734375,23.339995591526037,-58.626991271972656,4.773898723519717,0.8475360954174513,0.75242080625096,23.339995591526037,214.90017857142857,36.75773776611396,0.3225170037120475,0.8826449362447653,2.4781205052555886,-0.8889853132070822,-0.45793570826274954
367,5420,0.7661822985468957,electron_positron,351.68000000000006,377.7860287666321,156.84940185546876,2.2421507244513488,24.341094970703125,15.911972784292734,0.2641192021148762,0.22746048683454495,2.2421507244513488,95.76089828269485,12.529791320181738,0.03096461959768042,0.8458136444064261,2.408590815760641,0.751058939546025,0.6602351621414906
367,5417,0.9861204013377927,alpha,3650.8800000000006,496.5271536827088,140.69774169921877,25.948390897451574,-55.75096893310547,2.5138260378647757,0.5743267052605084,0.46361611701027955,25.948390897451574,201.37491638795984,34.77380188063732,0.1860893053893242,0.6736095878245512,3.5290342807646202,-0.9304051715919148,-0.36653269523334403
367,5416,0.8924275560415528,alpha,4519.68,462.45852451324464,149.65023193359374,30.201623756958668,-57.52880859375,3.1634242743686474,0.7413394919168591,0.6384256708703755,30.201623756958668,206.12670858392562,38.362208495021044,0.26556569461127166,0.7450860918264662,3.0902626647345084,-0.9058823398633026,-0.4235294397368238
367,5414,0.8923969072164949,alpha,1882.88,286.7606330871582,122.3151123046875,15.393682469176316,24.13237762451172,4.647580766355036,0.8493071593533488,0.5849104106523293,15.393682469176316,209.12951030927834,35.65069807832025,0.287735498763432,0.9101527361584721,2.3444415631392803,0.7462288332792288,0.6656895134991394
368,5424,0.9822307271733187,alpha,3056.32,534.9937619209289,126.84523925781251,24.09487354734726,-51.73048400878906,2.039497248507717,0.4944349536677538,0.38741247673534146,24.09487354734726,174.30603788476716,36.33009979877915,0.13418724952913444,0.6037698229117503,4.217688933784547,-0.9725287262826131,-0.23278289575292702
368,5427,0.6756756756756757,electron_positron,188.8,130.329349899292,54.75687866210938,3.4479686317592404,78.50343704223633,7.925001336091202,0.5953582240161454,0.4990269109769578,3.4479686317592404,108.57027027027027,16.583504745881772,0.13967780323307413,0.8824159282613931,2.3801457110716795,0.39062068773288955,-0.9205517249536196
368,5423,0.952191235059761,alpha,3680.96,493.05263700485233,129.667138671875,28.387762988390875,-52.0578498840332,2.465135276510283,0.6589333791602222,0.5396870531783703,28.387762988390875,175.22493359893758,42.856531667909096,0.19027616529979555,0.6366300627454634,3.802448654724546,-0.9698052252815328,-0.24388075983282365
368,5425,0.86,electron_positron,101.12,72.89015827178956,30.397650146484377,3.326572926285718,7.594642639160156,4.42307653026108,0.6475409836065574,0.48404026513733617,3.326572926285718,107.03,12.527533675867712,0.2391713409482439,0.9008652153178535,2.3978879262224693,0.26200870905199936,0.9650655088546605
368,5426,0.7639344262295082,electron_positron,106.24000000000001,245.98418312072755,104.73797607421875,1.014340776689411,67.30620574951172,14.242700808495023,0.17219917012448133,0.13793423113318934,1.014340776689411,107.50819672131148,20.889736244259858,0.022063965037688576,0.8706312241320823,2.348567275602307,0.7118739278225501,-0.7023072766862769
368,5422,0.8469130135414276,alpha,2654.7200000000003,371.2390163421631,137.3840087890625,19.323355195407206,26.565052032470703,3.5555556257606837,0.7298319697369579,0.5000965169031508,19.323355195407206,220.05852650906587,37.43042225761462,0.24205906933534582,0.8042773846545866,2.702199619987493,0.8000000179153027,0.599999976112929
369,5450,0.7050592034445641,electron_positron,483.20000000000005,312.588049697876,96.61054077148438,5.001524638423529,65.64699172973633,4.570961948455984,0.3544600938967136,0.23663855541989592,5.001524638423529,128.8912809472551,24.48522806305821,0.062142976052867394,0.6621357569103969,3.2355480799683054,0.7513334351081004,-0.6599227752462116
369,5437,0.9582353754667404,alpha,4487.04,393.47820796966556,158.90065917968752,28.23802005079149,-15.101099014282227,4.1931417255651375,0.8536466577377329,0.7451575137169398,28.23802005079149,227.98395795878855,31.960834962944745,0.36419035122800597,0.9026424350307758,2.4762528362120504,-0.5030531022921343,0.8642555040462626
369,5435,0.7984439224897241,alpha,4136.960000000001,624.1251327514649,184.42403564453127,22.431783284331757,-71.56504821777344,2.55789490971359,0.45577295963335096,0.31112074995140165,22.431783284331757,216.14679976512036,42.822420741697115,0.1334589927820789,0.6848987637595161,3.384185421223712,-0.6000000826393694,-0.7999999380204662
369,5434,0.513215859030837,alpha,256.32000000000005,91.62152910232544,33.6,7.62857142857143,-90.0,2.8,0.7807017543859649,0.6357142857142857,7.62857142857143,177.83259911894274,18.86523487998963,0.383704848737893,0.8850784316636905,2.726831223283495,-1.2246467991473532e-16,-1.0
369,5433,0.7186761229314421,alpha,1537.92,237.5959581375122,80.56785278320314,19.08850672908373,-10.080597877502441,2.062276185535595,0.6933064050778996,0.4886039714965862,19.08850672908373,216.34278959810877,40.70728977613101,0.3423462003524941,0.8151679783354134,2.949016883655195,-0.3446625143454144,0.9387266647992359
370,5460,0.8619060120766605,alpha,2312.9600000000005,355.4664329528809,128.70208740234375,17.97142569078394,-41.5526123046875,4.103687909888587,0.7349262836807321,0.5730219596219863,17.97142569078394,212.8044106064584,41.5334489154683,0.23002804793958836,0.7794856137809261,2.7619321498775284,-0.9927682926762004,0.12004631213320227
370,5459,0.971869083040303,alpha,4544.0,527.1212661743165,157.6307373046875,28.82686510066127,-14.520151138305664,3.492839577568279,0.7699398145637911,0.6387562289085181,28.82686510066127,223.77224776846091,27.925570695695647,0.20550723271807964,0.6728667753498653,3.3440258872572137,-0.4854247142523033,0.8742784721088983
370,5458,0.7485590778097982,alpha,846.0800000000002,115.26660823822021,35.2,24.03636363636364,-90.0,1.1578947368421053,0.9621542940320232,0.7906698564593302,24.03636363636364,164.65994236311238,42.957937110662066,0.800228961319001,0.9324921965724977,3.2746195522221653,-1.2246467991473532e-16,-1.0
370,5457,0.9973091976516634,alpha,2480.9600000000005,376.89587049484254,103.7096435546875,23.92217266364199,-72.47443389892578,2.0354610927335277,0.6327946457721189,0.4695093921986199,23.92217266364199,209.12304305283757,28.593826693648428,0.21947591493727023,0.654247906288019,3.6341448835093164,-0.5743072398428669,-0.8186398440486926
370,5455,0.8787284144427001,alpha,3130.2400000000002,367.48998298645023,135.6653564453125,23.073244946375226,68.96248817443848,3.562594239225043,0.7710862367964686,0.6059071503587599,23.073244946375226,225.39874411302984,35.239118564879824,0.29127049213278305,0.8109376779283638,2.708797533986413,0.6701031135151587,-0.7422680225210367
371,5486,0.8877551020408163,electron_positron,18.240000000000002,111.91959581375123,52.800000000000004,0.34545454545454546,0.0,16.5,0.14540816326530612,0.10795454545454546,0.34545454545454546,138.8673469387755,22.560412209968888,0.01829879247443855,0.9692280404837675,2.119689314654379,0.0,1.0
371,5474,0.9013729335948445,alpha,2198.4,235.99595813751222,91.47937622070313,24.03164615701074,69.44395446777344,2.9606063838402994,0.9058544303797469,0.7777517508972182,24.03164615701074,218.05743905855982,33.20849183070829,0.4960294357794251,0.9040579188810437,2.5797722709449658,0.6575342547976938,-0.7534246503583762
371,5473,0.8773352132534368,alpha,1729.6000000000001,243.7547455787659,80.30050048828126,21.53909364802043,-38.990997314453125,2.3957596671249464,0.8071983273596177,0.6426173126515586,21.53909364802043,191.57314064152274,49.94569512495127,0.36580478448332643,0.7777328171313503,3.035532083817317,-0.9780822155620523,0.2082190663729597
371,5469,0.997331392527899,alpha,2617.2800000000007,591.2016703605652,147.20804443359376,17.779463140553215,-12.99461555480957,3.2387864786322056,0.4748882308540905,0.39117349217243225,17.779463140553215,198.10214689265536,34.28567861516994,0.09409980981473309,0.5661616139352776,4.016096216992129,-0.4382022083746707,0.898876423417347
371,5471,0.5451327433628319,alpha,326.72,94.547012424469,34.405584716796874,9.496132755462071,-18.434947967529297,2.428571613211197,0.8321108394458028,0.6702992736508058,9.496132755462071,144.27433628318585,38.870797507843314,0.45929314548568745,0.8829009568364955,2.7480135333468394,-0.5999999761129289,0.8000000179153027
371,5470,0.9420612813370474,alpha,2202.2400000000002,266.62337474823,107.46503906250001,20.49261805710796,-60.708641052246094,3.148055350264201,0.8305575669804489,0.6003058899748818,20.49261805710796,232.8715877437326,31.68794487064932,0.3892943210308806,0.887942728907298,2.481024313341253,-0.8533936065095952,-0.521267064342786
371,5468,0.9602173913043478,alpha,2825.2800000000007,331.3194205284119,82.60711059570313,34.20141413524951,-77.47119140625,1.3979441846907885,0.7400670578373847,0.5787839285721288,34.20141413524951,164.39652173913043,38.7772589798281,0.3234279685249656,0.6917712146269746,4.010785731871921,-0.42352943973682394,-0.9058823398633026
371,5466,0.9335617742242528,alpha,3236.1600000000003,350.24490385055543,141.16878662109374,22.92404771237473,60.7887077331543,4.082953759399392,0.8184025248846808,0.6630206933712203,22.92404771237473,233.52903102988768,29.597029678091683,0.33150966896338196,0.8784167870264505,2.4810364403757017,0.8519334098381112,-0.5236501362566508
371,5476,1.0,electron_positron,68.48,62.51370830535889,27.579949951171876,2.482963171479225,-6.911227226257324,4.93965517948163,0.6149425287356322,0.44470645930009545,2.482963171479225,118.71724137931034,9.758252704162192,0.22020292919475504,0.9516187506371245,2.2666360314661365,-0.23891403078404844,0.9710407230876152
372,5492,0.9567621920563097,alpha,2453.44,249.15087900161745,95.2232666015625,25.765131648610573,72.3498764038086,2.5875707414094444,0.8957822175487791,0.70013456985746,25.765131648610573,230.1354952237305,31.14544436824651,0.4966614569610561,0.8991394588921392,2.6164916190506866,0.5778611454576432,-0.8161350970093006
372,5498,0.9041095890410958,electron_positron,324.1600000000001,593.2289116859437,257.92919921875,1.256778995871187,-31.171350479125977,24.204610541653874,0.1362291554599247,0.11793874529961149,1.256778995871187,84.94498777506112,15.851408290882295,0.011575097830706262,0.8805716880183706,2.299968027981297,-0.885739813742546,0.46418205733453327
372,5490,0.9614543466375068,alpha,2423.0400000000004,369.59191627502446,133.84122314453126,18.103839333442355,-58.76078414916992,3.2215925359874866,0.6560388147634726,0.43576405160578247,18.103839333442355,228.64326898972172,34.22767243377405,0.22290793064318123,0.8038103549978256,2.761420641500809,-0.8868369506938083,-0.4620824849354363
372,5491,0.6605359957961114,alpha,1143.3600000000001,205.676362323761,50.28550415039063,22.7373677428094,-71.17528533935547,1.1739653909511023,0.7171818546768366,0.5308265923228069,22.7373677428094,146.75354703100368,40.27122584273129,0.33964411450708604,0.7545059317623303,4.090172024697962,-0.6108284485277022,-0.7917629736665136
372,5489,0.6754270696452037,alpha,1856.6400000000003,253.04692478179933,71.23655395507812,26.06302378369959,84.38241910934448,1.9272595321464574,0.8481216196462505,0.7051184853126121,26.06302378369959,106.98291721419186,27.2203322670818,0.36436398160836303,0.7291177404534682,3.552206146038045,0.19483631585233843,-0.9808357711793998
372,5488,0.8257032542746828,alpha,3348.4800000000005,371.352724647522,144.76336669921875,23.130713773445773,65.89776611328125,3.911214971765015,0.8190998043052837,0.6249453579390992,23.130713773445773,228.11693325979041,32.175417886480645,0.3051296029329145,0.8404587699293671,2.565239625982849,0.7455279718565845,-0.666474337975145
373,5502,0.9858127280097284,alpha,1511.0400000000002,182.5803165435791,64.83418579101563,23.306223122329886,74.05460453033447,1.973244145293358,0.902868068833652,0.7093305447418917,23.306223122329886,204.79124442642885,36.58731105050789,0.5696104047442035,0.9126899258330159,2.816111813790682,0.5283018740109918,-0.8490566117264938
373,5501,0.9447706023048489,alpha,2829.1200000000003,324.7586121559143,129.34921875,21.871952744206276,-57.264774322509766,3.8062233796556137,0.890960395041822,0.643602943243294,21.871952744206276,226.68145248967164,36.8237586263117,0.3370853509127587,0.8632520360043311,2.510711817932138,-0.9097472838016348,-0.41516247375641696
373,5500,0.8892882818116463,alpha,2555.5200000000004,321.52530803680423,104.04239501953126,24.56229500983967,74.5387830734253,2.6827411059663713,0.7839403160891332,0.6333406537536898,24.56229500983967,206.07117181883538,38.653647280840374,0.31064103336457066,0.7628263359971325,3.090329744681927,0.5138771833662648,-0.8578637656502076
374,5511,0.7541713014460512,alpha,2654.7200000000003,604.6311079025269,148.43046875000002,17.885276671000206,-23.075727462768555,2.312907012929306,0.3815831838461892,0.2786960264217133,17.885276671000206,190.63759733036707,55.80955748412838,0.09125309653817529,0.6001291082406467,4.07349726100307,-0.7211735359984213,0.6927544521513621
374,5510,0.9394007155635062,alpha,2741.4400000000005,350.69973707199097,141.1375244140625,19.42389177776206,42.557586669921875,4.4338603997631205,0.7545358463977453,0.6102050104693678,19.42389177776206,186.15406976744185,46.70512982097815,0.28010297961214936,0.881469078327809,2.4848086186004292,0.9963678817670859,0.0851530632623999
374,5513,0.5887640449438202,electron_positron,227.52000000000004,167.77829561233523,71.25036010742188,3.1932470187796302,-43.45184326171875,9.753138098473103,0.5262768319763138,0.4371090771996127,3.1932470187796302,117.84044943820226,17.964363719401444,0.10156823054581965,0.8755437713301853,2.3547711949719448,-0.9985401477967611,0.05401456505445991
375,5518,0.8180560359737116,alpha,1764.1600000000003,239.11555395126345,83.31720581054688,21.174017813457212,-45.57872772216797,2.1475699155945485,0.7580090746597002,0.5457778283136748,21.174017813457212,218.0411622276029,42.513489432253095,0.3877324781471306,0.8330724302377188,2.869942068088348,-0.9997959584875432,-0.02020003445479398
375,5527,0.6278409090909091,electron_positron,192.0,93.529349899292,37.880316162109374,5.068595499000937,43.781124114990234,3.4366811054306643,0.6571741511500547,0.4598469112016365,5.068595499000937,111.86647727272728,18.21265828157165,0.2758133361384398,0.8814126794574563,2.4690752183543494,0.9990950216595501,0.042533959316092274
375,5517,0.9897682188348298,alpha,2958.4,305.5586121559143,116.53120117187501,25.38719218758053,45.0,3.1692311318632815,0.8498804927376356,0.6904406632933184,25.38719218758053,183.9711839632491,40.268611626832545,0.3981784028415844,0.8671717764847797,2.6221184462454628,1.0,6.123233995736766e-17
375,5521,0.5497512437810945,electron_positron,206.08000000000004,141.64305820465088,54.291778564453125,3.795786497496112,46.30195236206055,3.5258761610005296,0.3443850267379679,0.24651012506213787,3.795786497496112,130.89800995024876,20.098688009949555,0.12907885956774995,0.8374630274193746,2.6089227862833346,0.9989674759699761,-0.04543106816018309
376,5530,0.9919055649241146,alpha,1830.7200000000003,192.441037273407,62.90535888671875,29.10276695657675,-47.56377029418945,1.6782178322614894,0.8904280155642024,0.7764168798819033,29.10276695657675,228.80303541315345,33.22976871314237,0.6212071015349899,0.8944481230632227,3.0592153145483,-0.9959982211736713,-0.08937305756704607
376,5529,0.597752808988764,alpha,1833.28,461.1663453102112,168.054931640625,10.908814053254654,41.951629638671875,4.932116078871956,0.44421183220904087,0.320154467757823,10.908814053254654,120.31107544141251,38.93782988862788,0.10832369166892072,0.7784932526889529,2.7441405069646314,0.9943439873689475,0.10620750813018119
376,5535,0.5413290113452188,electron_positron,334.08000000000004,172.27047481536866,61.151098632812506,5.463188846467251,62.927921295166016,4.01142248905882,0.48739495798319327,0.35837718521274103,5.463188846467251,107.09562398703403,15.55162668925515,0.14146162400310758,0.7669941872816575,2.8171280429446224,0.8104933124268053,-0.5857478898907148
376,5531,0.5542725173210161,electron_positron,227.20000000000002,140.43128318786623,41.18068542480469,5.517149548539297,-7.27500581741333,1.7273371031384108,0.36560247167868176,0.23141861337293318,5.517149548539297,129.2609699769053,27.83477772124734,0.14477396293484251,0.7681686145870056,3.410124958806031,-0.2512249733615269,0.9679287229747344
377,5539,0.9372766971020247,alpha,1551.0400000000002,170.08813734054567,58.52142333984375,26.503798292684202,-61.07357406616211,1.745055049455648,0.9274779946421737,0.7903189020509225,26.503798292684202,206.14251687177452,40.841378481699664,0.6737283332885698,0.9103683759923243,2.90642516250528,-0.8466843519636947,-0.5320954878025356
377,5538,0.8625877632898696,alpha,1224.0,142.38620405197145,41.29702453613282,29.63893921531954,80.53767776489258,1.0716723254874858,0.9545794858996756,0.769140907139024,29.63893921531954,227.96940822467403,34.299693495313775,0.7586744484958658,0.9086545175857547,3.4478562475461323,0.32432432521855864,-0.9459459456393513
377,5546,0.8935281837160751,electron_positron,262.08000000000004,120.53523740768433,42.905154418945315,6.108356992284248,-61.38954162597656,2.645669100193949,0.5335504885993485,0.37666083635639186,6.108356992284248,104.00835073068893,22.266087125986893,0.22668129700101977,0.8456074407277705,2.8093416523041452,-0.8407643067944679,-0.5414013118015304
377,5545,0.9055177626606198,electron_positron,768.3200000000002,645.4132700920105,231.30788574218752,3.321633404476139,40.499114990234375,5.140529431010058,0.09223972339608144,0.07381916193625682,3.321633404476139,92.98903225806451,13.876292466356599,0.02317801402707669,0.7744346432975012,2.7902778498930165,0.9876835074457417,0.1564649772942094
378,5558,0.8862973760932945,electron_positron,265.92,694.3034283638001,292.25439453125,0.9098922205310617,66.36148452758789,6.488526871586467,0.030566079376172436,0.020201099568177713,0.9098922205310617,104.83185840707965,24.32966373600612,0.006932058939782845,0.8721318595514514,2.375681739456479,0.734642671630915,-0.6784542320739045
378,5551,0.932516493873704,alpha,3277.76,330.1076455116272,124.60791015625,26.304590100980814,-63.946502685546875,3.0452771024420526,0.7625818939845146,0.6428545814081523,26.304590100980814,223.14175306314797,36.13507855670257,0.37798611707137625,0.8682327434169976,2.6491708680267108,-0.7891590704644161,-0.6141888646855612
378,5556,0.6993569131832797,electron_positron,310.72,246.2920039176941,82.57710571289063,3.762786274931108,12.011482238769531,3.505300077790869,0.2008688456764584,0.15972580908908582,3.762786274931108,107.10610932475885,22.58720139495403,0.06436924979826152,0.7549023733899874,2.9825700694090433,0.40710276466272366,0.9133823618857367
378,5554,0.8680555555555556,electron_positron,70.72000000000001,58.95878744125366,23.53011474609375,3.0055102052462486,23.198593139648438,3.2941177978470644,0.5666666666666667,0.4207588771047638,3.0055102052462486,126.19444444444444,22.74352098760391,0.2556554349179836,0.9080422432385531,2.505673604972175,0.7241379942515149,0.6896551060359033
378,5557,0.6691176470588235,electron_positron,215.36,125.06072072982789,41.6,5.176923076923077,-90.0,3.25,0.5747224594363791,0.40444711538461536,5.176923076923077,130.74019607843138,20.06597334384903,0.17303463936841412,0.7613133991049573,3.006267325236247,-1.2246467991473532e-16,-1.0
378,5550,0.9323607427055703,alpha,903.04,174.14499149322512,69.518505859375,12.989922450673895,-59.96672058105469,3.3096340588674833,0.7983026874115983,0.6184236734282453,12.989922450673895,232.0736074270557,26.46749707802638,0.37419232448704837,0.9027067827650324,2.5050163167415165,-0.8666056547459767,-0.4989936263744228
379,5571,0.7337662337662337,electron_positron,56.96000000000001,112.34112491607667,47.36474609375,1.202582188179747,78.90627670288086,6.305327461137055,0.26331360946745563,0.16009110405438481,1.202582188179747,88.70779220779221,18.441175457885308,0.056715570892942685,0.881754876347974,2.371829982867798,0.37763792111436195,-0.9259533468466017
379,5570,0.5803402646502835,electron_positron,606.08,197.87047481536865,70.32904663085938,8.617776424315425,34.695152282714844,3.0820399400721716,0.557879234167894,0.37765805747035663,8.617776424315425,101.56049149338375,21.66606478951675,0.19452607551949871,0.8219483281920176,2.8134957644733083,0.9359999846592973,0.35200004079232017
379,5565,0.9631504032895777,alpha,3889.6000000000004,441.899737071991,118.91542968750001,32.70895972222907,-65.83336639404297,1.9714552850464453,0.6639899486507156,0.5422698440582449,32.70895972222907,192.88771152933734,40.52917458567609,0.25030372869462253,0.6827919974605565,3.7160840963470196,-0.747024304041823,-0.6647967277076731
379,5567,0.8048469387755102,electron_positron,820.8000000000001,461.32715368270874,143.2080078125,5.731523065907464,-24.211753845214844,2.3043888790785116,0.14082573844295596,0.09222709131288045,5.731523065907464,125.76041666666666,25.525082554415423,0.04846510700970722,0.736595268431234,3.221378194763502,-0.7480704275773652,0.6636193452456144
379,5564,0.791030534351145,alpha,1925.4400000000003,238.7273289680481,87.57066650390625,21.987271273242076,-55.90502166748047,2.2954850346708753,0.764354674796748,0.5763511250508142,21.987271273242076,220.12945292620867,34.95447017110168,0.42455657982775646,0.8811926863781131,2.7261106772254524,-0.9284207158225914,-0.37153058344026935
380,5583,0.8378378378378378,electron_positron,47.36000000000001,64.22741661071778,22.680282592773438,2.0881574030779584,-76.60749816894531,2.9708738931364844,0.3681592039800995,0.2735262353186304,2.0881574030779584,158.33333333333334,21.78532994013622,0.14427153409961097,0.8346297812119868,2.831861390967959,-0.450643903877879,-0.8927037985231747
380,5575,0.7605298913043478,alpha,1734.08,422.97425374984743,100.27507934570313,17.293229896350184,-52.53944396972656,1.9040087624134094,0.38804153240243466,0.32836135825497315,17.293229896350184,195.11345108695653,31.26709373430786,0.1218010767587602,0.6360687889060506,4.218139307490583,-0.9655685547247048,-0.2601487384686781
380,5574,0.8038925843803892,alpha,2492.8,312.49384956359864,131.90692138671875,18.898174362600137,40.36453628540039,4.7404154756201775,0.8301364023870418,0.6791546438021727,18.898174362600137,217.82434097068244,39.69959180313223,0.3207852212329317,0.9108279306380929,2.3690481612215275,0.9869375890932952,0.1611030578068398
380,5573,0.8549523414836303,alpha,1457.2800000000002,236.5449914932251,76.06618652343751,19.158052567167715,-64.65382385253906,2.0866388106242293,0.7328612809784358,0.52554147709658,19.158052567167715,221.18897637795274,31.956338237867676,0.32728443740487123,0.7968390161370553,3.1097259150797694,-0.7737556606530864,-0.6334841573451587
381,5585,0.887636612021858,alpha,3638.0800000000004,322.1742537498474,126.36978759765626,28.789159728456127,40.236358642578125,3.091954252144846,0.8539773154059941,0.7043991014805506,28.789159728456127,190.3804644808743,39.81607373477593,0.4404538863582136,0.8994085131386756,2.5494563208067205,0.9862068984774369,0.16551722990527137
382,5592,0.8113844669561022,alpha,1232.3200000000002,264.5547455787659,114.094970703125,10.80082664823584,18.43494415283203,7.1587308319436,0.8349956634865568,0.6776829010140252,10.80082664823584,203.0260492040521,44.78266428458609,0.22125966390219057,0.9057717871751926,2.3187239888700883,0.5999998695864777,0.8000000978101252
382,5589,0.8708261782102652,alpha,3224.9600000000005,360.0390163421631,141.74559326171877,22.751747873004003,-70.34617614746094,4.128526247590178,0.7735052575024944,0.6626744868097357,22.751747873004003,220.52928830375882,36.65480655244722,0.3126331765618715,0.8759524747603035,2.540036752164759,-0.6334841573451588,-0.7737556606530863
382,5593,0.8810408921933085,electron_positron,120.64000000000001,150.7273289680481,49.368228149414065,2.44367692587387,77.36663818359375,2.4918479568925354,0.1843520782396088,0.12334393157913054,2.44367692587387,121.63197026022304,27.00836749426807,0.06672939484460126,0.7734440282785181,3.0531241370840454,0.4268327163155898,-0.9043305989972115
382,5590,0.6103180565990484,alpha,2458.5600000000004,276.9194205284119,105.0737060546875,23.39843232254888,38.65980911254883,2.8605442640318954,0.8118131868131868,0.6370028609514317,23.39843232254888,144.83170548459805,37.239321541778544,0.4028875501541589,0.876570140943692,2.635477808161484,0.9756097626754329,0.21951216588696298
383,5610,0.6931407942238267,electron_positron,125.76000000000002,145.4253956794739,34.91764526367188,3.6016174358366606,-28.07248878479004,1.9424082383079282,0.24794952681388013,0.20035175126431015,3.6016174358366606,147.41516245487364,19.787066511913704,0.07472602562096181,0.6380713822637679,4.164811074209911,-0.8304498629444717,0.5570933720082374
383,5598,0.8921568627450981,alpha,1677.1200000000001,242.81748723983765,102.71077880859376,16.328568622046866,18.434951782226562,4.833333883833463,0.904088321545627,0.7683850216199088,16.328568622046866,215.52832244008715,40.81774096879702,0.3574489954640109,0.9261341199312534,2.3640896316475137,0.6000000826393695,0.7999999380204662
383,5597,0.7128712871287128,alpha,851.5200000000001,154.86458730697632,62.69969482421875,13.580927345615834,43.090843200683594,3.3640040377015885,0.8553519768563163,0.7286525804386614,13.580927345615834,160.76096181046677,51.72039672924234,0.4461701154768443,0.9169248040192209,2.4699416439130326,0.9977802340235186,0.06659282688077163
383,5596,0.9632694541231127,alpha,4267.52,399.44288291931156,142.89603271484376,29.864510014186692,-71.06099700927734,2.999377438018122,0.7469056286754411,0.6268539149212711,29.864510014186692,217.54398954703834,35.365965973521824,0.33610583653631854,0.8301177044595339,2.7953392080269994,-0.6139822506868209,-0.7893198311467575
384,5614,0.9423824673029338,alpha,1727.0400000000002,229.40184564590456,93.26243286132814,18.518067211134575,17.447189331054688,3.83243748493952,0.9028103044496487,0.7609637959381336,18.518067211134575,203.67515022976318,39.72814326061214,0.41239979909590835,0.9107394690123063,2.45974545814178,0.5720654048905719,0.8202080056469737
384,5613,0.9495139542176231,alpha,1930.88,305.41159973144534,122.7365478515625,15.731907356032247,18.82470703125,4.16588759296472,0.7393701752236246,0.5339677448597135,15.731907356032247,200.68798996550643,46.026982113494164,0.2601321872110673,0.8684909125796223,2.4883509034392093,0.6108282376684462,0.7917631363399411
384,5612,0.9577963917525774,alpha,1889.28,272.74885807037356,67.92218627929688,27.815359067378324,-80.83765411376953,1.3478261396157443,0.7075743048897412,0.5519590885907275,27.815359067378324,193.73582474226805,40.316512632104555,0.3191393154789645,0.7292122875279815,4.0156077566294295,-0.314401584296601,-0.9492900735769796
384,5611,0.9793986636971047,alpha,1085.76,179.80184564590456,56.324554443359375,19.276850225097704,-78.69007110595703,1.79499994845428,0.7979774223894638,0.6143314492652999,19.276850225097704,183.76280623608017,30.504125058377838,0.4220417461164216,0.7992323187259125,3.192246213447021,-0.38461526926327705,-0.9230769711402927
385,5631,0.7353383458646616,alpha,804.48,129.78031654357912,50.12882995605469,16.048250092915502,-32.47119140625,2.2201086008957627,0.9338781575037147,0.7107458540692427,16.048250092915502,226.57669172932333,32.56676978637123,0.6002158469118719,0.9114907813191974,2.588935681470138,-0.9058823398633026,0.4235294397368239
385,5630,0.9361261960175847,alpha,2374.7200000000003,274.9782956123352,98.28923950195313,24.160528782530783,24.01079559326172,2.4609115026998465,0.8024437716262975,0.6049179288955556,24.160528782530783,220.98112231704164,41.27533622370528,0.39466211813815777,0.8712853904128154,2.797643943586226,0.7433969260729839,0.6688505141698244
385,5629,0.9776240846216436,alpha,3024.9600000000005,356.27618703842165,144.82918701171874,20.88639771039547,47.260501861572266,4.8939425719830165,0.80540172105308,0.7057750791765626,20.88639771039547,207.29393816110658,44.08696805762074,0.2994717833131383,0.8830053032833611,2.459975053299124,0.9968885048900622,-0.07882454451537559
385,5628,0.7503991484832357,alpha,1151.68,139.8489457130432,51.2,22.493750000000002,-90.0,1.7777777777777777,0.9687752355316286,0.7810329861111112,22.493750000000002,221.00638637573175,36.06728915771941,0.7399856462122231,0.9374427764245384,2.7314247209578753,-1.2246467991473532e-16,-1.0
385,5632,0.7688442211055276,electron_positron,180.8,208.05281229019167,76.93954467773438,2.349896932160062,65.17945671081543,3.893890967253479,0.16338924233661076,0.11892769155888604,2.349896932160062,173.23869346733667,31.091545980520277,0.05248813103323493,0.8027283189478829,2.704107662212359,0.7620028759297565,-0.6475736383414477
386,5647,0.9549731182795699,alpha,898.5600000000001,142.74112491607667,50.400000000000006,17.82857142857143,0.0,1.8529411764705883,0.9212598425196851,0.6554621848739496,17.82857142857143,240.0813172043011,27.19877992572043,0.5541900392902249,0.9191260086999026,2.8321651769062828,0.0,1.0
386,5657,0.74,electron_positron,88.64000000000001,111.711687374115,47.05339050292969,1.8838174901441165,55.437477111816406,7.3546913841495885,0.3373934226552984,0.29445054046021585,1.8838174901441165,131.29,26.78854046042821,0.08925702098911022,0.8869721598568299,2.3741474563274982,0.9343603263920278,-0.35632959526901964
386,5646,0.9504982320797172,alpha,1916.48,203.68813734054567,72.566650390625,26.409927834392548,14.036247253417969,2.1494250411130427,0.9471769729558753,0.7822623741851175,26.409927834392548,199.64866602378655,44.86855330325282,0.5804738796437975,0.9042017317072013,2.8069111119790704,0.4705883518869788,0.8823528789936014
386,5645,0.9446028513238289,alpha,3011.5200000000004,372.3232871055603,143.76468505859376,20.947564408968752,47.16691589355469,3.262376776554727,0.6975761618857016,0.4753521188138195,20.947564408968752,210.48289205702648,42.11525758163631,0.2729953284600152,0.8488461551054832,2.5898104736487517,0.9971406865429465,-0.07556752768657489
386,5653,0.564935064935065,electron_positron,80.64000000000001,48.50193328857422,19.34036560058594,4.169517870828509,-74.05460357666016,2.9333332099048146,0.805111821086262,0.6323864549604138,4.169517870828509,153.11688311688312,14.730456148300094,0.43076685873406806,0.9125461497050279,2.5078085021880248,-0.5283019022756734,-0.8490565941395808
386,5644,0.9031085991118288,alpha,1510.7200000000003,205.676362323761,69.60000000000001,21.705747126436783,-90.0,2.1219512195121952,0.8078370978781656,0.6617605831230726,21.705747126436783,220.54864755752925,31.0644386590257,0.44877130271143384,0.8465307234134843,2.9551201483298994,-1.2246467991473532e-16,-1.0
386,5643,0.97375,alpha,1477.4400000000003,163.68813734054567,46.310906982421876,31.902635820991122,-60.945396423339844,1.0401396507456473,0.9137146249752622,0.716530913404623,31.902635820991122,233.36708333333334,24.81190574085473,0.6929235207731297,0.8950437369812092,3.5345482955597562,-0.8490565941395809,-0.5283019022756732
386,5642,1.0,alpha,886.0800000000002,153.08427076339723,59.4261474609375,14.91060817264733,85.42607879638672,3.0946843972617435,0.9102564102564102,0.7764869243106605,14.91060817264733,230.97764227642276,27.667943233786424,0.47514007143720266,0.9413886584498097,2.576042319822665,0.1589825099838707,-0.9872813993584749
387,5666,0.8491501416430595,alpha,849.9200000000001,142.0783832550049,49.6,17.135483870967743,0.0,2.066666666666667,0.9061753667690208,0.7139784946236559,17.135483870967743,231.67847025495752,30.742672559058388,0.5290928589578686,0.899311793986863,2.864483533367034,0.0,1.0
387,5665,0.8582375478927203,alpha,945.9200000000001,151.129349899292,39.2,24.13061224489796,-90.0,1.225,0.8666080328349458,0.7540816326530613,24.13061224489796,193.28352490421457,45.76529687210786,0.5204351772344564,0.8278871146032043,3.855340558655408,-1.2246467991473532e-16,-1.0
387,5664,0.7500756429652042,alpha,2004.8000000000002,313.170387172699,107.144775390625,18.711131669192124,41.93351745605469,2.9133296623381453,0.7029847396768402,0.5087667103602118,18.711131669192124,198.74251134644476,45.38269571371699,0.25687363960994397,0.7691325622680719,2.92287128355958,0.9942766405989216,0.10683614537843807
387,5663,0.9622266401590457,alpha,1536.6400000000003,200.68224983215333,71.2,21.582022471910115,-90.0,2.119047619047619,0.8533854629465079,0.6423220973782772,21.582022471910115,217.63459244532805,34.392317270857745,0.47947291094660194,0.8821273603533503,2.818570924608895,-1.2246467991473532e-16,-1.0
387,5662,0.9979101358411703,alpha,1158.0800000000002,188.46458730697634,43.69927673339844,26.501125111640665,-24.22774314880371,1.0033500170864185,0.7306682818493843,0.6084747007552157,26.501125111640665,226.87669801462908,27.59133119896445,0.4097216469839939,0.7860435990673025,4.312762164389252,-0.7484406982246848,0.6632017198718246
387,5660,0.9510086455331412,alpha,1102.72,453.68207454681396,127.77321777343751,8.630290597794135,-80.92850494384766,3.7776245950230924,0.3376776090151886,0.2551551772158721,8.630290597794135,186.68287740628168,38.46535225157906,0.06732430442483828,0.624825711024403,3.5506820791761338,-0.3113895321302102,-0.9502823576599372
387,5661,0.7103092783505155,alpha,573.44,121.43919162750245,48.800000000000004,11.750819672131149,0.0,3.588235294117647,0.9567538707955152,0.8640308582449373,11.750819672131149,221.04536082474226,34.615621348816674,0.48862998304858624,0.9516902960239075,2.4885080251537386,0.0,1.0
387,5659,0.9656137544982007,alpha,1517.1200000000001,224.76265401840212,72.8,20.839560439560444,-90.0,2.1666666666666665,0.7881961762261014,0.6202250130821559,20.839560439560444,231.06277489004398,30.577862179601777,0.3773822716425279,0.8574808523575453,3.0873990936593696,-1.2246467991473532e-16,-1.0
388,5686,0.7727930535455861,alpha,830.4000000000001,144.53523740768432,48.79999389648438,17.016395570898283,0.0,1.9677419315143625,0.8664440734557596,0.6861450671309215,17.016395570898283,204.0723589001447,44.664246427174525,0.49951636870389166,0.8901850608849895,2.9617880222336845,0.0,1.0
388,5697,0.9932659932659933,electron_positron,525.1200000000001,558.699737071991,208.32666015625,2.5206567397861965,52.802433013916016,3.494819293453915,0.0766142210187217,0.04228570553462674,2.5206567397861965,106.6523266022827,21.946065289269182,0.02114031671539718,0.8073693123903635,2.6818446407817067,0.9631397244459007,-0.26900161931533906
388,5698,0.8384279475982532,electron_positron,874.5600000000001,487.7978037834168,143.86871337890625,6.078875521022254,-4.939215183258057,4.778104451816683,0.2627884615384615,0.20188894101345653,6.078875521022254,133.97080291970804,31.931349324317953,0.04618700408827747,0.6564951066993918,3.390575979495322,-0.17155823274206944,0.9851739809690561
388,5685,0.6213140196585618,alpha,1181.1200000000001,158.61362066268921,58.19732666015625,20.295090303669095,50.59933853149414,1.9774944271139507,0.9179308629694106,0.6896094765252617,20.295090303669095,155.09156751163994,40.941170066196925,0.589960492959724,0.8962443351116195,2.725445132366899,0.9809596398824707,-0.19421170129951854
388,5696,0.8707692307692307,electron_positron,117.76000000000002,237.25483322143555,106.1103515625,1.1097880486300928,-84.19327545166016,17.025974102286373,0.2337992376111817,0.17807143503688633,1.1097880486300928,97.19384615384615,16.685948735600878,0.02628920931187718,0.9069170544622037,2.235925427894659,-0.2013078523003081,-0.9795280233879158
388,5684,0.7001839362354384,alpha,976.3200000000002,187.41362066268923,64.0,15.255000000000003,-90.0,2.1621621621621623,0.8138170178714323,0.5153716216216216,15.255000000000003,160.49601471489882,28.927950457217214,0.3493009349880331,0.8066589613719887,2.9283378228545187,-1.2246467991473532e-16,-1.0
388,5683,0.9686915887850467,alpha,1308.16,169.2312831878662,48.299066162109376,27.084581627506736,-26.565052032470703,1.2857142160822668,0.8514892730681108,0.7209876795184224,27.084581627506736,185.1747663551402,42.4690796668487,0.5739967514723221,0.8533134371957167,3.503821018399486,-0.8000000179153027,0.599999976112929
388,5687,0.9880952380952381,electron_positron,897.2800000000002,1106.0581739425659,193.14494628906252,4.645630223516812,-37.193599700927734,1.2903948065928867,0.0461601777924109,0.031037297267956093,4.645630223516812,142.63045634920636,27.262499772386324,0.009216837114054088,0.5099570629792013,5.726570615454929,-0.9631024626889323,0.2691349965398663
388,5680,0.552038626609442,alpha,2256.0,372.90562458038335,144.8791748046875,15.571596145832054,44.664939880371094,4.878146842943304,0.642369020501139,0.5243026313532059,15.571596145832054,216.3851931330472,36.25666603893467,0.20386895250288115,0.8398484931590751,2.573907706770829,0.9999316048575188,0.011695537912678773
388,5677,0.913337846987136,alpha,888.64,148.947012424469,58.400000000000006,15.216438356164383,0.0,3.1739130434782608,0.9137874300756827,0.8269803454437165,15.216438356164383,239.11103588354771,23.88513176379412,0.5033523829272568,0.9418005479335402,2.55046254151488,0.0,1.0
388,5678,0.6916809605488851,alpha,1416.6400000000003,207.55087900161743,72.2929443359375,19.595826577722818,83.54118394851685,2.343218446584175,0.8480842911877394,0.6351560686145498,19.595826577722818,207.4631217838765,38.56367297435938,0.4132569920632681,0.8492074794372572,2.8709700636503466,0.2235500767398682,-0.9746924454357893
389,5711,0.9375,electron_positron,892.1600000000001,1056.2307573318483,397.48093261718753,2.2445353394076797,57.47979736328125,4.361518182034931,0.042900887869881665,0.024629059886187934,2.2445353394076797,94.41898031297325,19.174380390827565,0.010049281038154138,0.8135647632862111,2.657311761792358,0.9066055941873168,-0.42197902387235103
389,5703,0.8888277380297194,alpha,1056.0,284.81950817108157,123.5115234375,8.549809528779418,-8.61564826965332,8.475328212191792,0.7339857651245552,0.5866856783189002,8.549809528779418,202.48376444689046,36.2354996034087,0.16358154959143087,0.9010981794015136,2.306015667560019,-0.2962298053636634,0.9551166957048788
389,5702,0.7851428571428571,alpha,517.44,115.73523740768434,45.28345336914063,11.426690358218584,-5.492323875427246,2.628444396026994,0.843945720250522,0.6632537494956804,11.426690358218584,202.28685714285714,33.3271060653919,0.4854434532886708,0.9303477911790812,2.555795302629339,-0.19054596418137879,0.9816782749629273
389,5701,0.965534219596258,alpha,3752.0,416.57425374984746,153.9373779296875,24.373547545507535,47.09016036987305,3.656017132955223,0.7076041038020519,0.5788724520043224,24.373547545507535,214.30395535860822,35.9689242451499,0.27169887722598535,0.8248939877694085,2.7061280330506996,0.997339573366002,-0.07289564731944713
389,5700,0.987582176771366,alpha,821.44,146.79797906875612,50.400000000000006,16.2984126984127,0.0,2.3333333333333335,0.8794107571085988,0.7545561434450323,16.2984126984127,245.6055514974434,18.53019563671689,0.4790110780450182,0.8776692231204966,2.9126583148562717,0.0,1.0
389,5699,0.9197588126159555,alpha,1298.88,219.0253956794739,72.62080078125,17.88578459651685,77.19573497772217,2.4704463248758906,0.7446340121078702,0.6084464829448043,17.88578459651685,226.31539888682747,32.76631665055745,0.3402435856232542,0.8173182735116479,3.0160146035738036,0.43222000646126346,-0.9017681886242302
390,5728,0.815068493150685,electron_positron,60.160000000000004,90.87838325500489,36.15044860839844,1.6641563885329955,25.114837646484375,5.936802396416001,0.3022508038585209,0.2732958515252955,1.6641563885329955,93.48630136986301,12.250935833065466,0.09153696463095352,0.8576812837527537,2.5138936514854784,0.7686149535523384,0.6397116953563822
390,5726,0.9456521739130435,electron_positron,175.68000000000004,478.78585348129275,178.62432861328125,0.9835166427992255,84.45153379440308,3.0802672374940823,0.03194088899232023,0.01696014264049904,0.9835166427992255,108.74809160305342,38.62164158406654,0.009630516215778545,0.8330878019821439,2.6804067351757905,0.19246942830711708,-0.9813029701204066
390,5724,0.9793103448275862,electron_positron,71.68,56.50193328857422,23.516986083984378,3.0480096277650044,82.87498378753662,3.949999942334241,0.691358024691358,0.5119549678223969,3.0480096277650044,95.02068965517242,7.551632813177781,0.28215077311327574,0.8942264780379392,2.402600957741493,0.24615384153778863,-0.9692307704031012
390,5721,0.5753424657534246,electron_positron,133.76000000000002,145.11757488250734,33.41895446777344,4.002518993494768,22.38013458251953,1.1743119334922214,0.2286652078774617,0.14064490924222905,4.002518993494768,115.7431506849315,13.174765249834714,0.07981712856302968,0.7024405398869441,4.342373278686713,0.7041420001989002,0.7100591831360905
390,5719,0.793918918918919,alpha,709.7600000000001,134.30579986572266,40.0,17.744,0.0,1.3888888888888888,0.8300898203592815,0.6161111111111112,17.744,157.3293918918919,36.1251524026777,0.4944607791144382,0.8484654236456186,3.3576449966430664,0.0,1.0
390,5718,0.9074074074074074,alpha,2643.2000000000003,446.0036912918091,171.22569580078127,15.436935371402008,-8.416374206542969,6.6395803569030125,0.6608528682294583,0.5985945764939004,15.436935371402008,220.37836604290277,38.84485245887216,0.16697943354845102,0.8243680175669016,2.6047707921755405,-0.28957892254222056,0.9571541399478386
390,5717,0.9368600682593856,alpha,1780.1600000000003,264.8292622566223,73.57340087890626,24.195700874694488,46.97493362426758,1.756983139659878,0.7559451012365811,0.5778098875578844,24.195700874694488,208.16245733788395,31.618948558651827,0.31896054217747943,0.7245954773208257,3.5995245441012336,0.9976247040174969,-0.06888359698797364
390,5716,0.5987584650112867,alpha,1024.96,301.35474557876586,74.21655883789063,13.810395093078817,-58.570438385009766,1.7151620001410537,0.4640683859750797,0.31916145455251194,13.810395093078817,214.82900677200902,39.174849617836216,0.14182758607300575,0.6408178097069894,4.060478554887023,-0.889887576757133,-0.456179899527936
390,5715,0.8968209704406024,alpha,1083.2,174.77442903518678,55.271765136718756,19.59770955967528,76.37300491333008,2.065140789463632,0.8393255640962063,0.732236962066188,19.59770955967528,213.85666480758508,34.47556392586545,0.445618006357348,0.8349959901103844,3.162092410164022,0.4579358266383003,-0.8889852522292463
391,5736,0.8365455893254262,alpha,1598.0800000000002,346.5096664428711,126.4,12.643037974683544,0.0,5.851851851851852,0.7050684738105323,0.5853258321612752,12.643037974683544,154.81653076352853,32.912671603593246,0.16725444612417137,0.7960857129206081,2.7413739433771447,0.0,1.0
391,5740,0.7794117647058824,electron_positron,67.2,53.30193328857422,21.1805419921875,3.1727233431886166,11.309928894042969,3.552631275864037,0.7142857142857143,0.5321637275775717,3.1727233431886166,103.40441176470588,18.252871924097526,0.2972303920214893,0.8870700802460098,2.516551904490205,0.3846152692632769,0.9230769711402929
391,5739,0.746031746031746,electron_positron,130.24,84.947012424469,32.014697265625,4.068131549688025,14.036247253417969,3.2999996618393848,0.6029629629629629,0.41933342760992465,4.068131549688025,100.32539682539682,13.192608178704347,0.2268078244226054,0.8331036768514003,2.653375470636693,0.4705883518869788,0.8823528789936014
391,5735,0.9686077162712676,alpha,2562.2400000000002,322.2879620552063,135.73248291015625,18.877132025176262,45.855098724365234,5.199870274537239,0.8635677308024159,0.7231772054976843,18.877132025176262,220.15600287562904,37.06388369113282,0.3099855876153116,0.9044673019543291,2.374435029443427,0.9995545643180039,-0.029844144334279264
391,5734,0.8453878406708596,alpha,1123.5200000000002,300.38989534378055,133.8048828125,8.396704039376365,38.97600555419922,11.77998745837594,0.8411595591758505,0.7392336228428561,8.396704039376365,208.18238993710693,37.897443314844125,0.156466018928779,0.9189007031850923,2.2449845553447787,0.9779731182809391,0.20873087917185656
391,5733,0.886748844375963,alpha,1562.2400000000002,270.258699798584,105.4730224609375,14.811749616624326,85.60129451751709,4.1521738921497295,0.7167816766994568,0.5830965930457099,14.811749616624326,228.07126348228044,32.798715025751214,0.26878080560378903,0.858632080525262,2.562349058487214,0.15294118086838251,-0.988235293437036
391,5732,0.5808770668583753,alpha,2502.0800000000004,465.39780378341675,169.78135986328127,14.737071266332382,-10.885526657104492,5.6021930275932945,0.6027597903176072,0.48627197922007015,14.737071266332382,193.0215672178289,39.63674035469441,0.1451651597752664,0.7743184767888659,2.741159595836579,-0.3708987032323866,0.9286733289701681
392,5745,0.8595113438045375,alpha,1391.0400000000002,224.78216218948364,95.0307373046875,14.63779025032762,49.6668586730957,5.187814006412365,0.9134271905862577,0.7990902253036636,14.63779025032762,211.23778359511346,40.77305666811562,0.3459599245644669,0.907223017493542,2.3653627085811952,0.9867604451271478,-0.16218453666263394
392,5744,0.9408233276157805,alpha,665.9200000000001,231.34297056198122,99.53736572265626,6.690150931414758,29.054603576660156,9.704543801193802,0.7078231292517007,0.6522662346863185,6.690150931414758,187.12178387650084,44.66060987433782,0.15635771204938645,0.8925517577075933,2.3241821690015243,0.8490565941395808,0.5283019022756733
392,5762,0.988950276243094,v_track,5151.68,518.0094035148621,172.53973388671875,29.85793407669415,65.15761184692383,2.212377142594183,0.5948052907707087,0.3828510070598111,29.85793407669415,232.67607494595242,30.201527797498322,0.24125896226372026,0.7972707582185494,3.0022615188160775,0.762496448414942,-0.6469924003839609
392,5743,0.9724292101341282,alpha,1613.1200000000001,312.6879620552063,134.38524169921877,12.003699063997576,39.75566101074219,7.6561258073770135,0.7632096896290689,0.6838684741405902,12.003699063997576,223.68964232488824,34.77767621709848,0.20732621340082644,0.9033723617028842,2.32680284011443,0.9832908993004851,0.18204122432252376
392,5753,0.7710570944036179,electron_positron,992.3200000000002,390.74683713912964,128.00640869140625,7.752111868025712,-29.852073669433594,2.889675326822601,0.2817042151162791,0.17499972559816426,7.752111868025712,125.40418315432447,23.541767472735287,0.08167152517069785,0.7492453407882445,3.0525568300344212,-0.8634320684348279,0.5044651258495028
392,5742,0.9989905787348586,alpha,1801.6000000000001,275.44692478179934,112.10944824218751,16.070010407223165,86.53177046775818,4.515594623377824,0.8210587720577512,0.6472750845737878,16.070010407223165,233.24394347240914,28.488954088229082,0.29839557671226496,0.8797405975236918,2.4569465740903262,0.12076853646093454,-0.9926806941817111
393,5766,0.9763182822860752,alpha,1941.1200000000001,251.2390163421631,102.83320312500001,18.876393431413888,51.00900650024414,4.261349954634516,0.9136918210573881,0.7822271002765562,18.876393431413888,228.1780865172087,33.28213520650546,0.38644534435880246,0.9003302563098052,2.4431701892701603,0.9780821878359979,-0.20821919661248278
393,5765,0.5286964980544747,alpha,1224.64,257.88022890090946,94.670751953125,12.935779791908326,30.411083221435547,4.603938717863439,0.7096235861301687,0.6290806421312715,12.935779791908326,181.97568093385215,49.44441708975508,0.2314100469798867,0.8141666621509431,2.723969373651912,0.8731107538203053,0.4875219088034282
393,5771,0.9453551912568307,electron_positron,184.0,298.335062122345,118.8990966796875,1.5475306805374092,71.93952751159668,5.354430645910733,0.11234857366158656,0.06969056900137229,1.5475306805374092,84.1565995525727,20.00822191354483,0.025978800361995055,0.8597008616578555,2.5091449006215365,0.5894916857967045,-0.8077744439981742
393,5764,0.9886551943913321,alpha,4823.360000000001,563.9074702262878,154.05394287109377,31.309552421102246,67.2034797668457,2.0510886083643616,0.6229027192329945,0.41685831019362657,31.309552421102246,214.14964945825363,36.873525614038996,0.19060919439235322,0.666288493217154,3.6604546415156887,0.7143876885111039,-0.6997501200455503
393,5763,0.9159244745279658,alpha,1682.5600000000004,328.2664329528809,115.72275390625,14.539577941284438,40.06078338623047,4.129096439691777,0.6687015134172708,0.5187857831366063,14.539577941284438,183.04560028500177,36.34636332895365,0.1962128618111211,0.7633012813819724,2.8366628158436153,0.9851739724024196,0.17155828193601333
394,5778,0.8498669707335614,alpha,1602.2400000000002,229.241037273407,84.80689086914063,18.892804388646915,55.00798034667969,2.8883928265182095,0.8128246753246753,0.6434599843211122,18.892804388646915,193.173698213607,48.57800671672593,0.3831357733904312,0.8405246790154222,2.7030944646600976,0.9395973089217928,-0.34228189707743095
394,5777,0.9170385928065109,alpha,2352.9600000000005,239.8920039176941,84.57941284179688,27.81953575867378,-61.699241638183594,2.0090089776627633,0.8615114235500879,0.6607955200413343,27.81953575867378,204.7327382515096,46.321430907156106,0.5137985374694266,0.8674251645693329,2.8362930866687917,-0.834862435198637,-0.5504586399487263
394,5776,0.7787315212207916,alpha,1265.2800000000002,218.23514976501465,73.9970703125,17.099055336333524,49.08561706542969,2.5714282684290732,0.7528560548362528,0.5941991226084193,17.099055336333524,153.03481163567,31.147169077011963,0.3338467135994054,0.787550117236639,2.9492404069968856,0.9898477143198016,-0.1421319895585241
394,5782,0.9608695652173913,electron_positron,115.2,87.67838325500489,36.53526611328125,3.1531178572180334,64.88516426086426,4.236220948881567,0.5027932960893855,0.3656002909524166,3.1531178572180334,137.7304347826087,21.435574551028385,0.18831168829402523,0.8932414432767747,2.3998287841437715,0.7686149109609544,-0.6397117465300166
394,5780,0.7986688851913477,electron_positron,966.4000000000001,698.1328659057617,226.72939453125002,4.2623498466000695,54.46232223510742,3.5695456301745896,0.08721517890663355,0.0671048952459915,4.2623498466000695,124.81173982020096,22.971057357846796,0.024916705427883528,0.7247640826545056,3.079145813224224,0.9459459456393514,-0.3243243252185585
395,5795,0.8568464730290456,electron_positron,230.72000000000003,209.69991235733033,87.32269897460938,2.6421537894412306,2.313720703125,9.604795096415417,0.34219269102990035,0.29061568250632586,2.6421537894412306,90.28008298755186,14.488598235553637,0.06593235816004973,0.8683452992806869,2.401436451458106,0.08067631526951786,0.996740353429384
395,5787,0.9309721720274665,alpha,1705.92,181.01362066268922,59.6538330078125,28.596988893850057,-65.55604553222656,1.5975177687509277,0.925199583477959,0.7658216679004586,28.596988893850057,171.65413805565595,38.65221207663013,0.654253439235396,0.9068093019427877,3.034400499276936,-0.753424650358376,-0.657534254797694
395,5788,0.5466194111232279,alpha,2182.7200000000003,449.170387172699,168.904150390625,12.922832239184288,-81.22218322753906,6.515810400689318,0.554327509142625,0.49852371605851237,12.922832239184288,182.48854961832063,51.18146804758523,0.13595201818147332,0.8028966070249344,2.6593211956834786,-0.3016317058265648,-0.9534245193197817
395,5792,0.6848673946957878,electron_positron,352.32000000000005,161.4253956794739,60.396557617187504,5.833445048857183,33.95906066894531,3.4466767857107095,0.4309197651663405,0.3328997615733883,5.833445048857183,147.19500780031203,37.41475227803141,0.1699039368761174,0.8316997354254282,2.6727582174904594,0.9266475756144259,0.3759312046211472
395,5789,1.0,electron_positron,24.0,42.84507913589478,16.118550109863282,1.4889676699465602,-3.5763344764709473,4.750000196727821,0.45180722891566266,0.4387861610976817,1.4889676699465602,133.96825396825395,24.973616715886607,0.16429305567246935,0.8755426198179052,2.6581224020687175,-0.12451362219157457,0.9922178983916455
396,5799,0.9016712009327633,alpha,1581.1200000000001,184.60184564590455,68.84139404296876,22.967576731713365,38.65980911254883,2.1692912734628846,0.900492072170585,0.7237413545925107,22.967576731713365,229.97901282549552,31.46030550798089,0.5830457294316798,0.9007146048366327,2.68155298439601,0.9756097626754329,0.21951216588696298
396,5798,0.8870238863783085,alpha,1864.6400000000003,322.42926225662234,122.70548095703126,15.196061214681647,-79.11447143554688,4.004931244656191,0.6936904761904762,0.49597768477594073,15.196061214681647,177.21239509360876,42.72702340887984,0.22539068387555392,0.8303037263901907,2.627667971649367,-0.3708987650625528,-0.9286733042760911
396,5797,0.9397014925373134,alpha,1018.2400000000002,149.36854152679444,49.6,20.529032258064518,-90.0,1.631578947368421,0.8794914317302377,0.6752971137521222,20.529032258064518,211.64776119402984,45.665638665075605,0.573510979688445,0.8669378718078834,3.0114625307821457,-1.2246467991473532e-16,-1.0
396,5800,1.0,electron_positron,25.6,80.89015827178956,33.59585266113282,0.7619988174795382,14.82647705078125,8.58720881990309,0.20887728459530025,0.19476936728521116,0.7619988174795382,126.03448275862068,28.83940801433899,0.049165273451043295,0.8792594405313876,2.407742380813919,0.4947452630915086,0.8690380455702236
396,5796,0.9535131298793471,alpha,1715.2,258.30175800323485,108.04206542968751,15.875298136689473,-46.921958923339844,4.658704516465902,0.838154808444097,0.6845326663786261,15.875298136689473,228.95422285308732,30.596501135614698,0.32305012100242,0.8974026401532076,2.390751759288928,-0.997750375498002,-0.06703870668200512
397,5808,0.7666165413533834,alpha,1977.6000000000001,422.117399597168,169.60003662109375,11.660374840709434,36.869895935058594,4.884793080386121,0.4770727188513201,0.33584024786420197,11.660374840709434,192.49744360902255,47.56572730987614,0.13947032384370403,0.847733402667049,2.488899224357053,0.9599999832790487,0.2800000573289695
397,5818,1.0,electron_positron,29.760000000000005,52.17056245803833,19.906538391113283,1.4949861907324644,-68.19859313964844,4.785713748562694,0.4246575342465753,0.3594083424415811,1.4949861907324644,131.11688311688312,17.00799966553099,0.13740158830743202,0.8432163878300426,2.620775216314275,-0.6896551060359033,-0.7241379942515149
397,5807,0.9710860366713682,alpha,862.0800000000002,122.60386657714844,43.2,19.955555555555556,-90.0,1.6875,0.9479239971850809,0.7795138888888888,19.955555555555556,126.6509167842031,29.072646276196316,0.720691002472739,0.9314100908877411,2.8380524670636214,-1.2246467991473532e-16,-1.0
397,5806,0.9831831831831832,alpha,1011.2,151.63128318786622,45.09425964355469,22.424140189748755,-82.40535736083984,1.3691814601372008,0.8851540616246498,0.6808564382697393,22.424140189748755,168.04144144144144,51.78595436403309,0.5526743440957986,0.8328394011374978,3.3625406955658677,-0.2620087090519994,-0.9650655088546605
397,5816,0.8138297872340425,electron_positron,97.92000000000002,64.34112491607667,27.1529052734375,3.6062439364744834,45.0,4.0,0.7303102625298329,0.5312498092058405,3.6062439364744834,97.14893617021276,9.66068744173985,0.29723775294824395,0.9025119487566458,2.3695852899770093,1.0,6.123233995736766e-17
397,5815,1.0,electron_positron,818.2400000000001,672.5271536827088,163.2985595703125,5.010699433926637,0.6193923950195312,1.456533465034599,0.06929914900536614,0.04469268698969517,5.010699433926637,136.5691105769231,33.80675473978313,0.022733741766444902,0.6988405670423923,4.118389993471648,0.02161918885914689,0.9997662780235551
397,5812,0.891156462585034,electron_positron,67.52000000000001,75.73523740768432,31.853323364257815,2.119716025479567,49.9697380065918,6.190477164835729,0.5523560209424084,0.41195242021093753,2.119716025479567,131.0816326530612,8.911896966332696,0.1479266136186441,0.8807224830126406,2.377624354658887,0.9849906355345178,-0.17260778635191004
397,5809,0.8859649122807017,electron_positron,80.64000000000001,184.13321647644045,70.1178955078125,1.150063039057057,24.567169189453125,7.462389866634188,0.17379310344827587,0.12239698163350714,1.150063039057057,122.69298245614034,20.092604554204108,0.029887948346355643,0.7911565953439849,2.6260516683066224,0.7562457312052772,0.6542876997420902
397,5805,0.9883564711150918,alpha,2750.0800000000004,305.25079135894777,105.794921875,25.99444237266232,-45.5787239074707,2.6519622385340695,0.8194126620900076,0.6516029159272957,25.99444237266232,218.62472010747874,35.887852857704516,0.37088698595505676,0.8141109493131716,2.885306647511977,-0.9997959611773316,-0.02019990132390921
397,5810,0.9105263157894737,electron_positron,180.48000000000002,175.08224983215334,65.22352905273438,2.7670995823313813,-61.927513122558594,6.5377355777907615,0.31438127090301005,0.2773625660775161,2.7670995823313813,134.96052631578948,18.759727855080232,0.07398687918425031,0.8067443437452306,2.684341868263464,-0.8304498258537351,-0.5570934272987801
398,5822,0.96045197740113,electron_positron,226.56,1000.7959581375122,481.68002929687503,0.47035373322559687,-88.8826675415039,44.1561354456646,0.056257449344457686,0.04311784148909117,0.47035373322559687,93.51863354037268,19.393953418235466,0.0028425100874486468,0.9679753647654757,2.0777194346180567,-0.03899237301318372,-0.9992395082495491
398,5829,0.7946096654275093,electron_positron,594.88,260.30377893447877,96.46070556640626,6.167070793303165,-78.46537780761719,3.794839643810322,0.33137254901960783,0.24261739114587244,6.167070793303165,122.26301115241635,31.302941294451713,0.11032610505538057,0.8151241547614824,2.698547324591964,-0.3918433121117645,-0.9200319661583951
398,5825,0.8868613138686131,electron_positron,144.32000000000002,81.63330411911011,33.6,4.295238095238095,-90.0,5.25,0.7843478260869565,0.6711309523809523,4.295238095238095,104.44160583941606,12.35596810396676,0.27214579872990485,0.903004241646197,2.4295626225925626,-1.2246467991473532e-16,-1.0
398,5820,0.8324396782841823,alpha,904.96,145.73321647644045,58.35186767578125,15.508672404938304,-27.979473114013672,2.9596863596864216,0.9296515450361604,0.7866210286323377,15.508672404938304,138.7754691689008,42.89626634492614,0.535453974859955,0.9232763428185988,2.497490179511881,-0.8286366849214424,0.5597867847693462
398,5819,0.9336633663366337,alpha,2481.92,292.06256637573244,103.65267333984376,23.944582614503183,-48.30186462402344,2.638650977196913,0.7933715220949263,0.6095491247696002,23.944582614503183,192.40594059405942,41.22645820099575,0.3656333896131459,0.8250495441307027,2.817704135986472,-0.9933652825064053,-0.11500180655524266
399,5834,0.8416666666666667,electron_positron,40.96000000000001,91.31370830535889,40.800000000000004,1.003921568627451,0.0,10.2,0.3076923076923077,0.25098039215686274,1.003921568627451,91.59166666666667,21.258134064138524,0.06173022384276368,0.9452083999765095,2.238081085915659,0.0,1.0
400,5839,0.924325420977886,alpha,2989.76,476.3427952766419,122.6519775390625,24.37596245888342,-56.752933502197266,1.6459496074188258,0.47673231962445145,0.3271174802450876,24.37596245888342,208.48103063501725,47.04469343544549,0.16557966113640588,0.6668678150080545,3.883694375208382,-0.9170192382532515,-0.3988429724508462
400,5847,0.9880952380952381,electron_positron,193.92000000000002,292.95272464752196,124.71934814453125,1.5548509744877392,-30.793235778808594,11.750818348546826,0.1902071563088512,0.146495083818858,1.5548509744877392,95.27548806941432,12.091481827626389,0.028394706458464734,0.8705133656656705,2.348895572385715,-0.8795362459269181,0.47583189479141025
400,5845,0.8940269749518305,electron_positron,274.24,163.41362066268923,65.18426513671875,4.2071502904083315,22.7509765625,5.445328123799012,0.4869318181818182,0.35145466086576616,4.2071502904083315,115.51445086705202,13.820319687299127,0.1290518275822562,0.8457479988980342,2.5069488828314976,0.7132743416585587,0.7008849502818202
400,5843,0.6947608200455581,electron_positron,491.20000000000005,200.71555395126344,75.4046142578125,6.514190210171494,-41.68906021118164,4.222686594355067,0.4525353773584906,0.3647970876095319,6.514190210171494,118.01822323462414,30.079426149461636,0.1532167215980349,0.8281966516217742,2.6618471021548626,-0.9933288020455512,0.11531648202555482
400,5841,0.5107913669064749,electron_positron,39.36000000000001,128.6960457801819,59.17669677734375,0.6651266823509027,10.22216796875,10.588916761376241,0.19617224880382775,0.11901595490677166,0.6651266823509027,109.36690647482015,15.745797148451159,0.02986307652683377,0.9406486354984779,2.1747757612157588,0.34929721927328083,0.9370119810375711
400,5840,0.992,electron_positron,120.96000000000002,111.90579986572266,46.35237426757813,2.609575063010469,51.34019088745117,7.134614851652112,0.47309136420525655,0.40166902548675587,2.609575063010469,133.44400000000002,17.324631713257112,0.1213798092441694,0.8720826168789594,2.41424094523669,0.9756097626754329,-0.21951216588696287
401,5851,0.9755658821765852,alpha,4135.360000000001,377.6723204612732,125.00904541015626,33.08048618747413,-32.06194305419922,2.629525002591782,0.7964869029275808,0.6958373711474499,33.08048618747413,211.6294408634388,40.13272833172425,0.3643282715486033,0.8077644170267132,3.0211599426435547,-0.899739799616993,0.4364267326656024
401,5850,0.9786571809693198,alpha,1375.0400000000002,178.75087900161745,52.80745239257813,26.03874903446879,-56.309932708740234,1.3918127629564305,0.839913995308835,0.6862869082979399,26.03874903446879,128.60515784793242,35.44872975382974,0.540790213610655,0.8518196371536811,3.384955548939531,-0.9230769199256638,-0.384615392178407
401,5849,1.0,alpha,585.2800000000001,122.91168737411499,39.005590820312506,15.005028450824296,13.134017944335938,1.5420944229020475,0.8121669626998224,0.5932270272766326,15.005028450824296,172.04883011190233,27.18471640194452,0.48684104515617016,0.8549512011722359,3.1511299992950668,0.4425709909618477,0.896733470970638
401,5848,0.9866490610328639,alpha,4208.320000000001,421.970387172699,165.640234375,25.406387620006655,-81.11933898925781,4.518867692826183,0.8044901205114088,0.6931172528260747,25.406387620006655,217.949970657277,36.10229731579436,0.2969987841759084,0.862890187625259,2.5475114108893506,-0.3050524927255107,-0.9523355378657
402,5869,0.5073863636363637,alpha,1035.2,261.8566788673401,85.45227661132813,12.114364193109948,49.763641357421875,2.050732726216105,0.45756718528995755,0.29072745739834077,12.114364193109948,137.6505681818182,32.714606998110256,0.18971724812419255,0.7782443999551922,3.0643616443172284,0.9862068984774369,-0.16551722990527146
402,5875,0.6609442060085837,electron_positron,4160.64,1794.4383152008058,512.99306640625,8.110518976693346,-72.57350158691406,4.479928669762277,0.10163370593293207,0.07082853330724247,8.110518976693346,115.20598802395209,24.189815825931213,0.016237267160277558,0.6147928821127759,3.4979777168757136,-0.5714728610870423,-0.820620965513915
402,5868,0.9002923026956804,alpha,1855.3600000000004,322.8507913589478,76.7670654296875,24.16869773014004,-50.47737121582031,1.7301807377995762,0.6871296515762029,0.5447155630651134,24.16869773014004,180.94121468009092,45.2087086024744,0.22368370254489753,0.6181013300176745,4.205589852260971,-0.9817775959980903,-0.19003355492178348
402,5867,0.8463706835799859,alpha,1730.88,231.55087900161743,97.61930541992189,17.730919028304896,85.60129451751709,3.815347904453057,0.8696141479099678,0.6929943259447139,17.730919028304896,210.56518675123328,42.87511339922176,0.4056803346788233,0.9176136801674607,2.3719783500361107,0.15294118086838251,-0.988235293437036
402,5879,0.6146341463414634,electron_positron,616.96,511.4623910903931,155.52410888671875,3.9669733806311904,8.746162414550781,3.856712498016291,0.15646810582697615,0.09837366004470817,3.9669733806311904,99.35909822866344,15.903843563383703,0.02963735639406765,0.6708419454669543,3.28863733572609,0.30057803974237945,0.9537572238387653
402,5865,0.7265696087352138,alpha,1313.6000000000001,255.3900706291199,90.0617431640625,14.585549355924172,-42.15786361694336,2.5781142956882848,0.6022593896713615,0.4175270429362513,14.585549355924172,203.21155595996362,40.59307050820584,0.2530841733577455,0.8240023124745487,2.8357220464174695,-0.9950827949523154,0.09904661119840558
402,5864,0.9939877140243105,alpha,4732.160000000001,457.98014125823977,161.85509033203127,29.237016829636914,-82.18470764160156,3.5341027640761262,0.7983587971710846,0.6383896964809367,29.237016829636914,192.84616390014378,36.57126354574639,0.2835149671254842,0.7819005458694918,2.829568970112305,-0.2694339223163137,-0.9630188791011558
402,5876,0.8569277108433735,electron_positron,312.32000000000005,326.3919162750244,133.17338867187502,2.3452132825839787,-34.12854766845703,10.099886406453816,0.22207053469852106,0.1778612678495821,2.3452132825839787,99.38253012048193,27.174825493210474,0.036840954347073844,0.8388726831663227,2.4508794101441636,-0.9288554344678195,0.3704424136888193
402,5870,0.6101083032490975,electron_positron,302.72,145.2312831878662,44.465509033203126,6.807973338930046,24.567169189453125,2.0807392861360716,0.48863636363636365,0.3185754058207455,6.807973338930046,133.63718411552347,32.32277627987776,0.1803560144465486,0.7622748357272253,3.2661558665486012,0.7562457312052772,0.6542876997420902
402,5873,0.8548895899053628,electron_positron,108.16000000000003,261.0469247817993,113.8533935546875,0.9499936420256742,71.27421188354492,21.73038652456115,0.2011904761904762,0.1813185219391605,0.9499936420256742,108.79495268138801,13.401312606304423,0.01994524519918033,0.8854650639935864,2.2928339387302494,0.6080907057884352,-0.7938675541510201
403,5884,0.9304672897196262,alpha,1594.2400000000002,317.3214414596558,130.32928466796875,12.232400446772491,-7.495857238769531,5.491645122318959,0.619266625233064,0.5154329084127963,12.232400446772491,223.6856074766355,33.86174527184433,0.19895952190597668,0.8745717172898599,2.434767000126445,-0.2586793602038495,0.9659632439200402
403,5889,1.0,electron_positron,42.88,52.364674949646,20.79092254638672,2.062438542798197,-27.758541107177734,4.500000082565543,0.536,0.44639546860758206,2.062438542798197,97.29896907216495,10.370621618380403,0.1965114303026503,0.8667116286269758,2.518631620738086,-0.8242950208482547,0.5661605060446864
403,5883,0.9830051254383598,alpha,2281.92,245.676362323761,92.69174194335938,24.618374325022398,84.8826847076416,2.5997330699582504,0.854523666866387,0.6904736119910304,24.618374325022398,225.52549231184244,35.862385497153035,0.4750983617047102,0.8910536731788209,2.6504665590801504,0.1776795732075162,-0.9840883950462961
403,5882,0.8005512402906539,alpha,2438.7200000000003,327.95861215591435,136.8608642578125,17.818972671442776,27.979476928710938,5.0811480081168625,0.8252301028695181,0.6615538926134019,17.818972671442776,223.80330744174393,40.07762011724912,0.2849270778930616,0.8839962637571399,2.396292131679954,0.8286367594615541,0.5597866744296924
403,5887,0.9856115107913669,electron_positron,59.2,79.0960457801819,34.489111328125,1.716483774742085,10.304847717285156,8.456139832360842,0.4719387755102041,0.4208524447355407,1.716483774742085,96.37410071942446,9.90042029577643,0.11891099844595623,0.9076524100223796,2.2933628247962727,0.35200004079232017,0.9359999846592973
403,5880,0.9476584022038568,alpha,3763.2000000000003,521.6585245132446,151.03801269531252,24.91558206338074,-81.8698959350586,3.5131579442389573,0.692538719745598,0.5795387101516086,24.91558206338074,148.79436071949442,38.57085574549838,0.17377790081277122,0.6484081602116103,3.4538227510023005,-0.2800000573289693,-0.9599999832790488
403,5885,0.864406779661017,electron_positron,58.88000000000001,42.65096664428711,17.166407775878906,3.429954639824778,-82.87498474121094,3.3269231679144156,0.7603305785123967,0.6647398631741028,3.429954639824778,106.08474576271186,10.871807944689396,0.4067428322144088,0.9296978228992026,2.484559798481393,-0.2461538092725674,-0.9692307785974424
404,5893,0.69344,alpha,1878.08,331.3665205955506,125.14882812500001,15.006772561419062,-7.957525253295898,4.193548776343788,0.6614448326383411,0.5028543507331259,15.006772561419062,220.32864,33.731995430902096,0.21493477969458366,0.8173476559369192,2.6477796521161037,-0.2742118403048671,0.9616693125168433
404,5892,0.9960601719197708,alpha,1699.5200000000002,242.31555395126344,72.8,23.345054945054947,-90.0,2.116279069767442,0.8259720062208398,0.6786353181702018,23.345054945054947,201.55730659025787,37.17408916256676,0.3637253412338293,0.7549570150078745,3.328510356473399,-1.2246467991473532e-16,-1.0
404,5891,0.9819450143619204,alpha,3010.2400000000002,307.3194205284119,121.2647705078125,24.823697660864042,25.924903869628906,3.3633594286289856,0.8682850286136238,0.6885018396643355,24.823697660864042,222.24456298727944,40.27331347933354,0.4005262413631994,0.8717529227068935,2.534284435961661,0.786394184182753,0.6177250092747925
404,5896,0.6847826086956522,electron_positron,42.56,44.17056245803833,18.65904541015625,2.2809312622624467,30.963756561279297,3.9999996728924234,0.6551724137931034,0.48897058249152336,2.2809312622624467,109.54347826086956,13.376173693710392,0.2741230935539294,0.9120247358333652,2.3672466349214187,0.882352941656223,0.47058823439458186
404,5890,0.6020087884494664,alpha,969.2800000000002,132.947012424469,49.6,19.54193548387097,0.0,2.1379310344827585,0.9609771573604061,0.8423248053392659,19.54193548387097,204.96045197740114,50.939278676054805,0.6891312606263893,0.9538160930207071,2.6803833150094554,0.0,1.0
405,5910,0.6980440097799511,electron_positron,426.88000000000005,271.14885807037354,102.71888427734376,4.155808379376596,67.7509765625,5.996069473971488,0.32978986402966626,0.24258943171514855,4.155808379376596,110.58312958435208,26.60171803531948,0.07296256822107382,0.7955891379994705,2.6397177108959275,0.7008849502818202,-0.7132743416585587
405,5902,0.898283695103483,alpha,2437.44,274.15474557876587,102.73061523437501,23.726520029487773,28.442928314208984,2.7906051053097385,0.8398015435501653,0.6445142742936397,23.726520029487773,213.30085815244826,39.3498057529144,0.40752312903040017,0.8520872335199752,2.6686761775279444,0.8375838867028766,0.5463087339002579
405,5908,0.8960573476702509,electron_positron,300.8,156.43128318786623,62.81236572265625,4.788865958785283,-70.01689147949219,6.251699922986536,0.5542452830188679,0.4766346976632348,4.788865958785283,94.16308243727599,15.748480014167894,0.15446869601854524,0.8459494345016793,2.4904536135221838,-0.6423358198925555,-0.7664233128519503
405,5906,0.8535564853556485,electron_positron,87.04000000000002,180.43128318786623,75.2674072265625,1.156410233954264,13.392494201660156,10.803191466645174,0.17503217503217502,0.1659804905168435,1.156410233954264,94.7907949790795,10.287812131231151,0.03359735365518381,0.8775177084533347,2.3972033823983043,0.45064366613646084,0.8927039185368741
405,5900,0.9543125533731853,alpha,1436.16,167.129349899292,61.6,23.314285714285717,0.0,2.264705882352941,0.9468354430379747,0.8571428571428571,23.314285714285717,200.02433817250213,47.752652323152546,0.6461111605668951,0.936058086956505,2.7131387970664282,0.0,1.0
405,5899,0.7077001013171226,alpha,1173.76,243.60773315429688,92.43441162109376,12.698301199897998,2.4895553588867188,3.4455956215127586,0.674264705882353,0.473343317144393,12.698301199897998,205.63373860182372,40.74677897034952,0.2485461431158862,0.8482522243833421,2.6354658279525958,0.08679253757261726,0.9962264077114729
406,5915,0.7550135501355013,alpha,1103.3600000000001,217.18418312072754,59.6142822265625,18.50831644347758,32.0053825378418,1.7752524938123282,0.7104883577168761,0.5511587776512915,18.50831644347758,199.19132791327914,39.925020927591454,0.2939481370500501,0.6968057079298815,3.643156891419489,0.8988763942422683,0.43820226822098757
406,5923,0.7363636363636363,electron_positron,53.760000000000005,43.976449966430664,17.70875396728516,3.0357867131315555,-18.434947967529297,3.3333332854637603,0.7368421052631579,0.5714286232190157,3.0357867131315555,152.53636363636363,27.909814915098284,0.3493242929689871,0.9180403511834605,2.483317010766087,-0.5999999761129289,0.8000000179153027
406,5914,0.9543501611170784,alpha,1139.2,142.19209156036376,50.400000000000006,22.603174603174605,0.0,1.8,0.9453000531067446,0.8072562358276644,22.603174603174605,215.1691729323308,36.06341912511527,0.7080418943657332,0.9390484723586197,2.8212716579437256,0.0,1.0
406,5913,0.9344031531531531,alpha,2177.92,269.9370830535889,109.13438720703125,19.95631309010257,27.349876403808594,4.526422930805875,0.9119656974407075,0.8277016575355082,19.95631309010257,214.11007882882882,43.259567626249016,0.37560095337068217,0.8945495538239102,2.4734374743087164,0.8161350970093005,0.5778611454576433
406,5912,0.7105126877265665,alpha,1111.0400000000002,334.9214414596558,145.1079833984375,7.656642825428195,10.203971862792969,8.677024572836737,0.6205540661304736,0.4578444023941272,7.656642825428195,223.0502330398757,38.00130913956288,0.1244668376422845,0.8951017372574476,2.3080841840385067,0.34870199265130475,0.9372336530028195
406,5911,0.7798845836768343,alpha,707.8400000000001,188.1567665100098,65.83101806640626,10.752378146210269,-72.55281066894531,2.971456656510193,0.6599045346062052,0.48533695139944255,10.752378146210269,223.33305853256388,34.56963585708871,0.2512495443549646,0.8053908741701334,2.8581779841260984,-0.572065404890572,-0.8202080056469736
407,5929,0.8806333739342266,alpha,1001.9200000000001,137.03717069625856,46.57256164550782,21.513096222325597,-1.735704779624939,1.6713045013382244,0.9146947122407245,0.772019688926928,21.513096222325597,174.68087697929354,30.788647119279737,0.6704496107412973,0.9078559321022981,2.942444346079395,-0.06055046535994779,0.9981651372116208
407,5928,0.9327607875994973,alpha,2960.9600000000005,275.15861215591434,110.22857666015625,26.861999761902787,31.5347900390625,2.9874002123950016,0.9227163940965297,0.7280103420138738,26.861999761902787,209.31964809384164,41.901409953072815,0.49144642926096244,0.9113726828164163,2.4962547870344993,0.8915571937620712,0.45290812561832067
408,5951,0.6515502082369273,electron_positron,1035.8400000000001,976.746486568451,320.245751953125,3.234515973069388,67.80228042602539,6.966293993605155,0.10598173067478636,0.0703603062897501,3.234515973069388,117.21795465062472,23.307278251852527,0.013643909382338181,0.6699736978137893,3.049990454553849,0.6996064649246638,-0.7145283718898887
408,5940,0.917439293598234,alpha,2788.4800000000005,320.2664329528809,108.21743164062501,25.767382922745323,19.358993530273438,2.5273940393145407,0.8231626676742868,0.6017914953290578,25.767382922745323,184.32008830022076,45.89015551839124,0.34162886055250813,0.7750377135984775,2.959471760671987,0.6254876287156413,0.7802340843129605
408,5939,0.5606060606060606,alpha,220.8,83.97644996643066,36.0,6.133333333333334,0.0,4.090909090909091,0.9175531914893617,0.696969696969697,6.133333333333334,199.6388888888889,38.345365737112196,0.3934539508034636,0.9555359841027877,2.332679165734185,0.0,1.0
409,5966,1.0,electron_positron,172.16000000000003,405.4270660400391,181.92559814453125,0.9463209232558194,-53.64860153198242,14.413248605193493,0.10479158550837553,0.07497327955105237,0.9463209232558194,98.9224318658281,15.159538028827061,0.013161841026828658,0.9094865202020821,2.2285322690979776,-0.9547753149405678,-0.2973282663658797
409,5965,0.5389386629910407,electron_positron,765.44,464.72126617431644,177.6406982421875,4.3089224911536474,25.21892547607422,8.471164189235061,0.23994382586016652,0.20547988305858633,4.3089224911536474,97.73259820813232,28.67780388443088,0.0445385346336516,0.8024294796867251,2.6160743048911907,0.7709341720301125,0.6369148313520772
409,5964,0.6067307692307692,electron_positron,563.5200000000001,286.405712223053,102.52196044921875,5.496578465051136,15.689994812011719,4.9589784217455595,0.32922041503084687,0.2658690282763474,5.496578465051136,97.91826923076924,10.65950518788705,0.08632882845898898,0.772373163888109,2.793603545700003,0.520711500063319,0.8537327062387899
409,5960,0.8798830720170077,alpha,2319.36,252.61159973144532,89.16298828125001,26.012587113881377,14.500167846679688,2.253459389155741,0.8533082175653403,0.6574287133928912,26.012587113881377,131.63220834440605,36.75751345962386,0.456742525263405,0.8367699074169882,2.8331441621788573,0.4848147445949957,0.8746168666469273
409,5963,0.8791208791208791,electron_positron,43.2,39.645079135894775,16.19676971435547,2.6671985069782846,32.0053825378418,3.6037741678334405,0.7297297297297297,0.5934504996643252,2.6671985069782846,108.40659340659342,10.59958326153428,0.3453941938120881,0.9033986953150389,2.447715182414224,0.8988763942422683,0.43820226822098757
409,5959,0.75,alpha,496.0,109.69015827178956,44.800000000000004,11.071428571428571,0.0,2.9473684210526314,0.9544334975369458,0.7283834586466166,11.071428571428571,191.9654761904762,45.22270287947879,0.5180315542943381,0.9534707467333198,2.4484410328524455,0.0,1.0
409,5961,0.703416149068323,electron_positron,354.24,157.44894571304323,63.627288818359375,5.567422509723307,29.31000518798828,4.159200085620188,0.4955237242614145,0.3639322782592516,5.567422509723307,145.6226708074534,25.407526548035925,0.17956758810216586,0.8813495080673565,2.474550599861675,0.85373270623879,0.520711500063319
410,5968,0.9688731284475965,alpha,1554.88,192.2136206626892,77.05355834960938,20.17921084118087,12.724357604980469,2.823801074142014,0.9126596543951916,0.7395125996663796,20.17921084118087,228.70488573680063,36.20704818981692,0.528857201442465,0.9126087080980728,2.494545674199401,0.4297030308007504,0.9029702682373597
410,5973,0.8773584905660378,electron_positron,154.24,134.85483322143554,50.76495361328125,3.0383165751509202,4.9697418212890625,4.665605162533822,0.35233918128654973,0.2792396031014507,3.0383165751509202,88.96540880503146,15.467618792890697,0.10657954161425094,0.829248870116417,2.6564553618769486,0.17260791751134524,0.9849906125503921
410,5970,0.7129411764705882,electron_positron,231.36,113.58620405197144,44.796606445312506,5.164676933339656,-57.339088439941406,4.330550824618756,0.6222030981067126,0.4992765686362359,5.164676933339656,109.65176470588234,21.87872784647067,0.22534450251176233,0.8687534943006736,2.5355984094607025,-0.9086672710479833,-0.4175210060897665
410,5971,1.0,electron_positron,420.8,354.60957880020146,136.33018798828127,3.0866237787053548,-45.0,4.084746229196771,0.1471575649059982,0.09248190020906856,3.0866237787053548,126.82063305978897,18.013006791405793,0.042051807703580295,0.8215406966036999,2.601108265402547,-1.0,6.123233995736766e-17
411,5976,0.7789772727272727,alpha,2140.1600000000003,315.1253080368042,85.552734375,25.015682030911126,12.362495422363281,1.9970015684563749,0.7656554092730395,0.5839247175053891,25.015682030911126,209.90482954545453,51.8144721301881,0.2708254917285492,0.6778910328327389,3.683404280867606,0.4182633003439054,0.9083258289762677
411,5982,0.8624338624338624,electron_positron,91.52000000000001,78.62741661071777,32.856640625000004,2.785433880612985,74.05460357666016,5.537036690608587,0.5447619047619048,0.46940433662238884,2.785433880612985,136.6243386243386,13.071704576734586,0.1860278051643581,0.9004872170815753,2.393044910102333,0.5283019022756734,-0.8490565941395808
411,5975,0.6122448979591837,alpha,282.24,83.42741661071778,32.800000000000004,8.604878048780488,0.0,2.411764705882353,0.9382978723404255,0.6327116212338594,8.604878048780488,144.43673469387755,23.87555058775372,0.5095781952671764,0.9468306206923205,2.543518799107249,0.0,1.0
412,5985,0.6515679442508711,electron_positron,327.04,113.11757488250733,43.22507934570313,7.565978014393398,24.227745056152344,2.7751756086961548,0.668848167539267,0.48575775821133715,7.565978014393398,82.81881533101046,7.323195547139694,0.3211815329819758,0.8739667922438399,2.6169431402964447,0.7484407423800086,0.6632016700413695
412,5984,0.7308868501529052,electron_positron,653.1200000000001,648.5466618537903,232.931103515625,2.80391922822874,61.68026542663574,9.944048780344811,0.18750574184657787,0.1197019597676144,2.80391922822874,116.81000725163162,14.301737038065182,0.0195128358201864,0.7296360358562772,2.784285361917267,0.8352268729258846,-0.5499055107402073
413,5990,0.8553719008264463,electron_positron,387.52000000000004,213.40184564590456,63.933837890625,6.06126603353534,73.70595359802246,3.565217169332091,0.42063216394581454,0.3380014471776045,6.06126603353534,108.17355371900827,26.05715619073753,0.10693198852750034,0.6744308059376931,3.3378544552726894,0.538595695105468,-0.842564346037653
413,5988,0.7151561309977151,electron_positron,731.5200000000001,305.52530803680423,114.7214111328125,6.376490602553018,35.71995544433594,4.476081804658675,0.33691967575534265,0.24879133966214895,6.376490602553018,131.37166793602438,30.358289846633337,0.0984785594600615,0.807913196408703,2.663193426753606,0.9479903595862615,0.3182990388479215
414,5998,0.9947643979057592,electron_positron,100.48000000000002,60.75289993286133,25.222340393066407,3.983769881546038,30.256439208984375,3.775861818875411,0.7548076923076923,0.5963825860922318,3.983769881546038,110.16753926701571,13.624477269084078,0.3421018827471759,0.9093638244516288,2.4086939984983404,0.8704663563885263,0.49222791712344305
414,5994,0.5881188118811881,electron_positron,283.84000000000003,109.06072072982789,33.67686157226563,8.428338828157157,-19.2900447845459,1.9141630141938206,0.623330990864371,0.4790593215265203,8.428338828157157,130.53861386138615,9.512628087343636,0.2998794705205221,0.7751813981976845,3.2384466852945755,-0.6236079786691591,0.7817372249932618
460,7511,0.7716324710080286,electron_positron,598.4,344.38014125823975,117.985888671875,5.071792963853348,58.768089294433594,4.956588840192588,0.32572722522208675,0.21306609364375012,5.071792963853348,112.99464763603926,31.11312798758753,0.06340525437162489,0.7277605928193084,2.9188248284163807,0.886719091903297,-0.4623086112697797
460,7512,0.8571428571428571,electron_positron,142.72,318.5056245803833,132.67840576171875,1.075683711909497,31.087505340576172,15.015964542809998,0.1810064935064935,0.12174120109884268,1.075683711909497,97.02295918367346,18.373588614916002,0.017679113700389354,0.8445294475532191,2.4005837479868233,0.8843774784704668,0.46677240232710737
460,7504,1.0,electron_positron,68.16000000000001,68.947012424469,28.48349304199219,2.3929649323386766,-37.234832763671875,3.9366191175783656,0.4930555555555556,0.3307245879728025,2.3929649323386766,131.77241379310345,21.443991145366677,0.1801808125842264,0.8932602741507133,2.4205954067088227,-0.9634888324306417,0.26774851966246027
460,7500,1.0,electron_positron,101.12,117.36854152679444,49.09096069335938,2.0598496866181453,-50.9644889831543,6.750577231521247,0.3752969121140142,0.2832532547427129,2.0598496866181453,109.13513513513513,14.687732508559678,0.09224514315908368,0.8709184269505623,2.3908381475751215,-0.9784045699387556,-0.20669905060971777
460,7501,1.0,electron_positron,116.48,93.69015827178956,40.00651550292969,2.9115257486363726,78.959059715271,7.203447829638334,0.5928338762214984,0.5242402036592,2.9115257486363726,101.57383966244726,12.119301097697555,0.16675285596063905,0.9038060543271947,2.341872494867207,0.37593123546879437,-0.9266475630998583
460,7499,0.7724550898203593,electron_positron,226.56,253.48224983215334,68.3448974609375,3.3149512021653162,85.79464292526245,3.136779385873379,0.25213675213675213,0.15214406608878836,3.3149512021653162,101.11177644710578,16.209933902507974,0.04430961675817349,0.6005276138642752,3.7088686829478528,0.14626801714857654,-0.9892449985516347
460,7495,1.0,electron_positron,168.96000000000004,189.87047481536865,54.99866333007813,3.0720746609054,-9.619728088378906,2.064224762960706,0.1670886075949367,0.11530194016982544,3.0720746609054,158.45945945945948,28.2957303575039,0.05889506317526373,0.7120554278124719,3.45227435212104,-0.329516904236185,0.944149675540166
460,7516,0.99812923844415,v_track,7877.120000000002,949.3052740097046,243.5763671875,32.339426402300994,-3.5119426250457764,1.741488134637029,0.3420694255301409,0.23121589344183655,32.339426402300994,227.60893288642922,32.223950126420306,0.10984126813153232,0.6649799115141622,3.897361985364324,-0.12228310172793927,0.9924952609618821
461,7553,0.5333333333333333,electron_positron,72.0,219.9626540184021,66.78855590820312,1.0780289979462905,-5.9315266609191895,3.3731731667703833,0.09209987720016373,0.05444613136823583,1.0780289979462905,121.64583333333333,35.054178057765895,0.018700122787327248,0.6635849725284694,3.2934183263481187,-0.2055731596782784,0.978641750601255
461,7532,1.0,alpha,1430.0800000000002,257.76652059555056,89.23566284179688,16.025879726307902,-55.653900146484375,2.982339571745273,0.6189750692520776,0.5355999356953502,16.025879726307902,209.72131147540983,39.92412007034621,0.270468802566074,0.8105767191728213,2.8886043134182438,-0.9316417656402979,-0.363378068290628
461,7531,0.9997342545841085,alpha,2301.1200000000003,305.8331288337708,122.62917480468751,18.7648657317071,-41.08175277709961,3.5838230011084193,0.7373872026251025,0.5484009619171998,18.7648657317071,227.9960138187616,33.76032411735671,0.30915770555684263,0.8889038114332796,2.4939671111778554,-0.9906611957078617,0.13634659995272946
461,7530,1.0,alpha,1152.96,172.73910398483278,59.8078857421875,19.27772543189436,69.32557487487793,2.0975731196884633,0.8216647662485747,0.6761054695861466,19.27772543189436,200.70110701107012,36.96295662133167,0.48555986207778534,0.8795700429406372,2.888232911784498,0.6606419540759165,-0.7507011446073294
461,7540,0.5155378486055777,electron_positron,672.6400000000001,377.1565912246704,133.08216552734376,5.05432112059971,70.99778366088867,4.4028839416426875,0.22852794085670797,0.1672169160278775,5.05432112059971,132.79521912350597,23.899997021366136,0.05942225794760716,0.7770321267587295,2.8340130304475535,0.6157224378008613,-0.7879631207033515
461,7557,0.9291666666666667,v_track,5351.68,967.7012321472168,258.330029296875,20.716445604741544,-12.211508750915527,2.2704757417049044,0.27860331845138936,0.18207789209771072,20.716445604741544,209.0822072072072,43.80890113380683,0.07181537178977604,0.6578128913698695,3.745988163981999,-0.4134702465127413,0.9105176303887218
461,7537,0.5563527653213752,electron_positron,1861.7600000000002,788.7838325500488,218.8263916015625,8.507931727859768,17.650123596191406,2.6929636708265092,0.16140487155301558,0.10470195523177914,8.507931727859768,135.27742899850523,23.92707246984885,0.03760257259674973,0.6368204866538257,3.6046101513489317,0.5778611454576433,0.8161350970093005
461,7536,0.5315315315315315,electron_positron,173.12,306.81748723983765,132.0923095703125,1.3105986303301673,-17.667640686035156,11.236310065404949,0.1659509202453988,0.11148485956213838,1.3105986303301673,119.63513513513513,14.8803707006562,0.023109837397078923,0.8748054782737701,2.3227505691882784,-0.5783600728238583,0.8157816044525528
461,7518,1.0,alpha,582.7200000000001,165.72346239089967,71.32210083007813,8.170258492361375,16.073570251464844,4.557868451732962,0.7301523656776263,0.5221237595560663,8.170258492361375,229.17775571002977,27.220260535902526,0.2666255667605093,0.9225848828988109,2.323591992694225,0.53209537505969,0.846684422816487
462,7570,0.9858823529411764,electron_positron,489.28000000000003,464.73506212234497,152.26177978515625,3.2134131145083273,-78.88695526123047,3.7313640788654077,0.1283256399496433,0.07874868061407168,3.2134131145083273,100.63035019455253,20.697504809151084,0.028467966709035775,0.7079939069384951,3.0522108882353365,-0.3782623402882988,-0.9256984400546536
462,7575,0.8425655976676385,electron_positron,336.0,282.5096664428711,107.39696044921875,3.1285801627400174,-69.44395446777344,9.803418426038682,0.33751205400192863,0.28558331899203854,3.1285801627400174,110.14431486880466,9.236345435762527,0.0529032699587392,0.7892491763303933,2.6305182684984096,-0.6575342547976938,-0.7534246503583762
462,7559,0.604297440849831,alpha,2485.1200000000003,454.552724647522,148.97844238281252,16.681071168768682,67.9195556640625,4.310400542777214,0.6585262443822607,0.4826342460690215,16.681071168768682,220.20304200869145,39.38975668057096,0.15114322959902526,0.6966929335511595,3.0511308708645974,0.6966755619039013,-0.7173863404372035
463,7615,0.9038461538461539,electron_positron,187.20000000000002,124.39797906875611,43.20735778808594,4.332595409285101,1.1457595825195312,3.1776469249523687,0.43526785714285715,0.3186368985324488,4.332595409285101,125.07692307692308,15.586504989422474,0.15201591518122123,0.8115970655679062,2.8790924841754104,0.03998389284450138,0.9992003244159798
463,7613,1.0,electron_positron,46.080000000000005,87.83919162750244,36.65641784667969,1.2570786428923768,81.86989784240723,4.628571632252521,0.24489795918367346,0.1587301457097829,1.2570786428923768,147.88,34.76793925443383,0.07504913200589346,0.9129738576768387,2.396284110326914,0.2799999934131037,-0.9600000019211781
463,7612,0.8120300751879699,electron_positron,263.36000000000007,224.005712223053,86.38294677734376,3.0487498959583217,-54.916526794433594,6.841975449493172,0.3269765593961065,0.2414767349110931,3.0487498959583217,127.67293233082707,18.824830138604174,0.06595405336047698,0.8006501557391122,2.593170533999478,-0.9406851965407559,-0.3392806522763706
463,7618,0.8351299060254284,v_track,4409.280000000001,634.6485951423646,144.8,30.450828729281767,-90.0,1.1986754966887416,0.418318710343362,0.2520763967655775,30.450828729281767,225.25939745715866,39.049631271705636,0.13756593250169838,0.6801175985983725,4.382932286894783,-1.2246467991473532e-16,-1.0
463,7586,0.7980132450331126,alpha,711.6800000000001,165.25483322143555,45.6,15.60701754385965,-90.0,1.78125,0.7914590747330961,0.6096491228070176,15.60701754385965,171.36506622516555,28.313640819445517,0.32748113345772045,0.7501980612532667,3.624009500470078,-1.2246467991473532e-16,-1.0
463,7606,1.0,electron_positron,54.08000000000001,104.37442903518678,43.51222839355469,1.2428690047970672,41.53177261352539,8.533558411695298,0.2704,0.2437497605177219,1.2428690047970672,106.2127659574468,13.44323949404165,0.06238186025157978,0.8731501802457059,2.3987378465463145,0.9926807032274415,0.12076846210775491
463,7603,1.0,electron_positron,67.84000000000002,55.450966644287114,23.789492797851565,2.851679124749001,-81.02737426757812,4.68852433873723,0.7043189368770764,0.5620198419640976,2.851679124749001,106.09285714285714,13.265904970784192,0.27725377020340314,0.942777984526867,2.3309015923742145,-0.3081080788025175,-0.951351360842366
463,7601,1.0,electron_positron,69.76,60.75289993286133,25.040704345703126,2.7858641289365536,64.35899353027344,4.474226985416079,0.6123595505617978,0.4977730774385927,2.7858641289365536,114.16083916083916,13.662080824042224,0.23751022432765714,0.8924260741621369,2.4261657776925216,0.7802340843129605,-0.6254876287156415
463,7600,0.9963235294117647,electron_positron,128.96,127.43717069625855,51.86317749023438,2.486542596127718,64.7468376159668,6.618465859524937,0.4269067796610169,0.3173175666651857,2.486542596127718,111.52573529411765,14.059199920355278,0.09978669682935308,0.8655918287011256,2.4571801587022786,0.7716947941061264,-0.6359930382869794
463,7599,0.7014925373134329,electron_positron,251.20000000000002,377.9468371391297,156.35037841796876,1.6066478542729934,72.1323184967041,10.013474721947778,0.1384479717813051,0.10289791325497238,1.6066478542729934,119.03648424543947,21.60105631847584,0.022098768302822473,0.8456250191249005,2.417306826906238,0.5840423188604935,-0.8117232100784464
463,7595,0.5363408521303258,electron_positron,191.68000000000004,173.1744290351868,58.98541870117188,3.249616671724869,-71.05349731445312,3.5077228243855743,0.23325545171339565,0.1932469891866131,3.249616671724869,136.796992481203,13.32103659695771,0.08031915593822957,0.7768736876289165,2.9358853908033082,-0.6141888646855613,-0.789159070464416
464,7631,0.999375,alpha,948.4800000000001,205.75676651000978,56.0941162109375,16.908725265111865,-66.8014144897461,1.7919461608548968,0.68279198341396,0.5401551422938625,16.908725265111865,222.6425,34.225954241627775,0.2815333117170958,0.7163078750868281,3.6680632552668744,-0.7241378105852249,-0.6896552988854918
464,7657,0.5069913589945012,v_track,3834.8800000000006,697.9249574661255,166.67481689453126,23.008154869770408,7.779136657714844,1.640141517751822,0.3533748120189898,0.22640870859725168,23.008154869770408,210.9886881382561,43.69286000036089,0.09893368489520377,0.6241288716988856,4.187344977902447,0.2682183088564667,0.9633581570704517
464,7623,0.9953114534494307,alpha,1826.88,234.31555395126344,94.14035034179688,19.405918858036088,4.763641357421875,3.4560979164871743,0.8340394448502556,0.7124336747130225,19.405918858036088,226.26021433355658,35.197256852973126,0.41813608534608804,0.9154351544608057,2.489002357655673,0.16551722990527143,0.9862068984774369
464,7646,1.0,electron_positron,77.12,108.39797906875611,43.94197387695313,1.755041778868478,-15.642247200012207,7.966481249786905,0.3950819672131147,0.31818114186448654,1.755041778868478,122.28571428571429,18.819142530644065,0.08247731494325156,0.8552317295704216,2.4668436464027197,-0.5192878559865727,0.8545993930637141
464,7621,0.96016,alpha,3874.2400000000002,350.24490385055543,138.7103271484375,27.93043661308704,-11.051457405090332,3.7370681816014226,0.8508679457446061,0.752488643857825,27.93043661308704,230.03856000000002,31.03297267627436,0.3968740791199115,0.8984646731850398,2.525009572472202,-0.37627139797570913,0.9265094900028847
464,7620,0.9968304278922345,alpha,1146.2400000000002,176.8430582046509,73.91630859375,15.507267906191414,9.78240966796875,3.6942937094316695,0.9105236400610066,0.7750441460919841,15.507267906191414,226.7675647120972,33.78130880144806,0.4605845762059497,0.9397004147687825,2.392476864295194,0.33487306592127547,0.9422632486309148
464,7643,1.0,electron_positron,23.680000000000003,82.87838325500489,34.7177978515625,0.6820709107543313,-62.78388977050781,8.056604227895614,0.18781725888324874,0.1582812195290388,0.6820709107543313,108.5,18.796846240032597,0.043322052173725784,0.8836281506381349,2.387201619450494,-0.8134279911162696,-0.5816656284056589
464,7642,1.0,electron_positron,65.28000000000002,101.41564159393312,43.656835937500006,1.4952984704034933,13.73626708984375,7.802469054999729,0.3264,0.2672438300387692,1.4952984704034933,145.32298136645963,37.03055687758756,0.07975907795829448,0.8969629836159629,2.323018592990151,0.4613233547049112,0.8872320792238109
464,7619,0.9970641373080398,alpha,2744.0,246.7273289680481,90.20577392578126,30.419338813695955,3.4336318969726562,2.2131660892775438,0.9328764142732812,0.7463274931392703,30.419338813695955,238.09281842818427,28.72171579766424,0.5664472291546305,0.8798257423157158,2.7351611568794736,0.11956960280200624,0.9928258206179825
465,7676,0.9644790257104194,alpha,1733.7600000000002,436.0154663085938,101.86013793945312,17.020986178426025,-45.98211669921875,1.4168315231242488,0.3852663016426083,0.23675473310855805,17.020986178426025,223.88599458728012,36.076048172589324,0.11460275379293045,0.6591946974677216,4.280530884100771,-0.9994124181304004,-0.034275625256818654
465,7701,0.9829879369007114,v_track,1982.0800000000004,245.82337474822998,91.0271484375,21.774602786342502,50.599342346191406,2.818181697932266,0.8374797187669011,0.6741372008851726,21.774602786342502,190.6155273739561,46.19789296182814,0.4121778886956421,0.8658931784362804,2.700550099259831,0.9809596140216097,-0.19421183192219407
465,7700,0.9130583020797818,v_track,1749.4400000000003,361.6723204612732,117.57076416015626,14.879889677478772,-35.655330657958984,4.104589196289487,0.6121374986003807,0.5194814786519598,14.879889677478772,185.6982611660416,47.310581862825266,0.1680654223023452,0.7344784895547258,3.07620966015496,-0.9472699194307932,0.3204367328219077
465,7661,0.9984681372549019,alpha,2003.8400000000001,238.3724081039429,88.4650146484375,22.65121424512637,10.750968933105469,2.7027356930100006,0.8567519496511151,0.6920277521414608,22.65121424512637,206.05882352941177,40.73428628327828,0.44316039204117635,0.8681881323464071,2.694538728685477,0.3665326952333441,0.9304051715919148
465,7660,0.9960166576136158,alpha,3656.96,496.72126617431644,132.00725097656252,27.702720668346338,-13.172553062438965,2.796699238041507,0.7475143903715332,0.5869085009473956,27.702720668346338,209.13073968943064,35.94335312171346,0.18625355305179656,0.6155118198806161,3.762833196659082,-0.44377681274536546,0.8961373446462126
465,7686,1.0,electron_positron,33.28,54.62741661071777,21.740782165527346,1.5307636931650734,-70.34617614746094,4.809523492059608,0.4126984126984127,0.33863749183518704,1.5307636931650734,102.66265060240964,11.846688427963592,0.14014314394462746,0.8614872841426401,2.512670252376485,-0.6334841573451588,-0.7737556606530863
465,7659,0.9901023890784983,alpha,1797.7600000000002,220.49789142608643,84.25148925781251,21.33802044138106,11.309928894042969,2.7680413296250355,0.8521158804792962,0.7010501890760307,21.33802044138106,220.85972696245733,39.59880435581473,0.46465722635270884,0.8893337583517638,2.6171393926504396,0.3846152692632769,0.9230769711402929
465,7658,0.9954826438421303,alpha,2607.3600000000006,234.12144145965578,81.030615234375,32.17746764551159,-3.1798300743103027,1.8314943971075865,0.9020259050149452,0.727291179209318,32.17746764551159,231.71136471707086,27.379970173582173,0.5977622486864913,0.8888405523168272,2.8892961108894086,-0.11076922918888402,0.9938461540222916
466,7744,0.6684210526315789,electron_positron,94.08000000000001,74.49015827178955,31.280242919921875,3.00764927692048,-75.0685806274414,4.335714119535631,0.570873786407767,0.4168863863985563,3.00764927692048,125.72631578947369,23.646271367479628,0.21306365786025186,0.9031282258854999,2.3813804279744897,-0.4979253776321421,-0.867219878871494
466,7747,0.856071076011846,v_track,3033.92,595.4721451759339,170.76162109375002,17.76698991592698,35.94927978515625,2.6619142605009833,0.41307947019867547,0.2769603820838534,17.76698991592698,223.56110562685092,38.37682784778009,0.10752045336440028,0.6498251045007165,3.4871544399839887,0.9505079208471888,0.3107003257268236
466,7745,0.9502762430939227,v_track,984.6400000000002,158.111687374115,57.87642822265625,17.01279830558987,3.3664627075195312,2.392232922513137,0.8334236186348862,0.7031977863965001,17.01279830558987,223.14732965009208,37.52737196969023,0.49494779247002485,0.897684713674092,2.7318839850628645,0.11724145017045244,0.9931034399104302
466,7714,0.995429252782194,alpha,3064.9600000000005,439.55659122467046,150.28221435546877,20.394695494373828,-52.04576873779297,3.743557394222188,0.657423296039536,0.5080355878991928,20.394695494373828,192.51629570747218,43.26618966898036,0.19934487810329607,0.7464401412042371,2.9248743313361687,-0.9699079863784404,-0.24347176008588559
466,7713,0.6892402887590238,alpha,1700.48,452.6311079025269,110.56367187500001,15.380097017061013,-74.35774993896484,3.2797076738334496,0.5715207571520757,0.4562278129491432,15.380097017061013,155.3733241663802,33.06267977753701,0.10430199030160604,0.553907591609199,4.093850179055722,-0.5192879413341647,-0.8545993412031893
466,7712,0.719762062128222,alpha,849.6,315.41362066268925,92.22314453125,9.212437987430707,88.92917549610138,2.8387022352997207,0.387308533916849,0.2835662180074348,9.212437987430707,145.18307997356246,34.05780521018901,0.107315753750111,0.6953568755015499,3.4201134895786454,0.03737012307870403,-0.9993014929945229
466,7709,0.8052930056710775,alpha,615.6800000000001,159.95289993286133,69.60000000000001,8.845977011494254,0.0,4.578947368421052,0.7983402489626557,0.5819721718088324,8.845977011494254,194.9007561436673,47.65136641845059,0.30239922486778686,0.9347783627139193,2.2981738496100768,0.0,1.0
466,7710,0.7227896119054567,alpha,2050.5600000000004,390.32530803680424,136.59379882812502,15.012101702949233,-12.613627433776855,3.9191733136845164,0.5464779123315708,0.4307298638831197,15.012101702949233,216.1733294426612,42.19256037790754,0.16913322234791112,0.783089426991734,2.8575624324494244,-0.4262096580018989,0.904624412353494
466,7708,0.9502099580083984,alpha,981.7600000000001,228.43128318786623,65.71329345703126,14.940051675266517,15.945396423339844,1.611859816484094,0.5554952018830346,0.3664596261227461,14.940051675266517,207.91661667666466,47.03071409427235,0.23643079300342637,0.7892190712957503,3.476180711247312,0.5283019022756733,0.8490565941395809
466,7707,0.7478260869565218,alpha,697.2800000000001,313.99393720626836,96.70621948242189,7.210291165675682,85.06078481674194,3.642697670761508,0.3366290746176425,0.2715948464875438,7.210291165675682,150.0909090909091,29.304541668735617,0.08887396324905841,0.6939268042353993,3.2468846252783408,0.17155823274206936,-0.9851739809690561
466,7703,1.0,alpha,2717.4400000000005,308.67820796966555,126.878466796875,21.417661078380327,-34.2868766784668,4.156496602913879,0.9050410316529894,0.7016354923106719,21.417661078380327,227.92952639927486,33.92081354225937,0.3583916537734728,0.8898157643209252,2.4328652115874103,-0.9308885716489846,0.365303253713012
466,7702,0.9324746291959407,alpha,1479.3600000000001,437.970387172699,173.64039306640626,8.519676636727263,4.9697418212890625,8.478849921400904,0.5740004966476285,0.4160152963605079,8.519676636727263,211.70765027322403,36.494275908751575,0.09691572330656456,0.8244564029029591,2.5222840114465965,0.17260791751134524,0.9849906125503921
467,7784,0.6161879895561357,electron_positron,170.88000000000002,203.21950817108154,65.42662963867188,2.611780569222498,13.781600952148438,3.8876309711426016,0.2,0.1551912285076091,2.611780569222498,155.7911227154047,35.589452254767046,0.051996044582807446,0.7127032560848541,3.106067197613433,0.4627267771952867,0.8865009473579052
467,7757,0.895722870272181,alpha,1714.88,271.73119554519656,74.58327636718751,22.99282203100496,13.799484252929688,1.5856273003955723,0.6661280298321939,0.48882334085202167,22.99282203100496,159.23294450335808,35.86619161275991,0.2918532946098,0.7441000730162877,3.6433260749690417,0.4632800807492468,0.8862119197917456
467,7778,1.0,electron_positron,41.28,43.896045780181886,18.72815399169922,2.2041681213373363,-37.40536117553711,4.14049577088575,0.6142857142857143,0.4873063724680742,2.2041681213373363,136.37078651685394,18.008351385013235,0.26921468902802353,0.9294364625588573,2.3438533130194092,-0.9650655437432218,0.26200858054575155
467,7756,0.9791031780583369,alpha,4193.6,604.6173119544983,230.8502197265625,18.16589130808381,-68.65799713134766,6.062070893813466,0.634194734804491,0.47703190878203333,18.16589130808381,225.58801335074736,35.55705785984876,0.14415699189155534,0.7968863467713293,2.6190891768292683,-0.677954490167618,-0.7351038765110446
467,7776,1.0,electron_positron,46.720000000000006,56.50193328857422,23.313104248046876,2.0040231237722925,87.6140558719635,4.605263062708961,0.4620253164556962,0.39587407882398834,2.0040231237722925,117.04716981132076,23.12043206305809,0.18390184318990294,0.910234656752592,2.4236126037701666,0.08318891154231312,-0.9965337952103808
467,7755,0.918820531488897,alpha,1607.6800000000003,419.4664329528809,74.94392700195313,21.451771535245307,-74.05460357666016,1.1559322614696652,0.45253107548189514,0.33087130305595625,21.451771535245307,215.79577721150346,41.242772721889786,0.11481934028726039,0.5617517116943276,5.597070366247943,-0.5283019022756734,-0.8490565941395808
467,7754,0.9906048150322959,alpha,1034.88,154.55676651000977,58.21073608398438,17.778163782483563,7.305755615234375,2.1511278750036933,0.8804791723386878,0.6569768096336336,17.778163782483563,174.43922489724017,36.375120873227395,0.5444071386870524,0.9191535357437528,2.6551247571757344,0.2522637745129753,0.9676585079812334
467,7753,0.9758569299552906,alpha,2051.84,283.1919162750244,103.7537109375,19.776063732660166,-52.8957633972168,2.842671287001721,0.7329675354366713,0.5418297623746055,19.776063732660166,208.49538002980626,45.688117459756754,0.3215079020667623,0.8591270298754294,2.729463011165122,-0.9622582492628879,-0.2721379461330629
467,7786,0.9926289926289926,v_track,2600.9600000000005,548.6506160736084,161.60000000000002,16.095049504950495,0.0,1.9803921568627452,0.35508955875928355,0.1972432537371384,16.095049504950495,224.31759853345557,28.49224333811332,0.10858048942020097,0.7260626862931983,3.3951151984752994,0.0,1.0
468,7795,0.8342835423793235,alpha,1552.6400000000003,368.152724647522,105.61044921875,14.701575568379889,-70.52970123291016,2.611037656840628,0.4905469618845415,0.3634713014468739,14.701575568379889,169.72748004561004,35.11832419814495,0.1439542849313713,0.6733957915420034,3.485949802987491,-0.6285143324293124,-0.7777980032958016
468,7811,0.5718390804597702,electron_positron,158.72000000000003,177.61950817108155,56.28489990234375,2.8199392781258332,-73.7798080444336,3.8454195803393887,0.29073856975381007,0.19266001599518973,2.8199392781258332,138.23850574712642,37.757438333278806,0.0632208298967748,0.68606199312361,3.1557222004348864,-0.5364217713546052,-0.8439500478208337
468,7794,0.9998020194020986,alpha,3143.3600000000006,263.0213538169861,103.84385986328125,30.2700612644646,-37.11686325073242,2.6888392119863043,0.960027365129007,0.7837856545806208,30.2700612644646,225.8315185111859,35.436742859031895,0.5709814100143276,0.919435553411404,2.532854173210383,-0.9623781014530762,0.2717138013490896
468,7792,0.5360655737704918,alpha,1416.96,417.65852451324463,162.27823486328126,8.731670030757872,32.68693542480469,6.506636666782502,0.43284457478005867,0.3501011976882819,8.731670030757872,202.7532786885246,38.38456974056408,0.10207626125399082,0.8155424852437239,2.573718680543452,0.909046173936001,0.4166953967256152
468,7791,0.9934441582767501,alpha,2602.2400000000002,354.89789142608646,145.86697998046876,17.83981542874497,-80.66500091552734,5.456715086125507,0.7668804224820822,0.6673668708076479,17.83981542874497,228.0901428236947,33.12201991123075,0.2596273103306709,0.8975661988495253,2.4330241941912174,-0.32011695824149766,-0.9473780306964117
468,7821,0.9913894324853229,v_track,1558.7200000000003,207.8253956794739,71.84204711914063,21.696486424100183,-45.0,1.924242343741558,0.8631933368775474,0.5811262284666204,21.696486424100183,203.15107632093935,28.106504770026437,0.45350360097196457,0.8366881375160421,2.8928100466683904,-1.0,6.123233995736766e-17
468,7822,0.8003300330033003,v_track,2187.52,388.952724647522,113.12001953125001,19.338044751624945,53.130104064941406,2.0199999084472857,0.5090854929997021,0.3453221524333328,19.338044751624945,211.55198019801978,33.25478854879944,0.18170557828808537,0.7316322994232681,3.438407509645733,0.9599999832790488,-0.2800000573289694
469,7848,1.0,electron_positron,104.64000000000001,65.47249574661255,26.735583496093753,3.913885029488458,-38.290164947509766,4.4207654540369425,0.7218543046357616,0.6471662655861963,3.913885029488458,131.80402010050253,23.571697190951372,0.3067536950387311,0.9092773689692881,2.448889726165076,-0.9726962599535303,0.23208185166534293
469,7846,0.8135593220338984,electron_positron,272.96000000000004,197.08022890090945,80.1893798828125,3.403942023231748,-49.72013854980469,6.608695542823326,0.400093808630394,0.2805311190812974,3.403942023231748,115.67043314500941,29.305435044792475,0.08831261759135471,0.845329403920986,2.4576849102576848,-0.9864571049269638,-0.16401945049021796
469,7847,0.7142857142857143,electron_positron,89.60000000000001,109.14112491607666,43.221435546875,2.073045442991499,-73.1785888671875,5.088050600287439,0.330188679245283,0.24404002266876723,2.073045442991499,126.5911330049261,22.907509904971125,0.09452376726595613,0.8519534099124809,2.525161960382128,-0.5540139112388188,-0.8325074090684516
469,7844,0.898989898989899,electron_positron,48.96000000000001,39.370562458038336,16.875460815429687,2.9012541071017486,-30.963754653930664,3.2368420725297464,0.7806122448979592,0.5564826619952391,2.9012541071017486,121.8888888888889,13.047612025712265,0.3969246171895356,0.9350535050035297,2.333006659115392,-0.8823529103249141,0.4705882931407813
469,7842,0.5909090909090909,electron_positron,44.480000000000004,72.80975408554077,30.375674438476565,1.4643296263294694,32.61924362182617,5.579208419231213,0.34577114427860695,0.26895864308443035,1.4643296263294694,147.29999999999998,18.589610979351946,0.10543760056102068,0.8912098865509209,2.396975719272043,0.9080590318870024,0.41884220729105126
469,7860,0.9417574931880109,v_track,1805.7600000000002,213.74297056198122,88.21243286132812,20.47058381031951,27.89727020263672,3.165671621195093,0.9514415781487102,0.7346259947222649,20.47058381031951,211.86273841961852,45.17510468127633,0.4966909087775476,0.9229150650053533,2.4230481308455674,0.827027010772948,0.5621621860744122
469,7859,0.9032860343539956,v_track,3297.9200000000005,378.20755786895757,123.00275878906251,26.81175635788466,-18.13808250427246,2.2804373311124286,0.6521133890154391,0.49708259158694607,26.81175635788466,210.31833457804333,40.93117102743881,0.2897274032219499,0.7817709511898909,3.074789229057422,-0.5916778621609903,0.8061744894429494
469,7837,0.5106666666666667,electron_positron,372.1600000000001,302.13119554519653,87.08224487304688,4.273661072272019,-79.5483627319336,2.028647650463971,0.17446744674467446,0.09955821081304451,4.273661072272019,141.5,33.41822855867735,0.051232838557669996,0.709644168311339,3.46949250086122,-0.35679138986514475,-0.9341840847060595
469,7835,0.9131578947368421,electron_positron,394.88000000000005,247.08224983215334,103.1955322265625,3.8265222483959245,12.994613647460938,8.691919202304746,0.3972955569864778,0.32229905201572084,3.8265222483959245,146.06447368421053,35.64717160090047,0.08128153705670241,0.8677925953654787,2.3943115026500577,0.4382021485283518,0.8988764525924218
469,7823,0.999256229081443,alpha,3310.0800000000004,359.14885807037354,141.76617431640625,23.3488701797953,-81.31364440917969,4.446090437773077,0.826396101302229,0.7322705076847025,23.3488701797953,226.0498326515433,34.43493453470379,0.32247746739465166,0.8787725065497639,2.5333889399370646,-0.2985862730303073,-0.9543826473474205
470,7908,0.97953216374269,electron_positron,185.60000000000002,90.21564159393311,27.535083007812503,6.740491755457571,69.67686462402344,1.8592870219330313,0.6029106029106029,0.45514694249561627,6.740491755457571,176.8567251461988,31.37539075184389,0.28656566352950896,0.7914026591140976,3.276388945997959,0.6513871750090584,-0.7587455095311723
470,7882,0.652158142908959,alpha,1630.4,368.39393720626833,122.07435302734376,13.355794723194663,14.215850830078125,3.8331173443202173,0.5375039561135141,0.41937005710929914,13.355794723194663,207.4417845484222,42.253865588927155,0.15096597708632556,0.7349902091229685,3.0177832449683417,0.4761108443441226,0.8793852761434698
470,7895,1.0,electron_positron,28.480000000000004,38.045079135894774,15.218370056152345,1.8714224910365065,-85.91438293457031,4.238095415151552,0.6357142857142857,0.5211640306950569,1.8714224910365065,131.47761194029852,18.671838647446368,0.24725943094243202,0.8830679053128533,2.499944408994987,-0.14213198955852407,-0.9898477143198017
470,7911,0.5188621843626408,v_track,4043.2000000000003,474.0800536155701,127.23013916015626,31.77863379454811,72.6994743347168,1.8041548887407932,0.5372480653116761,0.4506288989102364,31.77863379454811,193.12199574079708,45.09964655933891,0.22606416360789963,0.7215400956649372,3.72616155845591,0.5678588488348235,-0.8231259489288313
470,7864,0.9991467576791809,alpha,2871.6800000000003,350.48611640930176,133.1380859375,21.56918495394379,-83.92754364013672,3.9310341720476574,0.7952853598014888,0.6368516005027475,21.56918495394379,212.94368600682594,36.31268598169463,0.29376785293161317,0.8465125194915759,2.6325007899980855,-0.2103849580978747,-0.9776186216547614
470,7883,1.0,electron_positron,80.96000000000001,157.676362323761,63.447265625,1.2760203170694169,-66.80140686035156,5.490908910835522,0.15104477611940298,0.11043046946758989,1.2760203170694169,142.78403755868544,21.03474274806961,0.04092108870062497,0.8500904728959745,2.485156149292462,-0.724137994251515,-0.6896551060359031
470,7909,0.9802114060963618,v_track,4970.880000000001,669.6544826507569,250.28508300781252,19.860872011476758,-52.78928756713867,3.138679860640918,0.3918077029787878,0.24906366071861805,19.860872011476758,236.77015732546707,25.463742597941554,0.13929694202171103,0.8372451986343604,2.675566895969801,-0.9632630578421179,-0.26855964215915357
471,7922,0.9981203007518797,alpha,1922.88,335.1821621894837,72.8,26.413186813186815,-90.0,1.421875,0.6880796976983854,0.515882554945055,26.413186813186815,202.64160401002505,43.22348954625219,0.21508011003968275,0.6062236935820154,4.604150579525874,-1.2246467991473532e-16,-1.0
471,7952,1.0,v_track,6277.760000000001,892.4151157379151,235.36000976562502,26.673010450039865,53.13010025024414,2.071831071880502,0.32510274426620706,0.23479762720105513,26.673010450039865,212.65355859792214,41.82879988202597,0.09905598867620083,0.6844742933792791,3.791702407841482,0.9600000205633031,-0.2799999294972369
471,7938,0.8050847457627118,electron_positron,200.64000000000001,265.3311955451965,78.57627563476564,2.553442478396469,-34.695152282714844,3.0998004466609412,0.13219481340923467,0.10073221301359792,2.553442478396469,109.9607843137255,26.654952252051437,0.0358138289769086,0.6892511375525189,3.376734178373329,-0.9359999846592973,0.35200004079232017
471,7937,0.570902394106814,electron_positron,882.8800000000001,441.00957880020144,71.16102905273438,12.406790791990034,20.556045532226562,1.0312077029002626,0.2569379772769603,0.1797891121486046,12.406790791990034,119.00061387354204,26.91200447551606,0.05704472591308712,0.5366564096925597,6.197346843781421,0.6575342547976939,0.7534246503583761
471,7924,1.0,electron_positron,42.24000000000001,39.17644996643067,15.714045715332032,2.6880410535389285,-74.05460357666016,3.108695601316516,0.6633165829145728,0.531772756085438,2.6880410535389285,161.97752808988764,17.249639324084644,0.3458466833488402,0.9207073266828573,2.4930848920852133,-0.5283019022756734,-0.8490565941395808
471,7912,1.0,alpha,480.32,104.42152910232545,31.200000000000003,15.394871794871797,-90.0,1.5,0.8567351598173516,0.7401380670611439,15.394871794871797,233.807881773399,26.968007627828225,0.5535545661439086,0.8829531899816824,3.34684388148479,-1.2246467991473532e-16,-1.0
472,7987,0.8531746031746031,electron_positron,132.8,80.53523740768433,31.555740356445312,4.208426058141127,-30.963756561279297,3.4848488039961807,0.5911680911680912,0.46475628046622475,4.208426058141127,109.10714285714285,36.74764365315086,0.2572977879667458,0.879114333639381,2.552158070068379,-0.882352941656223,0.47058823439458186
472,8001,0.7139175257731959,v_track,1568.0,470.3919162750244,205.35795898437502,7.6354479161886495,16.699241638183594,14.179894474237136,0.5766062602965404,0.5272249794970292,7.6354479161886495,205.100147275405,44.15166974269669,0.08905047141694948,0.8982627729059244,2.2905950107870665,0.5504586399487263,0.834862435198637
472,8000,0.8020889126941617,v_track,2230.4,448.49384956359864,187.51090087890626,11.89477512798247,-63.8481330871582,8.72140011213388,0.6218772305496074,0.5532429989336345,11.89477512798247,220.33208355650777,35.93236749573283,0.1393412290958639,0.87054993566865,2.3918281415182046,-0.7912633830074876,-0.6114754767867195
472,7953,0.9919183326244151,alpha,2858.2400000000002,432.99578285217285,182.95119628906252,15.622964254816825,27.47443389892578,8.512549665575834,0.8261191268960414,0.7269220526577933,15.622964254816825,221.02977456401533,35.92497686117225,0.19157605399095623,0.8824807194138041,2.366728349608824,0.8186398440486926,0.5743072398428669
473,8034,1.0,electron_positron,53.760000000000005,54.352899932861334,23.073851013183596,2.329910164076357,-34.38034439086914,5.1472860696784135,0.6640316205533597,0.5197534700341161,2.329910164076357,155.21052631578945,19.898635095663348,0.22867763048092363,0.9076658768219893,2.3556059151897086,-0.9320754674875004,0.36226416177695187
473,8036,0.9730375426621161,v_track,1767.3600000000004,297.4920039176941,131.9501708984375,13.394147108459173,16.699241638183594,7.057377981027681,0.8510015408320493,0.7163883019950276,13.394147108459173,220.88668941979523,37.47075483466593,0.25094831926537403,0.932420323726764,2.2545783904037133,0.5504586399487263,0.834862435198637
473,8035,0.9817676679979163,v_track,3490.8800000000006,546.2408619880676,198.97589111328125,17.544236040197287,-53.61564636230469,3.8771463910659705,0.4126569829021032,0.3418583581492006,17.544236040197287,223.43010939399198,34.76991976618822,0.14701999869549956,0.8236709258342616,2.745261543656467,-0.955116715427569,-0.2962297417729222
473,8004,0.9998415716096325,alpha,3884.4800000000005,445.7153786659241,188.9798583984375,20.554994764627878,28.886581420898438,6.552763597888256,0.8350990643918547,0.7127321535211335,20.554994764627878,229.9456590621039,31.075132697343854,0.24571265003611842,0.8974197291807354,2.3585337741453682,0.845943475783325,0.533272571748845
474,8074,0.9109730848861284,electron_positron,249.60000000000002,161.78031654357912,62.56881103515625,3.989207975516019,86.87786912918091,4.7392736405464975,0.38461538461538464,0.30216249745257306,3.989207975516019,151.06625258799173,31.564317980922596,0.11984035403691802,0.8379912630116073,2.5856383374885894,0.10876731807105511,-0.9940672364179547
474,8047,0.9806451612903225,alpha,838.7200000000001,147.18620405197143,53.17626953125,15.772449015196731,-30.465545654296875,1.968468222683815,0.7956891317547056,0.5838612778594733,15.772449015196731,218.24587813620073,44.527247216271704,0.4865109880191413,0.888793737208596,2.7678926210774297,-0.8740360021798785,0.4858611600996887
474,8065,0.7507082152974505,electron_positron,181.44000000000003,123.84894571304322,41.47975158691406,4.374182415722092,51.34019088745117,3.0181819231529765,0.4305239179954442,0.3182776605603153,4.374182415722092,152.9830028328612,31.890832645872045,0.14864772722900788,0.7536145397834156,2.9857687419737298,0.9756097626754329,-0.21951216588696287
474,8046,0.8932186234817814,alpha,2353.28,490.75659122467044,117.84598388671876,19.969114961627596,65.40021133422852,2.586956719803118,0.5618029029793735,0.43836229657314174,19.969114961627596,220.584008097166,43.745416501695516,0.12278665984754944,0.565270177754114,4.164389612941054,0.7569902353759701,-0.6534261882917101
474,8037,1.0,alpha,1246.7200000000003,153.73321647644045,57.381445312500006,21.726883894442686,-29.47589111328125,2.1125975528914758,0.9530332681017613,0.7999129596228194,21.726883894442686,224.3047759724274,38.69922361312336,0.6628928931399584,0.9285512957598915,2.67914507275318,-0.8567335623431039,0.5157592492189499
474,8056,0.8803418803418803,electron_positron,39.36000000000001,92.83330411911011,39.84754943847656,0.9877646318193464,80.75388717651367,8.41085248223227,0.24748490945674045,0.20849318772353143,0.9877646318193464,125.14529914529916,28.54004981975204,0.057392790025715984,0.9084150053511881,2.329711749588064,0.3171759772898057,-0.9483667009286316
475,8090,1.0,alpha,3496.6400000000003,424.96247873306277,169.46889648437502,20.63293071789365,-59.60127258300781,5.349985226056746,0.7517198679141442,0.6513636236556305,20.63293071789365,223.88732888732886,37.60119764160623,0.24330980595599344,0.8632910415120028,2.5076134178536074,-0.8729004049375484,-0.4878984351889889
475,8108,0.9227373068432672,electron_positron,169.60000000000002,337.63901634216313,139.91663818359376,1.2121503360983903,72.01266670227051,5.1005044893185945,0.07338687344225976,0.044187584202004034,1.2121503360983903,135.95364238410596,39.89672170552147,0.018695214794147836,0.8662557836106695,2.4131441458672334,0.5874274869168209,-0.8092768053111298
475,8089,0.9983015663332704,alpha,3256.0,374.24490385055543,152.5009765625,21.350682949007755,-15.385189056396484,5.215828205426614,0.8210279996772372,0.7302346308904851,21.350682949007755,231.55010379316852,31.819650798043014,0.29213424524010806,0.9033287255197614,2.4540492283154487,-0.5115987146538348,0.8592245080097193
475,8088,0.9979716024340771,alpha,1209.6000000000001,148.15676651000976,45.85261840820313,26.38017286671682,-38.65980911254883,1.2482994033746404,0.9319526627218935,0.7181782675370872,26.38017286671682,221.079107505071,34.19839547637917,0.69248227265539,0.9084826068331525,3.2311517128867875,-0.9756097626754329,0.21951216588696298
475,8086,0.995096190116937,alpha,1592.3200000000002,294.3253080368042,95.35303955078126,16.69920547369645,-42.336997985839844,2.9340879037045706,0.6537046768260641,0.5138476656085627,16.69920547369645,195.3394945303659,39.20575315811552,0.2309856496997192,0.7451706490253165,3.0866903606157012,-0.9956826726964554,0.09282249345952322
475,8111,0.9820033955857386,v_track,3535.0400000000004,644.1153786659241,168.03662109375,21.037318990291716,16.731491088867188,1.8590298244318035,0.37746873505091233,0.23274095357593738,21.037318990291716,225.08098471986418,30.701880981537933,0.10707223291593038,0.6442655434941236,3.8331845431869462,0.5513981108000331,0.8342422450380671
476,8156,0.9893907244619582,v_track,2005.4400000000003,293.35474557876586,123.58454589843751,16.227271665893262,-28.024499893188477,4.534058014988209,0.8587284187448616,0.5953445928312031,16.227271665893262,234.77114277053653,28.130817543449673,0.29284195715779254,0.8949236650219861,2.3737170650758106,-0.8295154953497355,0.558483699828995
476,8124,0.6174430128840436,alpha,2355.84,639.3015827178956,127.4821533203125,18.47976315618627,-22.916900634765625,1.6902302898627661,0.3134900357690342,0.24501512268618947,18.47976315618627,142.66228939544104,45.62287968502977,0.07243427143506082,0.5359700189727344,5.014832006418829,-0.7173217708545434,0.6967420448473753
476,8155,0.9666944213155704,v_track,3685.4400000000005,455.42908697128297,181.7406982421875,20.27856190520841,33.048126220703125,6.318820533644206,0.7662164859290799,0.7050517280870756,20.27856190520841,229.070607826811,32.66685997454321,0.22328403950806192,0.8536684195798893,2.5059279037454703,0.9142274540871139,0.4052013847377549
476,8145,0.9915966386554622,electron_positron,50.88,71.20975408554078,30.410382080078126,1.6731128160777549,35.53767776489258,5.736842139351039,0.42513368983957217,0.31562852718812306,1.6731128160777549,113.54621848739495,15.950947865283808,0.12608923060892188,0.8950146701825448,2.3416264188337954,0.9459459456393513,0.3243243252185586
476,8143,0.7475728155339806,electron_positron,146.88000000000002,139.8489457130432,47.39759216308594,3.098891595476293,-62.44718933105469,2.9276190456442994,0.2583005064715813,0.19141001981887942,3.098891595476293,115.31067961165049,14.828924630161037,0.09437438499900262,0.7912305212402155,2.9505495813342177,-0.8202080056469737,-0.5720654048905719
476,8120,0.8025682182985554,alpha,1883.8400000000001,299.641037273407,105.50589599609376,17.855305452026563,-20.376434326171875,3.1543886358632642,0.7164415236704393,0.5338334135357256,17.855305452026563,184.36243980738362,54.23304982725755,0.26366427814229704,0.7936503908444046,2.840040686299663,-0.6527976809752395,0.7575323014323213
476,8154,0.9830878969167051,v_track,5325.120000000001,671.3348868370057,144.868798828125,36.75822567092463,-18.145578384399414,1.2503859631525696,0.5085413929040736,0.3172661731243366,36.75822567092463,231.6537045559135,29.317806603177495,0.14847756273845183,0.641913125263898,4.634088860179546,-0.5918887819556518,0.8060196460354145
477,8190,0.9967637540453075,electron_positron,145.6,137.747012424469,57.639660644531254,2.5260384667759883,-88.69804382324219,8.857541914178418,0.42924528301886794,0.3881787530686678,2.5260384667759883,102.4401294498382,14.591097875076754,0.09642882224716824,0.8831276221986833,2.389795687278013,-0.04543120118074834,-0.9989674699204546
477,8189,1.0,electron_positron,75.2,132.89991235733032,54.404028320312506,1.382250585512673,-36.501441955566406,10.6015043283728,0.31208499335989376,0.26935386988130783,1.382250585512673,101.41884816753927,14.466515254018491,0.053503022326786706,0.8455168470966681,2.4428322030651963,-0.9563194709143515,0.2923235699530485
477,8184,1.0,electron_positron,111.04000000000002,245.19393720626832,102.05401611328125,1.088051251963903,-55.341644287109375,13.988861972710035,0.17229394240317775,0.14914257530112612,1.088051251963903,93.50980392156863,20.877989049689074,0.02320971792445051,0.8482813674868321,2.402589790627151,-0.9355470888353214,-0.353201988346265
477,8181,0.9683544303797469,electron_positron,81.92000000000002,53.69015827178956,21.84760894775391,3.749609405583121,39.0938606262207,2.978836250178531,0.7272727272727273,0.5112446148259019,3.749609405583121,94.18987341772151,12.883190843618358,0.3571169298044472,0.9170188504425559,2.45748440482359,0.978823541845015,0.20470582290198844
477,8166,0.9945435466946485,alpha,2910.0800000000004,380.3370830535889,154.999462890625,18.774774736177577,81.96428966522217,5.568129086181848,0.7745507197001958,0.6744563325925275,18.774774736177577,223.61636935991604,36.866899144161316,0.252800221076572,0.8812389244712663,2.4537961355515976,0.27683537890118404,-0.9609173601244999
477,8178,0.9944649446494465,electron_positron,270.40000000000003,221.74297056198122,94.97844848632813,2.846961645608723,57.82134246826172,11.821968531513688,0.41646131099063577,0.3543613474551285,2.846961645608723,90.75092250922509,13.43601582647174,0.06910617074233924,0.8768546619782044,2.3346661700196174,0.9015103754485863,-0.432757487466767
477,8172,0.5839598997493735,electron_positron,438.72,205.90377893447877,68.05064086914062,6.446963531815162,-59.03623962402344,2.569948197277234,0.38948863636363634,0.24347106941080707,6.446963531815162,112.22431077694235,14.565849456507314,0.1300375153047337,0.7536040354910234,3.025743421438538,-0.882353004318829,-0.47058811690217645
477,8163,0.9442277691107644,alpha,1574.0800000000002,188.46458730697634,60.988677978515625,25.809380563298955,2.5448074340820312,1.5876096543666083,0.8547350130321459,0.6718496467483617,25.809380563298955,186.56513260530423,43.463426817178565,0.556899911996205,0.8572439074948491,3.090156952957177,0.0887137582390792,0.9960571615620754
477,8195,0.976592977893368,v_track,918.7200000000001,176.64894571304322,70.24729614257812,13.078368142957572,17.715797424316406,3.2502446476681746,0.7891698735568994,0.6051178962191689,13.078368142957572,233.20871261378414,25.80216323491916,0.3699737701946537,0.9134649396880211,2.5146725271034764,0.579730573537312,0.8148082364005038
477,8194,0.9569873898773537,v_track,3524.8,515.4055369377137,167.48272705078125,21.04575237141482,50.24713897705078,3.0735233090109357,0.5499251123315028,0.3862166063823588,21.04575237141482,233.19347037484886,27.442709724289163,0.16674245221541262,0.7280676997013082,3.077365326046077,0.9832731022565941,-0.18213732835059748
478,8229,1.0,electron_positron,122.24000000000001,140.15676651000976,57.015679931640626,2.143971625815224,-54.833560943603516,8.467988670609623,0.36837029893924783,0.3184234136868847,2.143971625815224,122.71641791044776,18.37243715107298,0.07819789566296552,0.8509342946947861,2.458214418876558,-0.9416638256137271,-0.33655495766742205
478,8232,0.9703410776075136,v_track,3623.36,697.1232871055604,230.62124023437502,15.71130220407133,39.114013671875,1.984971054660195,0.23159681741015728,0.13522813455693164,15.71130220407133,221.43697478991595,36.95922577948143,0.09369192646121004,0.8047576204219721,3.0228060797743095,0.978967304859627,0.20401719539263888
478,8220,1.0,electron_positron,104.0,108.00975408554078,46.13703918457031,2.2541541858364615,-6.981057167053223,7.908333399810716,0.4380053908355795,0.3863837634846624,2.2541541858364615,120.8711111111111,16.762824241255146,0.11202559229060728,0.8980922142897841,2.3410638392604666,-0.2412802544954728,0.9704554800662418
478,8219,0.9987654320987654,electron_positron,408.64000000000004,308.9194205284119,106.5207275390625,3.8362486761099763,-12.26477336883545,4.043871355518485,0.19174174174174174,0.14563640797776112,3.8362486761099763,122.49876543209876,26.44753713860831,0.05380966850409204,0.7520951647688221,2.900087407074151,-0.4151624434713721,0.9097472976221912
479,8278,1.0,electron_positron,112.32000000000001,156.19007062911987,65.75759887695312,1.7080915653592421,-53.972625732421875,12.02150458147451,0.3895671476137625,0.3122655165217847,1.7080915653592421,118.14671814671814,16.83217464052266,0.057857560242311465,0.8611463517292226,2.375239870321082,-0.9513513608423659,-0.3081080788025175
479,8279,0.7057471264367816,electron_positron,207.04000000000002,194.3626540184021,81.11363525390625,2.5524685134862013,-78.69007110595703,8.913792554142287,0.35608145294441385,0.28049753606746697,2.5524685134862013,122.13103448275862,18.140925411673823,0.06887133185419754,0.863339687907217,2.39617733085193,-0.38461526926327705,-0.9230769711402927
479,8275,1.0,electron_positron,56.32000000000001,65.164674949646,26.593005371093753,2.11785013442742,15.945396423339844,5.260869660369925,0.49299719887955185,0.41897233358703045,2.11785013442742,104.67460317460316,20.8352682397014,0.16666639572217656,0.8878709923186401,2.45044416907008,0.5283019022756733,0.8490565941395809
479,8283,0.9583003729234941,v_track,5359.040000000001,858.9426199913025,232.462841796875,23.053318795279573,38.99099349975586,1.881831343512339,0.3002922770714913,0.1866210425098675,23.053318795279573,205.78867668663128,39.747202105247375,0.09127851321277738,0.6711241331611797,3.6949673907103087,0.9780821878359979,0.20821919661248267
479,8273,0.9031055900621118,electron_positron,412.8,292.17627468109134,97.46511230468751,4.235361661612191,19.983108520507812,2.6854991109542246,0.16807817589576549,0.11669878285547432,4.235361661612191,146.31428571428572,26.071842590093066,0.060765861271804805,0.7753939589299753,2.9977524036263725,0.6423358198925554,0.7664233128519504
479,8236,1.0,alpha,1626.5600000000002,187.68813734054567,59.954949951171876,27.129703240928276,80.75388717651367,1.6812564402326302,0.8771354616048318,0.7607710177818134,27.129703240928276,208.46714501510573,38.34056494823692,0.5802381816302559,0.8724380688771198,3.1304860982020903,0.3171759772898057,-0.9483667009286316
479,8270,0.6213389121338913,electron_positron,222.72000000000003,238.21159973144532,68.17667236328126,3.2668065524411407,-69.95475006103516,2.197381531441944,0.183206106870229,0.10529144553839886,3.2668065524411407,119.51046025104601,22.437707712759632,0.049322294342820816,0.7213678274260418,3.4940338311340327,-0.6439967905068518,-0.7650281915177205
479,8235,1.0,alpha,691.2,223.03514976501467,56.79998779296875,12.169016699781112,-90.0,2.028571434799507,0.5694700764566306,0.43460783401488634,12.169016699781112,227.85286783042395,28.46118468640994,0.1746091383541395,0.6439862899973245,3.926676015811118,-1.2246467991473532e-16,-1.0
479,8262,0.8738170347003155,electron_positron,151.68000000000004,141.64305820465088,50.904824829101564,2.9796782625069897,59.53445243835449,2.946009264466103,0.25511302475780406,0.17244258861402667,2.9796782625069897,135.5930599369085,28.495309522257852,0.09500524757005198,0.8165800690866241,2.782507526156451,0.8740360345280399,-0.485861101907221
479,8234,0.9817987152034261,alpha,1718.7200000000003,200.37442903518678,74.49368896484376,23.072021588447925,-83.99099731445312,2.5162656737711475,0.9040565561353308,0.7793322730321058,23.072021588447925,211.9453961456103,45.85246429211437,0.5379357395325296,0.9036717621453297,2.689817510980704,-0.20821906637295975,-0.9780822155620523
479,8258,0.91875,electron_positron,64.32000000000001,104.53523740768433,29.449429321289063,2.184083069939251,-80.90972137451172,3.4776119913964143,0.34183673469387754,0.2579130954071121,2.184083069939251,108.40625,25.763175482410936,0.07396571844028836,0.6262748956110337,3.549652397919832,-0.3120125370327248,-0.9500779845541115
479,8233,0.9985642498205313,alpha,2576.9600000000005,267.91555395126346,101.3349609375,25.43011786020604,78.55066204071045,3.096754843505672,0.8758020663404024,0.7771339715923316,25.43011786020604,220.53816702560422,32.37103431669369,0.4511507528784156,0.8861263065224355,2.643861027553015,0.38910266182814635,-0.921194397810935
480,8292,1.0,alpha,1564.8000000000002,288.13321647644045,97.60000000000001,16.0327868852459,-90.0,3.4857142857142858,0.7668182530970676,0.572599531615925,16.0327868852459,212.8709800918836,43.29529964112641,0.2368547216669288,0.7561494817126404,2.9521845950454964,-1.2246467991473532e-16,-1.0
480,8321,1.0,electron_positron,113.28,65.55289993286134,25.805789184570315,4.3897126799645365,14.036247253417969,3.8000003370371847,0.7065868263473054,0.6464018420074291,4.3897126799645365,96.75233644859813,14.223823938667227,0.33126784826654726,0.9038483044004691,2.540240078069631,0.4705883518869788,0.8823528789936014
480,8323,0.9880169384629246,v_track,8703.04,1023.6955199241638,251.18618164062502,34.647765825158096,-43.2642936706543,1.712216697572071,0.33995400114997126,0.23617733583879577,34.647765825158096,218.0544030482642,42.934770457061,0.10436124183484886,0.6426057328969658,4.0754452065710245,-0.9981651339361141,0.060550519356149725
480,8314,1.0,electron_positron,609.6,1076.268103313446,267.2343017578125,2.2811442842111815,13.618537902832031,1.540571083869503,0.021625364679706213,0.013150500887325566,2.2811442842111815,101.9532949456174,29.869363580398506,0.006613233899103354,0.6771786504524684,4.027432467441399,0.45767336810064396,0.8891204013694728
480,8317,1.0,electron_positron,33.92000000000001,101.69015827178956,44.84804382324219,0.7563317618420002,-9.462322235107422,10.029411451071896,0.20907297830374755,0.16913920399570193,0.7563317618420002,107.71681415929203,23.388776154972543,0.041219988004164196,0.9185846333395803,2.2674379884343883,-0.32432432521855853,0.9459459456393514
480,8285,0.6043986636971047,alpha,2100.4800000000005,557.3604578018188,122.7482177734375,17.112101813787316,35.735477447509766,2.2684034051540216,0.4544132917964694,0.3162339195456524,17.112101813787316,163.46770601336303,41.368887035542215,0.08496813898735753,0.5282235570450872,4.540680654366541,0.9481626812521403,0.3177853518977112
480,8315,0.5694980694980695,electron_positron,571.2,250.86458730697632,98.7939453125,5.781730835763358,-9.039482116699219,4.600334173931307,0.3870338248048569,0.2692259516927022,5.781730835763358,135.48745173745175,25.155018168671692,0.11405631703284347,0.8361575116129137,2.539270868406502,-0.3103274331339297,0.9506297303600947
480,8311,0.5666666666666667,electron_positron,59.2,50.021529102325445,21.266711425781253,2.783693200831837,-52.43141174316406,4.274510032439084,0.7088122605363985,0.5595093795161625,2.783693200831837,103.0,10.715253924507142,0.2973155635378384,0.9132958133381552,2.352104568536405,-0.9665427171559517,-0.2565057034702931
480,8305,1.0,electron_positron,118.4,75.81564159393311,30.69600524902344,3.857179429032277,-66.25050354003906,4.576419657034702,0.6727272727272727,0.5750608789817946,3.857179429032277,99.01754385964912,7.322139530267513,0.25884747761448795,0.8894375707810861,2.46988625975509,-0.7372654619395803,-0.6756031665341847
480,8308,0.8609583660644148,electron_positron,700.48,327.4095788002014,55.79451293945313,12.554639571101628,-49.39870834350586,1.0610561169112862,0.30419677598665923,0.23875425038640793,12.554639571101628,112.1885310290652,24.475178643699937,0.08211506512720106,0.5509520561066014,5.8681322149993225,-0.9882352781630185,-0.1529412795619985
480,8304,1.0,electron_positron,1098.88,729.4896324157716,125.64748535156251,8.745738101525282,32.06739044189453,1.2810625918430263,0.1359784588580027,0.0891688193247312,8.745738101525282,146.64529914529916,31.25721218550149,0.0259490752283772,0.5020847465192186,5.805843470521154,0.8998227697636757,0.43625563952208923
480,8307,1.0,electron_positron,51.84,42.490158271789554,18.66761627197266,2.7770015863156554,45.0,4.124999810339163,0.8140703517587939,0.613636516305632,2.7770015863156554,108.70192307692308,15.12313549073093,0.3608262786452388,0.9384764433288544,2.2761426875687274,1.0,6.123233995736766e-17
480,8303,1.0,electron_positron,72.64000000000001,63.758787441253666,24.0,3.026666666666667,0.0,3.75,0.6102150537634409,0.47291666666666665,3.026666666666667,141.67333333333335,17.790070888622648,0.22454614388107025,0.8264861613040085,2.6566161433855693,0.0,1.0
480,8302,0.9368029739776952,electron_positron,706.5600000000001,462.07029953002933,115.24285888671875,6.131052343074319,-59.26451110839844,2.74137953689051,0.24362793776895067,0.1458445373125462,6.131052343074319,118.18395879323032,25.190839089364708,0.04158558380998607,0.5761090341960396,4.009535202387112,-0.8785753031581373,-0.4776038491057072
480,8300,1.0,electron_positron,47.68000000000001,61.22152910232544,24.653730773925783,1.9339872101802624,57.094757080078125,4.837209016863995,0.43952802359882004,0.3794598252641635,1.9339872101802624,120.51376146788992,21.02362789549069,0.15985924798207152,0.8809834241446058,2.4832561718031902,0.9121951219073656,-0.40975609765860277
481,8364,0.5431654676258992,electron_positron,123.84000000000002,151.82539567947387,46.417614746093754,2.6679526873022206,9.090278625488281,4.035714588949502,0.28063814358230604,0.2319614146842541,2.6679526873022206,157.33453237410072,32.4753303431456,0.0675121539320461,0.6851180688848498,3.270857335301803,0.3120125370327248,0.9500779845541115
481,8360,0.9376947040498442,electron_positron,146.88000000000002,153.747012424469,64.85084838867188,2.2648894139318148,4.513984680175781,7.667494202110243,0.34151785714285715,0.26778410585568446,2.2648894139318148,99.55451713395638,20.855630133274282,0.07808347936091033,0.9007665260829538,2.370778736817967,0.15691659378192188,0.9876118582701806
481,8362,0.7457507082152974,electron_positron,767.3600000000001,383.6036912918091,110.90897216796876,6.918827079542791,63.4349479675293,3.734939754083366,0.3075541875080159,0.23299649979513615,6.918827079542791,115.96317280453259,27.655740878360938,0.06553049762671959,0.6415099865737522,3.4587255096986316,0.8000000179153028,-0.5999999761129288
481,8359,0.9378757515030061,electron_positron,256.0,174.694024848938,50.8003173828125,5.0393385944988935,-79.77783203125,2.487989828778003,0.3463203463203463,0.246806000686989,5.0393385944988935,97.98597194388776,10.923022862932381,0.10541289183226797,0.7108912924776033,3.438837272068757,-0.3492972192732807,-0.9370119810375712
481,8358,1.0,electron_positron,110.08,76.364674949646,33.414111328125,3.2944165092113202,-78.02386474609375,5.895397700182718,0.7181628392484343,0.5812483031832358,3.2944165092113202,101.91705069124424,12.779322820963838,0.23721015096769235,0.9243018198226516,2.2854019429021615,-0.40597548506170156,-0.9138839672129696
481,8365,0.521937463714025,v_track,7359.68,1005.3856781959535,360.2169189453125,20.43124465543867,-28.228775024414062,3.368954621759708,0.27225806451612905,0.19108468395037653,20.43124465543867,226.55096624367587,35.16175601575161,0.09149627361358817,0.793813842130105,2.791056236724376,-0.8334766678620678,0.55255465261777
481,8324,0.9743808710503843,alpha,687.6800000000001,176.3273289680481,70.640869140625,9.734874561509617,-40.03025817871094,4.3223391376945,0.7811704834605598,0.5956527691356108,9.734874561509617,232.3808710503843,24.479555099262736,0.2779438060163679,0.8685409643043198,2.4961092794177366,-0.9849906125503921,0.17260791751134522
482,8404,0.9379310344827586,electron_positron,141.76000000000002,122.91168737411499,44.315234375,3.198899926838083,-59.03623962402344,3.2626263965264477,0.37383966244725736,0.23551303492679432,3.198899926838083,111.44137931034483,16.65341462845254,0.11791721323356116,0.7822814935358959,2.773576380845103,-0.882353004318829,-0.47058811690217645
482,8406,0.5819209039548022,electron_positron,260.8,224.82926225662231,72.77686157226563,3.583556564074037,-47.121097564697266,3.4347825805156726,0.2755240027045301,0.16912982226297057,3.583556564074037,103.07344632768361,13.527549875603857,0.06483533815076804,0.7166171376592035,3.0892959300446394,-0.9972602709565805,-0.07397264340016291
482,8409,0.9686143572621035,v_track,3633.6000000000004,567.6565035820007,195.61619873046877,18.575148804555717,2.6025619506835938,4.842626007440022,0.6328373181742184,0.4598417680989276,18.575148804555717,185.37095158597663,39.03761241291305,0.1417019233723446,0.7303638041334031,2.9018890422472143,0.09072164073073966,0.995876289457241
482,8401,1.0,electron_positron,91.84000000000002,83.8960457801819,34.80802001953125,2.6384723965473285,-83.65980529785156,7.035714329774937,0.5991649269311065,0.5333120941290945,2.6384723965473285,90.11917098445596,14.335769797460854,0.1639678700175393,0.8880835723071713,2.4102504461071526,-0.21951229579725912,-0.9756097334456112
482,8399,0.7542372881355932,electron_positron,56.64,50.57056245803833,21.094789123535158,2.6850232855282523,-5.710593223571777,4.140624854925031,0.6679245283018868,0.5270341451153412,2.6850232855282523,101.82203389830508,10.080717754184487,0.27831559414620444,0.9239242393783715,2.397301161053915,-0.1980198049251876,0.9801980192070328
482,8408,0.991351028929317,v_track,4076.1600000000008,613.1525493621826,180.365478515625,22.59944659890603,-58.05824279785156,4.0708405055454735,0.6520937851950446,0.5100684641810143,22.59944659890603,202.60587533552044,40.06144499346568,0.13624607825402318,0.6509075833507778,3.399500582973617,-0.8979009558055924,-0.4401975392518722
482,8391,0.508274231678487,electron_positron,684.8000000000001,366.5056245803833,92.54614868164063,7.399551572434598,87.29937076568604,1.946717540865279,0.23751387347391786,0.15565031117770686,7.399551572434598,110.76280535855005,23.662214551654095,0.06406374574249202,0.6259317813876927,3.96024718263712,0.09413018023802408,-0.995559897328311
482,8389,1.0,electron_positron,139.52,214.258699798584,82.95899047851563,1.6817948144647723,8.673171997070312,5.950961054745598,0.16711383671904945,0.1206414806306601,1.6817948144647723,125.97041420118343,24.37646698010166,0.03819173615351273,0.8280423477799878,2.582706208968054,0.29814704003510156,0.9545199539655038
482,8368,0.9986357435197817,alpha,433.92,95.67838325500489,32.800000000000004,13.229268292682926,0.0,1.5769230769230769,0.8686739269698911,0.6360225140712945,13.229268292682926,225.1787175989086,31.225483436096425,0.5956510005354522,0.891962869976817,2.917023879725759,0.0,1.0
482,8367,0.9990439770554493,alpha,1267.5200000000002,197.01362066268922,61.6,20.576623376623377,0.0,1.75,0.8485432733504713,0.5845631641086186,20.576623376623377,227.55162523900572,32.491618454997635,0.41036676427823193,0.8283959480738317,3.1982730627059937,0.0,1.0
483,8439,0.9911504424778761,electron_positron,43.2,83.46072072982788,32.609082031250004,1.324784302685997,-51.34019088745117,5.437499960244173,0.2556818181818182,0.22090516336166488,1.324784302685997,90.20353982300885,15.143653883933625,0.07793442747169539,0.8381299551078661,2.55943177578092,-0.9756097626754329,-0.21951216588696287
483,8437,0.8789237668161435,electron_positron,622.4000000000001,600.3858534812928,121.6397705078125,5.116747568674716,1.1534500122070312,1.621234797766426,0.10900633301574847,0.06819685021675882,5.116747568674716,101.71186440677967,25.954004552324996,0.02169794213364838,0.5410951529927462,4.935769370287755,0.04025212336824624,0.9991895548715206
483,8443,0.555152291488756,v_track,8632.640000000001,1022.9385781288147,277.13857421875,31.149182405716342,-78.80103302001953,2.4396224081447433,0.3796689841528978,0.274203053857063,31.149182405716342,219.81796185596357,39.11465802143789,0.10367030573282793,0.6441628916947569,3.691072529374394,-0.3810370377111277,-0.924559774104589
483,8434,1.0,electron_positron,108.80000000000001,66.49015827178955,27.896728515625,3.9000988929243428,64.35899353027344,3.6353383264288204,0.723404255319149,0.5082380528730907,3.9000988929243428,110.38461538461539,21.833860300489725,0.30926019536987065,0.913400100856592,2.383439270828775,0.7802340843129605,-0.6254876287156415
483,8431,0.9791666666666666,electron_positron,46.400000000000006,40.97056245803833,17.336642456054687,2.6764121206061535,50.71059036254883,2.851851819314192,0.7552083333333334,0.4402658008742369,2.6764121206061535,110.35416666666666,14.628011916828974,0.34736334823882015,0.9314132690216047,2.3632351282488195,0.9801980389829769,-0.1980197070342407
483,8428,1.0,electron_positron,57.28000000000001,118.77442903518677,48.36985778808594,1.1842085674708918,56.309932708740234,7.517241518323111,0.23246753246753246,0.1840398590532715,1.1842085674708918,101.21290322580646,15.366485146735002,0.05102311517184806,0.8572692312827038,2.455546376744616,0.9230769199256638,-0.384615392178407
483,8411,0.9326993416239941,alpha,1656.6400000000003,262.01748723983764,80.03134155273438,20.69989041616158,-7.275005340576172,1.862475229122846,0.7057941376959782,0.4817241895196135,20.69989041616158,190.19824433065108,41.91957042513599,0.30323369116620646,0.7463086024970448,3.273935962540234,-0.25122495725058863,0.9679287271563128
483,8425,1.0,electron_positron,80.96000000000001,115.68813734054567,48.64281311035157,1.6643774243963514,44.09061813354492,7.874999706650366,0.36194563662374823,0.26945340721027283,1.6643774243963514,167.5904255319149,20.74124562391785,0.07601559621136908,0.865505288846449,2.3783192201095447,0.999496220092337,0.03173808471112588
483,8410,0.9904901243599122,alpha,824.0,140.51168737411498,52.993359375000004,15.54911803513117,60.945396423339844,2.4014082471629212,0.908289241622575,0.7046124406162675,15.54911803513117,222.11704462326261,38.24853533980471,0.5244597666663626,0.9167909292002746,2.6514961314266556,0.8490565941395809,-0.5283019022756732
